OpenSBI v1.8
   ____                    _____ ____ _____
  / __ \                  / ____|  _ \_   _|
 | |  | |_ __   ___ _ __ | (___ | |_) || |
 | |  | | '_ \ / _ \ '_ \ \___ \|  _ < | |
 | |__| | |_) |  __/ | | |____) | |_) || |_
  \____/| .__/ \___|_| |_|_____/|____/_____|
        | |
        |_|
Platform Name               : Borg SoC (Hutt RV64, ULX3S)
Platform Features           : medeleg
Platform HART Count         : 1
Platform HART Protection    : ---
Platform IPI Device         : ---
Platform Timer Device       : aclint-mtimer @ 37500000Hz
Platform Console Device     : borg-uart
Platform HSM Device         : ---
Platform PMU Device         : ---
Platform Reboot Device      : ---
Platform Shutdown Device    : ---
Platform Suspend Device     : ---
Platform CPPC Device        : ---
Firmware Base               : 0x0
Firmware Size               : 312 KB
Firmware RW Offset          : 0x40000
Firmware RW Size            : 56 KB
Firmware Heap Offset        : 0x45000
Firmware Heap Size          : 36 KB (total), 0 KB (reserved), 12 KB (used), 23 KB (free)
Firmware Scratch Size       : 4096 B (total), 392 B (used), 3704 B (free)
Runtime SBI Version         : 3.0
Standard SBI Extensions     : time,rfnc,ipi,base,hsm,pmu,dbcn,fwft,legacy,dbtr,sse
Experimental SBI Extensions : none
Domain0 Name                : root
Domain0 Boot HART           : 0
Domain0 HARTs               : 0*
Domain0 Region00            : 0x0000000000040000-0x000000000004ffff M: (F,R,W) S/U: ()
Domain0 Region01            : 0x0000000000000000-0x000000000003ffff M: (F,R,X) S/U: ()
Domain0 Region02            : 0x0000000002000000-0x000000000200000f M: (I,R,W) S/U: ()
Domain0 Region03            : 0x0000000000000000-0xffffffffffffffff M: () S/U: (R,W,X)
Domain0 Next Address        : 0x0000000000200000
Domain0 Next Arg1           : 0x000000000001f020
Domain0 Next Mode           : S-mode
Domain0 SysReset            : yes
Domain0 SysSuspend          : yes
Boot HART ID                : 0
Boot HART Domain            : root
Boot HART Priv Version      : v1.12
Boot HART Base ISA          : rv64i
Boot HART ISA Extensions    : smstateen,sscofpmf,zicntr,smcntrpmf,sdtrig,ssstateen
Boot HART PMP Count         : 0
Boot HART PMP Granularity   : 0 bits
Boot HART PMP Address Bits  : 0
Boot HART MHPM Info         : 0 (0x00000000)
Boot HART Debug Triggers    : 1 triggers
Boot HART MIDELEG           : 0x0000000000002222
Boot HART MEDELEG           : 0x000000000004b109
Linux version 7.2.9 (gonsolo@pampelmuse) (clang version 21.1.8, LLD 21.1.8) #1 PREEMPT Tue Oct  6 13:04:41 CEST 2026
random: crng init done
Machine model: Borg SoC on ULX3S
SBI specification v3.0 detected
SBI implementation ID=0x1 Version=0x10008
SBI TIME extension detected
SBI IPI extension detected
SBI RFENCE extension detected
SBI DBCN extension detected
SBI FWFT extension detected
earlycon: sbi0 at I/O port 0x0 (options '')
printk: legacy bootconsole [sbi0] enabled
OF: reserved mem: 0x0000000000000000..0x00000000001fffff (2048 KiB) nomap non-reusable opensbi@0
OF: reserved mem: 0x0000000001000000..0x00000000014fffff (5120 KiB) nomap non-reusable gpu@1000000
riscv: base ISA extensions 
riscv: ELF capabilities 
Ticket spinlock: enabled
Zone ranges:
  DMA32    [mem 0x0000000000000000-0x0000000001ffffff]
  Normal   empty
Movable zone start for each node
Early memory node ranges
  node   0: [mem 0x0000000000000000-0x00000000001fffff]
  node   0: [mem 0x0000000000200000-0x0000000000ffffff]
  node   0: [mem 0x0000000001000000-0x00000000014fffff]
  node   0: [mem 0x0000000001500000-0x0000000001ffffff]
Initmem setup node 0 [mem 0x0000000000000000-0x0000000001ffffff]
Kernel command line: earlycon=sbi console=hvc0
printk: log buffer data + meta data: 131072 + 458752 = 589824 bytes
Dentry cache hash table entries: 2048 (order: 2, 16384 bytes, linear)
Inode-cache hash table entries: 1024 (order: 1, 8192 bytes, linear)
Built 1 zonelists, mobility grouping on.  Total pages: 8192
mem auto-init: stack:all(zero), heap alloc:off, heap free:off
SLUB: HWalign=64, Order=0-3, MinObjects=0, CPUs=1, Nodes=1
NR_IRQS: 64, nr_irqs: 64, preallocated irqs: 0
riscv-intc: 64 local interrupts mapped
clocksource: jiffies: mask: 0xffffffff max_cycles: 0xffffffff, max_idle_ns: 19112604462750000 ns
clocksource: riscv_clocksource: mask: 0xffffffffffffffff max_cycles: 0x8a60dd6a9, max_idle_ns: 440795204056 ns
sched_clock: 64 bits at 38MHz, resolution 26ns, wraps every 2199023255540ns
Console: colour dummy device 80x25
Calibrating delay loop (skipped), value calculated using timer frequency.. 75.00 BogoMIPS (lpj=375000)
pid_max: default: 32768 minimum: 301
Mount-cache hash table entries: 512 (order: 0, 4096 bytes, linear)
Mountpoint-cache hash table entries: 512 (order: 0, 4096 bytes, linear)
VFS: Finished mounting rootfs on nullfs
ASID allocator using 16 bits (65536 entries)
Memory: 14020K/32768K available (3630K kernel code, 647K rwdata, 767K rodata, 4758K init, 227K bss, 17796K reserved, 0K cma-reserved)
devtmpfs: initialized
posixtimers hash table entries: 512 (order: 0, 4096 bytes, linear)
futex hash table entries: 256 (6144 bytes on 1 NUMA nodes, total 6 KiB, linear).
clocksource: Switched to clocksource riscv_clocksource
cpu0: scalar unaligned word access speed is 3.61x byte access speed (fast)
workingset: timestamp_bits=62 (anon: 57) max_order=12 bucket_order=0 (anon: 0)
printk: legacy console [hvc0] enabled
printk: legacy console [hvc0] enabled
printk: legacy bootconsole [sbi0] disabled
printk: legacy bootconsole [sbi0] disabled
[drm] Initialized borg 1.0.0 for 8000c00.borg on minor 0
borg 8000c00.borg: Borg GPU registered
clk: Disabling unused clocks
Warning: unable to open an initial console.
Freeing unused kernel image (initmem) memory: 4756K
Kernel memory protection not selected by kernel config.
Run /init as init process
Borg/Hutt Linux initramfs 
 welcome.
=== borg_drm_test ===
borg: reg_size=1024 mem_size=5242880 abi=1
BORG_DRM_TEST PASS
=== vkcube-borg ===
MESA: info: borgvk: no borg DRM device; using malloc+serial fallback
Selected GPU 0: Borg (ULX3S), type: Other
MESA: info: borgvk: captured vertex shader (333 bytes)
MESA: info: borgvk: captured fragment shader (274 bytes)
=== vkcube-borg end: 0 ===
PPM-BEGIN
 50 36 0a 31 32 38 20 31 32 38 0a 32 35 35 0a 31
 30 31 31 30 31 31 30 31 31 30 31 31 30 31 31 30
 31 31 30 31 31 30 31 31 30 31 31 30 31 31 30 31
 31 30 31 31 30 31 31 30 31 31 30 31 31 30 31 31
 30 31 31 30 31 31 30 31 31 30 31 31 30 31 31 30
 31 31 30 31 31 30 31 31 30 31 31 30 31 31 30 31
 31 30 31 31 30 31 31 30 31 31 30 31 31 30 31 31
 30 31 31 30 31 31 30 31 31 30 31 31 30 31 31 30
 31 31 30 31 31 30 31 31 30 31 31 30 31 31 30 31
 31 30 31 31 30 31 31 30 31 31 30 31 31 30 31 31
 30 31 31 30 31 31 30 31 31 30 31 31 30 31 31 30
 31 31 30 31 31 30 31 31 30 31 31 30 31 31 30 31
 31 30 31 31 30 31 31 30 31 31 30 31 31 30 31 31
 30 31 31 30 31 31 30 31 31 30 31 31 30 31 31 30
 31 31 30 31 31 30 31 31 30 31 31 30 31 31 30 31
 31 30 31 31 30 31 31 30 31 31 30 31 31 30 31 31
 30 31 31 30 31 31 30 31 31 30 31 31 30 31 31 30
 31 31 30 31 31 30 31 31 30 31 31 30 31 31 30 31
 31 30 31 31 30 31 31 30 31 31 30 31 31 30 31 31
 30 31 31 30 31 31 30 31 31 30 31 31 30 31 31 30
 31 31 30 31 31 30 31 31 30 31 31 30 31 31 30 31
 31 30 31 31 30 31 31 30 31 31 30 31 31 30 31 31
 30 31 31 30 31 31 30 31 31 30 31 31 30 31 31 30
 31 31 30 31 31 30 31 31 30 31 31 30 31 31 30 31
 31 30 31 31 30 31 31 30 31 31 30 31 31 30 31 31
 30 31 31 30 31 31 30 31 31 30 31 31 30 31 31 30
 31 31 30 31 31 30 31 31 30 31 31 30 31 31 30 31
 31 30 31 31 30 31 31 30 31 31 30 31 31 30 31 31
 30 31 31 30 31 31 30 31 31 30 31 31 30 31 31 30
 31 31 30 31 31 30 31 31 30 31 31 30 31 31 30 31
 31 30 31 31 30 31 31 30 31 31 30 31 31 30 31 31
 30 31 31 30 31 31 30 31 31 30 31 31 30 31 31 30
 31 31 30 31 31 30 31 31 30 31 31 30 31 31 30 31
 31 30 31 31 30 31 31 30 31 31 30 31 31 30 31 31
 30 31 31 30 31 31 30 31 31 30 31 31 30 31 31 30
 31 31 30 31 31 30 31 31 30 31 31 30 31 31 30 31
 31 30 31 31 30 31 31 30 31 31 30 31 31 30 31 31
 30 31 31 30 31 31 30 31 31 30 31 31 30 31 31 30
 31 31 30 31 31 30 31 31 30 31 31 30 31 31 30 31
 31 30 31 31 30 31 31 30 31 31 30 31 31 30 31 31
 30 31 31 30 31 31 30 31 31 30 31 31 30 31 31 30
 31 31 30 31 31 30 31 31 30 31 31 30 31 31 30 31
 31 30 31 31 30 31 31 30 31 31 30 31 31 30 31 31
 30 31 31 30 31 31 30 31 31 30 31 31 30 31 31 30
 31 31 30 31 31 30 31 31 30 31 31 30 31 31 30 31
 31 30 31 31 30 31 31 30 31 31 30 31 31 30 31 31
 30 31 31 30 31 31 30 31 31 30 31 31 30 31 31 30
 31 31 30 31 31 30 31 31 30 31 31 30 31 31 30 31
 31 30 31 31 30 31 31 30 31 31 30 31 31 30 31 31
 30 31 31 30 31 31 30 31 31 30 31 31 30 31 31 30
 31 31 30 31 31 30 31 31 30 31 31 30 31 31 30 31
 31 30 31 31 30 31 31 30 31 31 30 31 31 30 31 31
 30 31 31 30 31 31 30 31 31 30 31 31 30 31 31 30
 31 31 30 31 31 30 31 31 30 31 31 30 31 31 30 31
 31 30 31 31 30 31 31 30 31 31 30 31 31 30 31 31
 30 31 31 30 31 31 30 31 31 30 31 31 30 31 31 30
 31 31 30 31 31 30 31 31 30 31 31 30 31 31 30 31
 31 30 31 31 30 31 31 30 31 31 30 31 31 30 31 31
 30 31 31 30 31 31 30 31 31 30 31 31 30 31 31 30
 31 31 30 31 31 30 31 31 30 31 31 30 31 31 30 31
 31 30 31 31 30 31 31 30 31 31 30 31 31 30 31 31
 30 31 31 30 31 31 30 31 31 30 31 31 30 31 31 30
 31 31 30 31 31 30 31 31 30 31 31 30 31 31 30 31
 31 30 31 31 30 31 31 30 31 31 30 31 31 30 31 31
 30 31 31 30 31 31 30 31 31 30 31 31 30 31 31 30
 31 31 30 31 31 30 31 31 30 31 31 30 31 31 30 31
 31 30 31 31 30 31 31 30 31 31 30 31 31 30 31 31
 30 31 31 30 31 31 30 31 31 30 31 31 30 31 31 30
 31 31 30 31 31 30 31 31 30 31 31 30 31 31 30 31
 31 30 31 31 30 31 31 30 31 31 30 31 31 30 31 31
 30 31 31 30 31 31 30 31 31 30 31 31 30 31 31 30
 31 31 30 31 31 30 31 31 30 31 31 30 31 31 30 31
 31 30 31 31 30 31 31 30 31 31 30 31 31 30 31 31
 30 31 31 30 31 31 30 31 31 30 31 31 30 31 31 30
 31 31 30 31 31 30 31 31 30 31 31 30 31 31 30 31
 31 30 31 31 30 31 31 30 31 31 30 31 31 30 31 31
 30 31 31 30 31 31 30 31 31 30 31 31 30 31 31 30
 31 31 30 31 31 30 31 31 30 31 31 30 31 31 30 31
 31 30 31 31 30 31 31 30 31 31 30 31 31 30 31 31
 30 31 31 30 31 31 30 31 31 30 31 31 30 31 31 30
 31 31 30 31 31 30 31 31 30 31 31 30 31 31 30 31
 31 30 31 31 30 31 31 30 31 31 30 31 31 30 31 31
 30 31 31 30 31 31 30 31 31 30 31 31 30 31 31 30
 31 31 30 31 31 30 31 31 30 31 31 30 31 31 30 31
 31 30 31 31 30 31 31 30 31 31 30 31 31 30 31 31
 30 31 31 30 31 31 30 31 31 30 31 31 30 31 31 30
 31 31 30 31 31 30 31 31 30 31 31 30 31 31 30 31
 31 30 31 31 30 31 31 30 31 31 30 31 31 30 31 31
 30 31 31 30 31 31 30 31 31 30 31 31 30 31 31 30
 31 31 30 31 31 30 31 31 30 31 31 30 31 31 30 31
 31 30 31 31 30 31 31 30 31 31 30 31 31 30 31 31
 30 31 31 30 31 31 30 31 31 30 31 31 30 31 31 30
 31 31 30 31 31 30 31 31 30 31 31 30 31 31 30 31
 31 30 31 31 30 31 31 30 31 31 30 31 31 30 31 31
 30 31 31 30 31 31 30 31 31 30 31 31 30 31 31 30
 31 31 30 31 31 30 31 31 30 31 31 30 31 31 30 31
 31 30 31 31 30 31 31 30 31 31 30 31 31 30 31 31
 30 31 31 30 31 31 30 31 31 30 31 31 30 31 31 30
 31 31 30 31 31 30 31 31 30 31 31 30 31 31 30 31
 31 30 31 31 30 31 31 30 31 31 30 31 31 30 31 31
 30 31 31 30 31 31 30 31 31 30 31 31 30 31 31 30
 31 31 30 31 31 30 31 31 30 31 31 30 31 31 30 31
 31 30 31 31 30 31 31 30 31 31 30 31 31 30 31 31
 30 31 31 30 31 31 30 31 31 30 31 31 30 31 31 30
 31 31 30 31 31 30 31 31 30 31 31 30 31 31 30 31
 31 30 31 31 30 31 31 30 31 31 30 31 31 30 31 31
 30 31 31 30 31 31 30 31 31 30 31 31 30 31 31 30
 31 31 30 31 31 30 31 31 30 31 31 30 31 31 30 31
 31 30 31 31 30 31 31 30 31 31 30 31 31 30 31 31
 30 31 31 30 31 31 30 31 31 30 31 31 30 31 31 30
 31 31 30 31 31 30 31 31 30 31 31 30 31 31 30 31
 31 30 31 31 30 31 31 30 31 31 30 31 31 30 31 31
 30 31 31 30 31 31 30 31 31 30 31 31 30 31 31 30
 31 31 30 31 31 30 31 31 30 31 31 30 31 31 30 31
 31 30 31 31 30 31 31 30 31 31 30 31 31 30 31 31
 30 31 31 30 31 31 30 31 31 30 31 31 30 31 31 30
 31 31 30 31 31 30 31 31 30 31 31 30 31 31 30 31
 31 30 31 31 30 31 31 30 31 31 30 31 31 30 31 31
 30 31 31 30 31 31 30 31 31 30 31 31 30 31 31 30
 31 31 30 31 31 30 31 31 30 31 31 30 31 31 30 31
 31 30 31 31 30 31 31 30 31 31 30 31 31 30 31 31
 30 31 31 30 31 31 30 31 31 30 31 31 30 31 31 30
 31 31 30 31 31 30 31 31 30 31 31 30 31 31 30 31
 31 30 31 31 30 31 31 30 31 31 30 31 31 30 31 31
 30 31 31 30 31 31 30 31 31 30 31 31 30 31 31 30
 31 31 30 31 31 30 31 31 30 31 31 30 31 31 30 31
 31 30 31 31 30 31 31 30 31 31 30 31 31 30 31 31
 30 31 31 30 31 31 30 31 31 30 31 31 30 31 31 30
 31 31 30 31 31 30 31 31 30 31 31 30 31 31 30 31
 31 30 31 31 30 31 31 30 31 31 30 31 31 30 31 31
 30 31 31 30 31 31 30 31 31 30 31 31 30 31 31 30
 31 31 30 31 31 30 31 31 30 31 31 30 31 31 30 31
 31 30 31 31 30 31 31 30 31 31 30 31 31 30 31 31
 30 31 31 30 31 31 30 31 31 30 31 31 30 31 31 30
 31 31 30 31 31 30 31 31 30 31 31 30 31 31 30 31
 31 30 31 31 30 31 31 30 31 31 30 31 31 30 31 31
 30 31 31 30 31 31 30 31 31 30 31 31 30 31 31 30
 31 31 30 31 31 30 31 31 30 31 31 30 31 31 30 31
 31 30 31 31 30 31 31 30 31 31 30 31 31 30 31 31
 30 31 31 30 31 31 30 31 31 30 31 31 30 31 31 30
 31 31 30 31 31 30 31 31 30 31 31 30 31 31 30 31
 31 30 31 31 30 31 31 30 31 31 30 31 31 30 31 31
 30 31 31 30 31 31 30 31 31 30 31 31 30 31 31 30
 31 31 30 31 31 30 31 31 30 31 31 30 31 31 30 31
 31 30 31 31 30 31 31 30 31 31 30 31 31 30 31 31
 30 31 31 30 31 31 30 31 31 30 31 31 30 31 31 30
 31 31 30 31 31 30 31 31 30 31 31 30 31 31 30 31
 31 30 31 31 30 31 31 30 31 31 30 31 31 30 31 31
 30 31 31 30 31 31 30 31 31 30 31 31 30 31 31 30
 31 31 30 31 31 30 31 31 30 31 31 30 31 31 30 31
 31 30 31 31 30 31 31 30 31 31 30 31 31 30 31 31
 30 31 31 30 31 31 30 31 31 30 31 31 30 31 31 30
 31 31 30 31 31 30 31 31 30 31 31 30 31 31 30 31
 31 30 31 31 30 31 31 30 31 31 30 31 31 30 31 31
 30 31 31 30 31 31 30 31 31 30 31 31 30 31 31 30
 31 31 30 31 31 30 31 31 30 31 31 30 31 31 30 31
 31 30 31 31 30 31 31 30 31 31 30 31 31 30 31 31
 30 31 31 30 31 31 30 31 31 30 31 31 30 31 31 30
 31 31 30 31 31 30 31 31 30 31 31 30 31 31 30 31
 31 30 31 31 30 31 31 30 31 31 30 31 31 30 31 31
 30 31 31 30 31 31 30 31 31 30 31 31 30 31 31 30
 31 31 30 31 31 30 31 31 30 31 31 30 31 31 30 31
 31 30 31 31 30 31 31 30 31 31 30 31 31 30 31 31
 30 31 31 30 31 31 30 31 31 30 31 31 30 31 31 30
 31 31 30 31 31 30 31 31 30 31 31 30 31 31 30 31
 31 30 31 31 30 31 31 30 31 31 30 31 31 30 31 31
 30 31 31 30 31 31 30 31 31 30 31 31 30 31 31 30
 31 31 30 31 31 30 31 31 30 31 31 30 31 31 30 31
 31 30 31 31 30 31 31 30 31 31 30 31 31 30 31 31
 30 31 31 30 31 31 30 31 31 30 31 31 30 31 31 30
 31 31 30 31 31 30 31 31 30 31 31 30 31 31 30 31
 31 30 31 31 30 31 31 30 31 31 30 31 31 30 31 31
 30 31 31 30 31 31 30 31 31 30 31 31 30 31 31 30
 31 31 30 31 31 30 31 31 30 31 31 30 31 31 30 31
 31 30 31 31 30 31 31 30 31 31 30 31 31 30 31 31
 30 31 31 30 31 31 30 31 31 30 31 31 30 31 31 30
 31 31 30 31 31 30 31 31 30 31 31 30 31 31 30 31
 31 30 31 31 30 31 31 30 31 31 30 31 31 30 31 31
 30 31 31 30 31 31 30 31 31 30 31 31 30 31 31 30
 31 31 30 31 31 30 31 31 30 31 31 30 31 31 30 31
 31 30 31 31 30 31 31 30 31 31 30 31 31 30 31 31
 30 31 31 30 31 31 30 31 31 30 31 31 30 31 31 30
 31 31 30 31 31 30 31 31 30 31 31 30 31 31 30 31
 31 30 31 31 30 31 31 30 31 31 30 31 31 30 31 31
 30 31 31 30 31 31 30 31 31 30 31 31 30 31 31 30
 31 31 30 31 31 30 31 31 30 31 31 30 31 31 30 31
 31 30 31 31 30 31 31 30 31 31 30 31 31 30 31 31
 30 31 31 30 31 31 30 31 31 30 31 31 30 31 31 30
 31 31 30 31 31 30 31 31 30 31 31 30 31 31 30 31
 31 30 31 31 30 31 31 30 31 31 30 31 31 30 31 31
 30 31 31 30 31 31 30 31 31 30 31 31 30 31 31 30
 31 31 30 31 31 30 31 31 30 31 31 30 31 31 30 31
 31 30 31 31 30 31 31 30 31 31 30 31 31 30 31 31
 30 31 31 30 31 31 30 31 31 30 31 31 30 31 31 30
 31 31 30 31 31 30 31 31 30 31 31 30 31 31 30 31
 31 30 31 31 30 31 31 30 31 31 30 31 31 30 31 31
 30 31 31 30 31 31 30 31 31 30 31 31 30 31 31 30
 31 31 30 31 31 30 31 31 30 31 31 30 31 31 30 31
 31 30 31 31 30 31 31 30 31 31 30 31 31 30 31 31
 30 31 31 30 31 31 30 31 31 30 31 31 30 31 31 30
 31 31 30 31 31 30 31 31 30 31 31 30 31 31 30 31
 31 30 31 31 30 31 31 30 31 31 30 31 31 30 31 31
 30 31 31 30 31 31 30 31 31 30 31 31 30 31 31 30
 31 31 30 31 31 30 31 31 30 31 31 30 31 31 30 31
 31 30 31 31 30 31 31 30 31 31 30 31 31 30 31 31
 30 31 31 30 31 31 30 31 31 30 31 31 30 31 31 30
 31 31 30 31 31 30 31 31 30 31 31 30 31 31 30 31
 31 30 31 31 30 31 31 30 31 31 30 31 31 30 31 31
 30 31 31 30 31 31 30 31 31 30 31 31 30 31 31 30
 31 31 30 31 31 30 31 31 30 31 31 30 31 31 30 31
 31 30 31 31 30 31 31 30 31 31 30 31 31 30 31 31
 30 31 31 30 31 31 30 31 31 30 31 31 30 31 31 30
 31 31 30 31 31 30 31 31 30 31 31 30 31 31 30 31
 31 30 31 31 30 31 31 30 31 31 30 31 31 30 31 31
 30 31 31 30 31 31 30 31 31 30 31 31 30 31 31 30
 31 31 30 31 31 30 31 31 30 31 31 30 31 31 30 31
 31 30 31 31 30 31 31 30 31 31 30 31 31 30 31 31
 30 31 31 30 31 31 30 31 31 30 31 31 30 31 31 30
 31 31 30 31 31 30 31 31 30 31 31 30 31 31 30 31
 31 30 31 31 30 31 31 30 31 31 30 31 31 30 31 31
 30 31 31 30 31 31 30 31 31 30 31 31 30 31 31 30
 31 31 30 31 31 30 31 31 30 31 31 30 31 31 30 31
 31 30 31 31 30 31 31 30 31 31 30 31 31 30 31 31
 30 31 31 30 31 31 30 31 31 30 31 31 30 31 31 30
 31 31 30 31 31 30 31 31 30 31 31 30 31 31 30 31
 31 30 31 31 30 31 31 30 31 31 30 31 31 30 31 31
 30 31 31 30 31 31 30 31 31 30 31 31 30 31 31 30
 31 31 30 31 31 30 31 31 30 31 31 30 31 31 30 31
 31 30 31 31 30 31 31 30 31 31 30 31 31 30 31 31
 30 31 31 30 31 31 30 31 31 30 31 31 30 31 31 30
 31 31 30 31 31 30 31 31 30 31 31 30 31 31 30 31
 31 30 31 31 30 31 31 30 31 31 30 31 31 30 31 31
 30 31 31 30 31 31 30 31 31 30 31 31 30 31 31 30
 31 31 30 31 31 30 31 31 30 31 31 30 31 31 30 31
 31 30 31 31 30 31 31 30 31 31 30 31 31 30 31 31
 30 31 31 30 31 31 30 31 31 30 31 31 30 31 31 30
 31 31 30 31 31 30 31 31 30 31 31 30 31 31 30 31
 31 30 31 31 30 31 31 30 31 31 30 31 31 30 31 31
 30 31 31 30 31 31 30 31 31 30 31 31 30 31 31 30
 31 31 30 31 31 30 31 31 30 31 31 30 31 31 30 31
 31 30 31 31 30 31 31 30 31 31 30 31 31 30 31 31
 30 31 31 30 31 31 30 31 31 30 31 31 30 31 31 30
 31 31 30 31 31 30 31 31 30 31 31 30 31 31 30 31
 31 30 31 31 30 31 31 30 31 31 30 31 31 30 31 31
 30 31 31 30 31 31 30 31 31 30 31 31 30 31 31 30
 31 31 30 31 31 30 31 31 30 31 31 30 31 31 30 31
 31 30 31 31 30 31 31 30 31 31 30 31 31 30 31 31
 30 31 31 30 31 31 30 31 31 30 31 31 30 31 31 30
 31 31 30 31 31 30 31 31 30 31 31 30 31 31 30 31
 31 30 31 31 30 31 31 30 31 31 30 31 31 30 31 31
 30 31 31 30 31 31 30 31 31 30 31 31 30 31 31 30
 31 31 30 31 31 30 31 31 30 31 31 30 31 31 30 31
 31 30 31 31 30 31 31 30 31 31 30 31 31 30 31 31
 30 31 31 30 31 31 30 31 31 30 31 31 30 31 31 30
 31 31 30 31 31 30 31 31 30 31 31 30 31 31 30 31
 31 30 31 31 30 31 31 30 31 31 30 31 31 30 31 31
 30 31 31 30 31 31 30 31 31 30 31 31 30 31 31 30
 31 31 30 31 31 30 31 31 30 31 31 30 31 31 30 31
 31 30 31 31 30 31 31 30 31 31 30 31 31 30 31 31
 30 31 31 30 31 31 30 31 31 30 31 31 30 31 31 30
 31 31 30 31 31 30 31 31 30 31 31 30 31 31 30 31
 31 30 31 31 30 31 31 30 31 31 30 31 31 30 31 31
 30 31 31 30 31 31 30 31 31 30 31 31 30 31 31 30
 31 31 30 31 31 30 31 31 30 31 31 30 31 31 30 31
 31 30 31 31 30 31 31 30 31 31 30 31 31 30 31 31
 30 31 31 30 31 31 30 31 31 30 31 31 30 31 31 30
 31 31 30 31 31 30 31 31 30 31 31 30 31 31 30 31
 31 30 31 31 30 31 31 30 31 31 30 31 31 30 31 31
 30 31 31 30 31 31 30 31 31 30 31 31 30 31 31 30
 31 31 30 31 31 30 31 31 30 31 31 30 31 31 30 31
 31 30 31 31 30 31 31 30 31 31 30 31 31 30 31 31
 30 31 31 30 31 31 30 31 31 30 31 31 30 31 31 30
 31 31 30 31 31 30 31 31 30 31 31 30 31 31 30 31
 31 30 31 31 30 31 31 30 31 31 30 31 31 30 31 31
 30 31 31 30 31 31 30 31 31 30 31 31 30 31 31 30
 31 31 30 31 31 30 31 31 30 31 31 30 31 31 30 31
 31 30 31 31 30 31 31 30 31 31 30 31 31 30 31 31
 30 31 31 30 31 31 30 31 31 30 31 31 30 31 31 30
 31 31 30 31 31 30 31 31 30 31 31 30 31 31 30 31
 31 30 31 31 30 31 31 30 31 31 30 31 31 30 31 31
 30 31 31 30 31 31 30 31 31 30 31 31 30 31 31 30
 31 31 30 31 31 30 31 31 30 31 31 30 31 31 30 31
 31 30 31 31 30 31 31 30 31 31 30 31 31 30 31 31
 30 31 31 30 31 31 30 31 31 30 31 31 30 31 31 30
 31 31 30 31 31 30 31 31 30 31 31 30 31 31 30 31
 31 30 31 31 30 31 31 30 31 31 30 31 31 30 31 31
 30 31 31 30 31 31 30 31 31 30 31 31 30 31 31 30
 31 31 30 31 31 30 31 31 30 31 31 30 31 31 30 31
 31 30 31 31 30 31 31 30 31 31 30 31 31 30 31 31
 30 31 31 30 31 31 30 31 31 30 31 31 30 31 31 30
 31 31 30 31 31 30 31 31 30 31 31 30 31 31 30 31
 31 30 31 31 30 31 31 30 31 31 30 31 31 30 31 31
 30 31 31 30 31 31 30 31 31 30 31 31 30 31 31 30
 31 31 30 31 31 30 31 31 30 31 31 30 31 31 30 31
 31 30 31 31 30 31 31 30 31 31 30 31 31 30 31 31
 30 31 31 30 31 31 30 31 31 30 31 31 30 31 31 30
 31 31 30 31 31 30 31 31 30 31 31 30 31 31 30 31
 31 30 31 31 30 31 31 30 31 31 30 31 31 30 31 31
 30 31 31 30 31 31 30 31 31 30 31 31 30 31 31 30
 31 31 30 31 31 30 31 31 30 31 31 30 31 31 30 31
 31 30 31 31 30 31 31 30 31 31 30 31 31 30 31 31
 30 31 31 30 31 31 30 31 31 30 31 31 30 31 31 30
 31 31 30 31 31 30 31 31 30 31 31 30 31 31 30 31
 31 30 31 31 30 31 31 30 31 31 30 31 31 30 31 31
 30 31 31 30 31 31 30 31 31 30 31 31 30 31 31 30
 31 31 30 31 31 30 31 31 30 31 31 30 31 31 30 31
 31 30 31 31 30 31 31 30 31 31 30 31 31 30 31 31
 30 31 31 30 31 31 30 31 31 30 31 31 30 31 31 30
 31 31 30 31 31 30 31 31 30 31 31 30 31 31 30 31
 31 30 31 31 30 31 31 30 31 31 30 31 31 30 31 31
 30 31 31 30 31 31 30 31 31 30 31 31 30 31 31 30
 31 31 30 31 31 30 31 31 30 31 31 30 31 31 30 31
 31 30 31 31 30 31 31 30 31 31 30 31 31 30 31 31
 30 31 31 30 31 31 30 31 31 30 31 31 30 31 31 30
 31 31 30 31 31 30 31 31 30 31 31 30 31 31 30 31
 31 30 31 31 30 31 31 30 31 31 30 31 31 30 31 31
 30 31 31 30 31 31 30 31 31 30 31 31 30 31 31 30
 31 31 30 31 31 30 31 31 30 31 31 30 31 31 30 31
 31 30 31 31 30 31 31 30 31 31 30 31 31 30 31 31
 30 31 31 30 31 31 30 31 31 30 31 31 30 31 31 30
 31 31 30 31 31 30 31 31 30 31 31 30 31 31 30 31
 31 30 31 31 30 31 31 30 31 31 30 31 31 30 31 31
 30 31 31 30 31 31 30 31 31 30 31 31 30 31 31 30
 31 31 30 31 31 30 31 31 30 31 31 30 31 31 30 31
 31 30 31 31 30 31 31 30 31 31 30 31 31 30 31 31
 30 31 31 30 31 31 30 31 31 30 31 31 30 31 31 30
 31 31 30 31 31 30 31 31 30 31 31 30 31 31 30 31
 31 30 31 31 30 31 31 30 31 31 30 31 31 30 31 31
 30 31 31 30 31 31 30 31 31 30 31 31 30 31 31 30
 31 31 30 31 31 30 31 31 30 31 31 30 31 31 30 31
 31 30 31 31 30 31 31 30 31 31 30 31 31 30 31 31
 30 31 31 30 31 31 30 31 31 30 31 31 30 31 31 30
 31 31 30 31 31 30 31 31 30 31 31 30 31 31 30 31
 31 30 31 31 30 31 31 30 31 31 30 31 31 30 31 31
 30 31 31 30 31 31 30 31 31 30 31 31 30 31 31 30
 31 31 30 31 31 30 31 31 30 31 31 30 31 31 30 31
 31 30 31 31 30 31 31 30 31 31 30 31 31 30 31 31
 30 31 31 30 31 31 30 31 31 30 31 31 30 31 31 30
 31 31 30 31 31 30 31 31 30 31 31 30 31 31 30 31
 31 30 31 31 30 31 31 30 31 31 30 31 31 30 31 31
 30 31 31 30 31 31 30 31 31 30 31 31 30 31 31 30
 31 31 30 31 31 30 31 31 30 31 31 30 31 31 30 31
 31 30 31 31 30 31 31 30 31 31 30 31 31 30 31 31
 30 31 31 30 31 31 30 31 31 30 31 31 30 31 31 30
 31 31 30 31 31 30 31 31 30 31 31 30 31 31 30 31
 31 30 31 31 30 31 31 30 31 31 30 31 31 30 31 31
 30 31 31 30 31 31 30 31 31 30 31 31 30 31 31 30
 31 31 30 31 31 30 31 31 30 31 31 30 31 31 30 31
 31 30 31 31 30 31 31 30 31 31 30 31 31 30 31 31
 30 31 31 30 31 31 30 31 31 30 31 31 30 31 31 30
 31 31 30 31 31 30 31 31 30 31 31 30 31 31 30 31
 31 30 31 31 30 31 31 30 31 31 30 31 31 30 31 31
 30 31 31 30 31 31 30 31 31 30 31 31 30 31 31 30
 31 31 30 31 31 30 31 31 30 31 31 30 31 31 30 31
 31 30 31 31 30 31 31 30 31 31 30 31 31 30 31 31
 30 31 31 30 31 31 30 31 31 30 31 31 30 31 31 30
 31 31 30 31 31 30 31 31 30 31 31 30 31 31 30 31
 31 30 31 31 30 31 31 30 31 31 30 31 31 30 31 31
 30 31 31 30 31 31 30 31 31 30 31 31 30 31 31 30
 31 31 30 31 31 30 31 31 30 31 31 30 31 31 30 31
 31 30 31 31 30 31 31 30 31 31 30 31 31 30 31 31
 30 31 31 30 31 31 30 31 31 30 31 31 30 31 31 30
 31 31 30 31 31 30 31 31 30 31 31 30 31 31 30 31
 31 30 31 31 30 31 31 30 31 31 30 31 31 30 31 31
 30 31 31 30 31 31 30 31 31 30 31 31 30 31 31 30
 31 31 30 31 31 30 31 31 30 31 31 30 31 31 30 31
 31 30 31 31 30 31 31 30 31 31 30 31 31 30 31 31
 30 31 31 30 31 31 30 31 31 30 31 31 30 31 31 30
 31 31 30 31 31 30 31 31 30 31 31 30 31 31 30 31
 31 30 31 31 30 31 31 30 31 31 30 31 31 30 31 31
 30 31 31 30 31 31 30 31 31 30 31 31 30 31 31 30
 31 31 30 31 31 30 31 31 30 31 31 30 31 31 30 31
 31 30 31 31 30 31 31 30 31 31 30 31 31 30 31 31
 30 31 31 30 31 31 30 31 31 30 31 31 30 31 31 30
 31 31 30 31 31 30 31 31 30 31 31 30 31 31 30 31
 31 30 31 31 30 31 31 30 31 31 30 31 31 30 31 31
 30 31 31 30 31 31 30 31 31 30 31 31 30 31 31 30
 31 31 30 31 31 30 31 31 30 31 31 30 31 31 30 31
 31 30 31 31 30 31 31 30 31 31 30 31 31 30 31 31
 30 31 31 30 31 31 30 31 31 30 31 31 30 31 31 30
 31 31 30 31 31 30 31 31 30 31 31 30 31 31 30 31
 31 30 31 31 30 31 31 30 31 31 30 31 31 30 31 31
 30 31 31 30 31 31 30 31 31 30 31 31 30 31 31 30
 31 31 30 31 31 30 31 31 30 31 31 30 31 31 30 31
 31 30 31 31 30 31 31 30 31 31 30 31 31 30 31 31
 30 31 31 30 31 31 30 31 31 30 31 31 30 31 31 30
 31 31 30 31 31 30 31 31 30 31 31 30 31 31 30 31
 31 30 31 31 30 31 31 30 31 31 30 31 31 30 31 31
 30 31 31 30 31 31 30 31 31 30 31 31 30 31 31 30
 31 31 30 31 31 30 31 31 30 31 31 30 31 31 30 31
 31 30 31 31 30 31 31 30 31 31 30 31 31 30 31 31
 30 31 31 30 31 31 30 31 31 30 31 31 30 31 31 30
 31 31 30 31 31 30 31 31 30 31 31 30 31 31 30 31
 31 30 31 31 30 31 31 30 31 31 30 31 31 30 31 31
 30 31 31 30 31 31 30 31 31 30 31 31 30 31 31 30
 31 31 30 31 31 30 31 31 30 31 31 30 31 31 30 31
 31 30 31 31 30 31 31 30 31 31 30 31 31 30 31 31
 30 31 31 30 31 31 30 31 31 30 31 31 30 31 31 30
 31 31 30 31 31 30 31 31 30 31 31 30 31 31 30 31
 31 30 31 31 30 31 31 30 31 31 30 31 31 30 31 31
 30 31 31 30 31 31 30 31 31 30 31 31 30 31 31 30
 31 31 30 31 31 30 31 31 30 31 31 30 31 31 30 31
 31 30 31 31 30 31 31 30 31 31 30 31 31 30 31 31
 30 31 31 30 31 31 30 31 31 30 31 31 30 31 31 30
 31 31 30 31 31 30 31 31 30 31 31 30 31 31 30 31
 31 30 31 31 30 31 31 30 31 31 30 31 31 30 31 31
 30 31 31 30 31 31 30 31 31 30 31 31 30 31 31 30
 31 31 30 31 31 30 31 31 30 31 31 30 31 31 30 31
 31 30 31 31 30 31 31 30 31 31 30 31 31 30 31 31
 30 31 31 30 31 31 30 31 31 30 31 31 30 31 31 30
 31 31 30 31 31 30 31 31 30 31 31 30 31 31 30 31
 31 30 31 31 30 31 31 30 31 31 30 31 31 30 31 31
 30 31 31 30 31 31 30 31 31 30 31 31 30 31 31 30
 31 31 30 31 31 30 31 31 30 31 31 30 31 31 30 31
 31 30 31 31 30 31 31 30 31 31 30 31 31 30 31 31
 30 31 31 30 31 31 30 31 31 30 31 31 30 31 31 30
 31 31 30 31 31 30 31 31 30 31 31 30 31 31 30 31
 31 30 31 31 30 31 31 30 31 31 30 31 31 30 31 31
 30 31 31 30 31 31 30 31 31 30 31 31 30 31 31 30
 31 31 30 31 31 30 31 31 30 31 31 30 31 31 30 31
 31 30 31 31 30 31 31 30 31 31 30 31 31 30 31 31
 30 31 31 30 31 31 30 31 31 30 31 31 30 31 31 30
 31 31 30 31 31 30 31 31 30 31 31 30 31 31 30 31
 31 30 31 31 30 31 31 30 31 31 30 31 31 30 31 31
 30 31 31 30 31 31 30 31 31 30 31 31 30 31 31 30
 31 31 30 31 31 30 31 31 30 31 31 30 31 31 30 31
 31 30 31 31 30 31 31 30 31 31 30 31 31 30 31 31
 30 31 31 30 31 31 30 31 31 30 31 31 30 31 31 30
 31 31 30 31 31 30 31 31 30 31 31 30 31 31 30 31
 31 30 31 31 30 31 31 30 31 31 30 31 31 30 31 31
 30 31 31 30 31 31 30 31 31 30 31 31 30 31 31 30
 31 31 30 31 31 30 31 31 30 31 31 30 31 31 30 31
 31 30 31 31 30 31 31 30 31 31 30 31 31 30 31 31
 30 31 31 30 31 31 30 31 31 30 31 31 30 31 31 30
 31 31 30 31 31 30 31 31 30 31 31 30 31 31 30 31
 31 30 31 31 30 31 31 30 31 31 30 31 31 30 31 31
 30 31 31 30 31 31 30 31 31 30 31 31 30 31 31 30
 31 31 30 31 31 30 31 31 30 31 31 30 31 31 30 31
 31 30 31 31 30 31 31 30 31 31 30 31 31 30 31 31
 30 31 31 30 31 31 30 31 31 30 31 31 30 31 31 30
 31 31 30 31 31 30 31 31 30 31 31 30 31 31 30 31
 31 30 31 31 30 31 31 30 31 31 30 31 31 30 31 31
 30 31 31 30 31 31 30 31 31 30 31 31 30 31 31 30
 31 31 30 31 31 30 31 31 30 31 31 30 31 31 30 31
 31 30 31 31 30 31 31 30 31 31 30 31 31 30 31 31
 30 31 31 30 31 31 30 31 31 30 31 31 30 31 31 30
 31 31 30 31 31 30 31 31 30 31 31 30 31 31 30 31
 31 30 31 31 30 31 31 30 31 31 30 31 31 30 31 31
 30 31 31 30 31 31 30 31 31 30 31 31 30 31 31 30
 31 31 30 31 31 30 31 31 30 31 31 30 31 31 30 31
 31 30 31 31 30 31 31 30 31 31 30 31 31 30 31 31
 30 31 31 30 31 31 30 31 31 30 31 31 30 31 31 30
 31 31 30 31 31 30 31 31 30 31 31 30 31 31 30 31
 31 30 31 31 30 31 31 30 31 31 30 31 31 30 31 31
 30 31 31 30 31 31 30 31 31 30 31 31 30 31 31 30
 31 31 30 31 31 30 31 31 30 31 31 30 31 31 30 31
 31 30 31 31 30 31 31 30 31 31 30 31 31 30 31 31
 30 31 31 30 31 31 30 31 31 30 31 31 30 31 31 30
 31 31 30 31 31 30 31 31 30 31 31 30 31 31 30 31
 31 30 31 31 30 31 31 30 31 31 30 31 31 30 31 31
 30 31 31 30 31 31 30 31 31 30 31 31 30 31 31 30
 31 31 30 31 31 30 31 31 30 31 31 30 31 31 30 31
 31 30 31 31 30 31 31 30 31 31 30 31 31 30 31 31
 30 31 31 30 31 31 30 31 31 30 31 31 30 31 31 30
 31 31 30 31 31 30 31 31 30 31 31 30 31 31 30 31
 31 30 31 31 30 31 31 30 31 31 30 31 31 30 31 31
 30 31 31 30 31 31 30 31 31 30 31 31 30 31 31 30
 31 31 30 31 31 30 31 31 30 31 31 30 31 31 30 31
 31 30 31 31 30 31 31 30 31 31 30 31 31 30 31 31
 30 31 31 30 31 31 30 31 31 30 31 31 30 31 31 30
 31 31 30 31 31 30 31 31 30 31 31 30 31 31 30 31
 31 30 31 31 30 31 31 30 31 31 30 31 31 30 31 31
 30 31 31 30 31 31 30 31 31 30 31 31 30 31 31 30
 31 31 30 31 31 30 31 31 30 31 31 30 31 31 30 31
 31 30 31 31 30 31 31 30 31 31 30 31 31 30 31 31
 30 31 31 30 31 31 30 31 31 30 31 31 30 31 31 30
 31 31 30 31 31 30 31 31 30 31 31 30 31 31 30 31
 31 30 31 31 30 31 31 30 31 31 30 31 31 30 31 31
 30 31 31 30 31 31 30 31 31 30 31 31 30 31 31 30
 31 31 30 31 31 30 31 31 30 31 31 30 31 31 30 31
 31 30 31 31 30 31 31 30 31 31 30 31 31 30 31 31
 30 31 31 30 31 31 30 31 31 30 31 31 30 31 31 30
 31 31 30 31 31 30 31 31 30 31 31 30 31 31 30 31
 31 30 31 31 30 31 31 30 31 31 30 31 31 30 31 31
 30 31 31 30 31 31 30 31 31 30 31 31 30 31 31 30
 31 31 30 31 31 30 31 31 30 31 31 30 31 31 30 31
 31 30 31 31 30 31 31 30 31 31 30 31 31 30 31 31
 30 31 31 30 31 31 30 31 31 30 31 31 30 31 31 30
 31 31 30 31 31 30 31 31 30 31 31 30 31 31 30 31
 31 30 31 31 30 31 31 30 31 31 30 31 31 30 31 31
 30 31 31 30 31 31 30 31 31 30 31 31 30 31 31 30
 31 31 30 31 31 30 31 31 30 31 31 30 31 31 30 31
 31 30 31 31 30 31 31 30 31 31 30 31 31 30 31 31
 30 31 31 30 31 31 30 31 31 30 31 31 30 31 31 30
 31 31 30 31 31 30 31 31 30 31 31 30 31 31 30 31
 31 30 31 31 30 31 31 30 31 31 30 31 31 30 31 31
 30 31 31 30 31 31 30 31 31 30 31 31 30 31 31 30
 31 31 30 31 31 30 31 31 30 31 31 30 31 31 30 31
 31 30 31 31 30 31 31 30 31 31 30 31 31 30 31 31
 30 31 31 30 31 31 30 31 31 30 31 31 30 31 31 30
 31 31 30 31 31 30 31 31 30 31 31 30 31 31 30 31
 31 30 31 31 30 31 31 30 31 31 30 31 31 30 31 31
 30 31 31 30 31 31 30 31 31 30 31 31 30 31 31 30
 31 31 30 31 31 30 31 31 30 31 31 30 31 31 30 31
 31 30 31 31 30 31 31 30 31 31 30 31 31 30 31 31
 30 31 31 30 31 31 30 31 31 30 31 31 30 31 31 30
 31 31 30 31 31 30 31 31 30 31 31 30 31 31 30 31
 31 30 31 31 30 31 31 30 31 31 30 31 31 30 31 31
 30 31 31 30 31 31 30 31 31 30 31 31 30 31 31 30
 31 31 30 31 31 30 31 31 30 31 31 30 31 31 30 31
 31 30 31 31 30 31 31 30 31 31 30 31 31 30 31 31
 30 31 31 30 31 31 30 31 31 30 31 31 30 31 31 30
 31 31 30 31 31 30 31 31 30 31 31 30 31 31 30 31
 31 30 31 31 30 31 31 30 31 31 30 31 31 30 31 31
 30 31 31 30 31 31 30 31 31 30 31 31 30 31 31 30
 31 31 30 31 31 30 31 31 30 31 31 30 31 31 30 31
 31 30 31 31 30 31 31 30 31 31 30 31 31 30 31 31
 30 31 31 30 31 31 30 31 31 30 31 31 30 31 31 30
 31 31 30 31 31 30 31 31 30 31 31 30 31 31 30 31
 31 30 31 31 30 31 31 30 31 31 30 31 31 30 31 31
 30 31 31 30 31 31 30 31 31 30 31 31 30 31 31 30
 31 31 30 31 31 30 31 31 30 31 31 30 31 31 30 31
 31 30 31 31 30 31 31 30 31 31 30 31 31 30 31 31
 30 31 31 30 31 31 30 31 31 30 31 31 30 31 31 30
 31 31 30 31 31 30 31 31 30 31 31 30 31 31 30 31
 31 30 31 31 30 31 31 30 31 31 30 31 31 30 31 31
 30 31 31 30 31 31 30 31 31 30 31 31 30 31 31 30
 31 31 30 31 31 30 31 31 30 31 31 30 31 31 30 31
 31 30 31 31 30 31 31 30 31 31 30 31 31 30 31 31
 30 31 31 30 31 31 30 31 31 30 31 31 30 31 31 30
 31 31 30 31 31 30 31 31 30 31 31 30 31 31 30 31
 31 30 31 31 30 31 31 30 31 31 30 31 31 30 31 31
 30 31 31 30 31 31 30 31 31 30 31 31 30 31 31 30
 31 31 30 31 31 30 31 31 30 31 31 30 31 31 30 31
 31 30 31 31 30 31 31 30 31 31 30 31 31 30 31 31
 30 31 31 30 31 31 30 31 31 30 31 31 30 31 31 30
 31 31 30 31 31 30 31 31 30 31 31 30 31 31 30 31
 31 30 31 31 30 31 31 30 31 31 30 31 31 30 31 31
 30 31 31 30 31 31 30 31 31 30 31 31 30 31 31 30
 31 31 30 31 31 30 31 31 30 31 31 30 31 31 30 31
 31 30 31 31 30 31 31 30 31 31 30 31 31 30 31 31
 30 31 31 30 31 31 30 31 31 30 31 31 30 31 31 30
 31 31 30 31 31 30 31 31 30 31 31 30 31 31 30 31
 31 30 31 31 30 31 31 30 31 31 30 31 31 30 31 31
 30 31 31 30 31 31 30 31 31 30 31 31 30 31 31 30
 31 31 30 31 31 30 31 31 30 31 31 30 31 31 30 31
 31 30 31 31 30 31 31 30 31 31 30 31 31 30 31 31
 30 31 31 30 31 31 30 31 31 30 31 31 30 31 31 30
 31 31 30 31 31 30 31 31 30 31 31 30 31 31 30 31
 31 30 31 31 30 31 31 30 31 31 30 31 31 30 31 31
 30 31 31 30 31 31 30 31 31 30 31 31 30 31 31 30
 31 31 30 31 31 30 31 31 30 31 31 30 31 31 30 31
 31 30 31 31 30 31 31 30 31 31 30 31 31 30 31 31
 30 31 31 30 31 31 30 31 31 30 31 31 30 31 31 30
 31 31 30 31 31 30 31 31 30 31 31 30 31 31 30 31
 31 30 31 31 30 31 31 30 31 31 30 31 31 30 31 31
 30 31 31 30 31 31 30 31 31 30 31 31 30 31 31 30
 31 31 30 31 31 30 31 31 30 31 31 30 31 31 30 31
 31 30 31 31 30 31 31 30 31 31 30 31 31 30 31 31
 30 31 31 30 31 31 30 31 31 30 31 31 30 31 31 30
 31 31 30 31 31 30 31 31 30 31 31 30 31 31 30 31
 31 30 31 31 30 31 31 30 31 31 30 31 31 30 31 31
 30 31 31 30 31 31 30 31 31 30 31 31 30 31 31 30
 31 31 30 31 31 30 31 31 30 31 31 30 31 31 30 31
 31 30 31 31 30 31 31 30 31 31 30 31 31 30 31 31
 30 31 31 30 31 31 30 31 31 30 31 31 30 31 31 30
 31 31 30 31 31 30 31 31 30 31 31 30 31 31 30 31
 31 30 31 31 30 31 31 30 31 31 30 31 31 30 31 31
 30 31 31 30 31 31 30 31 31 30 31 31 30 31 31 30
 31 31 30 31 31 30 31 31 30 31 31 30 31 31 30 31
 31 30 31 31 30 31 31 30 31 31 30 31 31 30 31 31
 30 31 31 30 31 31 30 31 31 30 31 31 30 31 31 30
 31 31 30 31 31 30 31 31 30 31 31 30 31 31 30 31
 31 30 31 31 30 31 31 30 31 31 30 31 31 30 31 31
 30 31 31 30 31 31 30 31 31 30 31 31 30 31 31 30
 31 31 30 31 31 30 31 31 30 31 31 30 31 31 30 31
 31 30 31 31 30 31 31 30 31 31 30 31 31 30 31 31
 30 31 31 30 31 31 30 31 31 30 31 31 30 31 31 30
 31 31 30 31 31 30 31 31 30 31 31 30 31 31 30 31
 31 30 31 31 30 31 31 30 31 31 30 31 31 30 31 31
 30 31 31 30 31 31 30 31 31 30 31 31 30 31 31 30
 31 31 30 31 31 30 31 31 30 31 31 30 31 31 30 31
 31 30 31 31 30 31 31 30 31 31 30 31 31 30 31 31
 30 31 31 30 31 31 30 31 31 30 31 31 30 31 31 30
 31 31 30 31 31 30 31 31 30 31 31 30 31 31 30 31
 31 30 31 31 30 31 31 30 31 31 30 31 31 30 31 31
 30 31 31 30 31 31 30 31 31 30 31 31 30 31 31 30
 31 31 30 31 31 30 31 31 30 31 31 30 31 31 30 31
 31 30 31 31 30 31 31 30 31 31 30 31 31 30 31 31
 30 31 31 30 31 31 30 31 31 30 31 31 30 31 31 30
 31 31 30 31 31 30 31 31 30 31 31 30 31 31 30 31
 31 30 31 31 30 31 31 30 31 31 30 31 31 30 31 31
 30 31 31 30 31 31 30 31 31 30 31 31 30 31 31 30
 31 31 30 31 31 30 31 31 30 31 31 30 31 31 30 31
 31 30 31 31 30 31 31 30 31 31 30 31 31 30 31 31
 30 31 31 30 31 31 30 31 31 30 31 31 30 31 31 30
 31 31 30 31 31 30 31 31 30 31 31 30 31 31 30 31
 31 30 31 31 30 31 31 30 31 31 30 31 31 30 31 31
 30 31 31 30 31 31 30 31 31 30 31 31 30 31 31 30
 31 31 30 31 31 30 31 31 30 31 31 30 31 31 30 31
 31 30 31 31 30 31 31 30 31 31 30 31 31 30 31 31
 30 31 31 30 31 31 30 31 31 30 31 31 30 31 31 30
 31 31 30 31 31 30 31 31 30 31 31 30 31 31 30 31
 31 30 31 31 30 31 31 30 31 31 30 31 31 30 31 31
 30 31 31 30 31 31 30 31 31 30 31 31 30 31 31 30
 31 31 30 31 31 30 31 31 30 31 31 30 31 31 30 31
 31 30 31 31 30 31 31 30 31 31 30 31 31 30 31 31
 30 31 31 30 31 31 30 31 31 30 31 31 30 31 31 30
 31 31 30 31 31 30 31 31 30 31 31 30 31 31 30 31
 31 30 31 31 30 31 31 30 31 31 30 31 31 30 31 31
 30 31 31 30 31 31 30 31 31 30 31 31 30 31 31 30
 31 31 30 31 31 30 31 31 30 31 31 30 31 31 30 31
 31 30 31 31 30 31 31 30 31 31 30 31 31 30 31 31
 30 31 31 30 31 31 30 31 31 30 31 31 30 31 31 30
 31 31 30 31 31 30 31 31 30 31 31 30 31 31 30 31
 31 30 31 31 30 31 31 30 31 31 30 31 31 30 31 31
 30 31 31 30 31 31 30 31 31 30 31 31 30 31 31 30
 31 31 30 31 31 30 31 31 30 31 31 30 31 31 30 31
 31 30 31 31 30 31 31 30 31 31 30 31 31 30 31 31
 30 31 31 30 31 31 30 31 31 30 31 31 30 31 31 30
 31 31 30 31 31 30 31 31 30 31 31 30 31 31 30 31
 31 30 31 31 30 31 31 30 31 31 30 31 31 30 31 31
 30 31 31 30 31 31 30 31 31 30 31 31 30 31 31 30
 31 31 30 31 31 30 31 31 30 31 31 30 31 31 30 31
 31 30 31 31 30 31 31 30 31 31 30 31 31 30 31 31
 30 31 31 30 31 31 30 31 31 30 31 31 30 31 31 30
 31 31 30 31 31 30 31 31 30 31 31 30 31 31 30 31
 31 30 31 31 30 31 31 30 31 31 30 31 31 30 31 31
 30 31 31 30 31 31 30 31 31 30 31 31 30 31 31 30
 31 31 30 31 31 30 31 31 30 31 31 30 31 31 30 31
 31 30 31 31 30 31 31 30 31 31 30 31 31 30 31 31
 30 31 31 30 31 31 30 31 31 30 31 31 30 31 31 30
 31 31 30 31 31 30 31 31 30 31 31 30 31 31 30 31
 31 30 31 31 30 31 31 30 31 31 30 31 31 30 31 31
 30 31 31 30 31 31 30 31 31 30 31 31 30 31 31 30
 31 31 30 31 31 30 31 31 30 31 31 30 31 31 30 31
 31 30 31 31 30 31 31 30 31 31 30 31 31 30 31 31
 30 31 31 30 31 31 30 31 31 30 31 31 30 31 31 30
 31 31 30 31 31 30 31 31 30 31 31 30 31 31 30 31
 31 30 31 31 30 31 31 30 31 31 30 31 31 30 31 31
 30 31 31 30 31 31 30 31 31 30 31 31 30 31 31 30
 31 31 30 31 31 30 31 31 30 31 31 30 31 31 30 31
 31 30 31 31 30 31 31 30 31 31 30 31 31 30 31 31
 30 31 31 30 31 31 30 31 31 30 31 31 30 31 31 30
 31 31 30 31 31 30 31 31 30 31 31 30 31 31 30 31
 31 30 31 31 30 31 31 30 31 31 30 31 31 30 31 31
 30 31 31 30 31 31 30 31 31 30 31 31 30 31 31 30
 31 31 30 31 31 30 31 31 30 31 31 30 31 31 30 31
 31 30 31 31 30 31 31 30 31 31 30 31 31 30 31 31
 30 31 31 30 31 31 30 31 31 30 31 31 30 31 31 30
 31 31 30 31 31 30 31 31 30 31 31 30 31 31 30 31
 31 30 31 31 30 31 31 30 31 31 30 31 31 30 31 31
 30 31 31 30 31 31 30 31 31 30 31 31 30 31 31 30
 31 31 30 31 31 30 31 31 30 31 31 30 31 31 30 31
 31 30 31 31 30 31 31 30 31 31 30 31 31 30 31 31
 30 31 31 30 31 31 30 31 31 30 31 31 30 31 31 30
 31 31 30 31 31 30 31 31 30 31 31 30 31 31 30 31
 31 30 31 31 30 31 31 30 31 31 30 31 31 30 31 31
 30 31 31 30 31 31 30 31 31 30 31 31 30 31 31 30
 31 31 30 31 31 30 31 31 30 31 31 30 31 31 30 31
 31 30 31 31 30 31 31 30 31 31 30 31 31 30 31 31
 30 31 31 30 31 31 30 31 31 30 31 31 30 31 31 30
 31 31 30 31 31 30 31 31 30 31 31 30 31 31 30 31
 31 30 31 31 30 31 31 30 31 31 30 31 31 30 31 31
 30 31 31 30 31 31 30 31 31 30 31 31 30 31 31 30
 31 31 30 31 31 30 31 31 30 31 31 30 31 31 30 31
 31 30 31 31 30 31 31 30 31 31 30 31 31 30 31 31
 30 31 31 30 31 31 30 31 31 30 31 31 30 31 31 30
 31 31 30 31 31 30 31 31 30 31 31 30 31 31 30 31
 31 30 31 31 30 31 31 30 31 31 30 31 31 30 31 31
 30 31 31 30 31 31 30 31 31 30 31 31 30 31 31 30
 31 31 30 31 31 30 31 31 30 31 31 30 31 31 30 31
 31 30 31 31 30 31 31 30 31 31 30 31 31 30 31 31
 30 31 31 30 31 31 30 31 31 30 31 31 30 31 31 30
 31 31 30 31 31 30 31 31 30 31 31 30 31 31 30 31
 31 30 31 31 30 31 31 30 31 31 30 31 31 30 31 31
 30 31 31 30 31 31 30 31 31 30 31 31 30 31 31 30
 31 31 30 31 31 30 31 31 30 31 31 30 31 31 30 31
 31 30 31 31 30 31 31 30 31 31 30 31 31 30 31 31
 30 31 31 30 31 31 30 31 31 30 31 31 30 31 31 30
 31 31 30 31 31 30 31 31 30 31 31 30 31 31 30 31
 31 30 31 31 30 31 31 30 31 31 30 31 31 30 31 31
 30 31 31 30 31 31 30 31 31 30 31 31 30 31 31 30
 31 31 30 31 31 30 31 31 30 31 31 30 31 31 30 31
 31 30 31 31 30 31 31 30 31 31 30 31 31 30 31 31
 30 31 31 30 31 31 30 31 31 30 31 31 30 31 31 30
 31 31 30 31 31 30 31 31 30 31 31 30 31 31 30 31
 31 30 31 31 30 31 31 30 31 31 30 31 31 30 31 31
 30 31 31 30 31 31 30 31 31 30 31 31 30 31 31 30
 31 31 30 31 31 30 31 31 30 31 31 30 31 31 30 31
 31 30 31 31 30 31 31 30 31 31 30 31 31 30 31 31
 30 31 31 30 31 31 30 31 31 30 31 31 30 31 31 30
 31 31 30 31 31 30 31 31 30 31 31 30 31 31 30 31
 31 30 31 31 30 31 31 30 31 31 30 31 31 30 31 31
 30 31 31 30 31 31 30 31 31 30 31 31 30 31 31 30
 31 31 30 31 31 30 31 31 30 31 31 30 31 31 30 31
 31 30 31 31 30 31 31 30 31 31 30 31 31 30 31 31
 30 31 31 30 31 31 30 31 31 30 31 31 30 31 31 30
 31 31 30 31 31 30 31 31 30 31 31 30 31 31 30 31
 31 30 31 31 30 31 31 30 31 31 30 31 31 30 31 31
 30 31 31 30 31 31 30 31 31 30 31 31 30 31 31 30
 31 31 30 31 31 30 31 31 30 31 31 30 31 31 30 31
 31 30 31 31 30 31 31 30 31 31 30 31 31 30 31 31
 30 31 31 30 31 31 30 31 31 30 31 31 30 31 31 30
 31 31 30 31 31 30 31 31 30 31 31 30 31 31 30 31
 31 30 31 31 30 31 31 30 31 31 30 31 31 30 31 31
 30 31 31 30 31 31 30 31 31 30 31 31 30 31 31 30
 31 31 30 31 31 30 31 31 30 31 31 30 31 31 30 31
 31 30 31 31 30 31 31 30 31 31 30 31 31 30 31 31
 30 31 31 30 31 31 30 31 31 30 31 31 30 31 31 30
 31 ad ae ad ad ae ad ad ae ad ad ae ad ad ae ad
 ad ae ad ad ae ad ad ae ad ad ae ad ad ae ad ad
 ae ad ad ae ad ad ae ad ad ae ad ad ae ad ad ae
 ad ad ae ad 31 30 31 31 30 31 31 30 31 31 30 31
 31 30 31 31 30 31 31 30 31 31 30 31 31 30 31 31
 30 31 31 30 31 31 30 31 31 30 31 31 30 31 31 30
 31 31 30 31 31 30 31 31 30 31 31 30 31 31 30 31
 31 30 31 31 30 31 31 30 31 31 30 31 31 30 31 31
 30 31 31 30 31 31 30 31 31 30 31 31 30 31 31 30
 31 31 30 31 31 30 31 31 30 31 31 30 31 31 30 31
 31 30 31 31 30 31 31 30 31 31 30 31 31 30 31 31
 30 31 31 30 31 31 30 31 31 30 31 31 30 31 31 30
 31 31 30 31 31 30 31 31 30 31 31 30 31 31 30 31
 31 30 31 31 30 31 31 30 31 31 30 31 31 30 31 31
 30 31 31 30 31 31 30 31 31 30 31 31 30 31 31 30
 31 31 30 31 31 30 31 31 30 31 31 30 31 31 30 31
 31 30 31 31 30 31 31 30 31 31 30 31 31 30 31 31
 30 31 31 30 31 31 30 31 31 30 31 31 30 31 ad ae
 ad ad ae ad ad ae ad ad ae ad ad ae ad ad ae ad
 ad ae ad ad ae ad ad ae ad ad ae ad ad ae ad ad
 ae ad ad ae ad ad ae ad ad ae ad ad ae ad ad ae
 ad ad ae ad ad ae ad ad ae ad ad ae ad ad ae ad
 ad ae ad ad ae ad ad ae ad ad ae ad ad ae ad ad
 ae ad ad ae ad ad ae ad ad ae ad ad ae ad ad ae
 ad ad ae ad ad ae ad ad ae ad ad ae ad ad ae ad
 ad ae ad ad ae ad ad ae ad ad ae ad ad ae ad ad
 ae ad ad ae ad ad ae ad ad ae ad ad ae ad ad ae
 ad ad ae ad ad ae ad 31 30 31 31 30 31 31 30 31
 31 30 31 31 30 31 31 30 31 31 30 31 31 30 31 31
 30 31 31 30 31 31 30 31 31 30 31 31 30 31 31 30
 31 31 30 31 31 30 31 31 30 31 31 30 31 31 30 31
 31 30 31 31 30 31 31 30 31 31 30 31 31 30 31 31
 30 31 31 30 31 31 30 31 31 30 31 31 30 31 31 30
 31 31 30 31 31 30 31 31 30 31 31 30 31 31 30 31
 31 30 31 31 30 31 31 30 31 31 30 31 31 30 31 31
 30 31 31 30 31 31 30 31 31 30 31 31 30 31 31 30
 31 31 30 31 31 30 31 31 30 31 31 30 31 31 30 31
 31 30 31 31 30 31 31 30 31 31 30 31 31 30 31 31
 30 31 31 30 31 31 30 31 31 30 31 31 30 31 31 30
 31 31 30 31 31 30 31 31 30 31 31 30 31 31 30 31
 31 30 31 31 30 31 31 30 31 31 30 31 31 30 31 31
 30 31 31 30 31 31 30 31 31 30 31 31 30 31 ad ae
 ad ad ae ad ad ae ad ad ae ad ad ae ad ad ae ad
 ad ae ad ad ae ad ad ae ad ad ae ad ad ae ad ad
 ae ad ad ae ad ad ae ad 9c a6 a5 39 75 7b 39 75
 7b 39 75 7b 39 75 7b 39 75 7b 39 75 7b 39 75 7b
 39 75 7b 39 75 7b 39 75 7b 39 75 7b 39 79 84 39
 79 84 39 79 84 39 79 84 39 79 84 39 79 84 39 79
 84 39 79 84 39 79 84 73 92 94 ad ae ad ad ae ad
 ad ae ad ad ae ad ad ae ad ad ae ad ad ae ad ad
 ae ad ad ae ad ad ae ad ad ae ad ad ae ad ad ae
 ad ad ae ad ad ae ad 31 30 31 31 30 31 31 30 31
 31 30 31 31 30 31 31 30 31 31 30 31 31 30 31 31
 30 31 31 30 31 31 30 31 31 30 31 31 30 31 31 30
 31 31 30 31 31 30 31 31 30 31 31 30 31 31 30 31
 31 30 31 31 30 31 31 30 31 31 30 31 31 30 31 31
 30 31 31 30 31 31 30 31 31 30 31 31 30 31 31 30
 31 31 30 31 31 30 31 31 30 31 31 30 31 31 30 31
 31 30 31 31 30 31 31 30 31 31 30 31 31 30 31 31
 30 31 31 30 31 31 30 31 31 30 31 31 30 31 31 30
 31 31 30 31 31 30 31 31 30 31 31 30 31 31 30 31
 31 30 31 31 30 31 31 30 31 31 30 31 31 30 31 31
 30 31 31 30 31 31 30 31 31 30 31 31 30 31 31 30
 31 31 30 31 31 30 31 31 30 31 31 30 31 31 30 31
 31 30 31 31 30 31 31 30 31 31 30 31 31 30 31 31
 30 31 31 30 31 31 30 31 31 30 31 ad ae ad ad ae
 ad ad ae ad ad ae ad ad ae ad ad ae ad ad ae ad
 ad ae ad ad ae ad ad ae ad ad ae ad ad ae ad ad
 ae ad ad ae ad ad ae ad 9c a6 a5 39 7d 84 39 82
 84 39 82 84 39 82 8c b5 c7 c6 f7 f7 f7 ef ef ef
 39 82 8c 39 82 8c 39 82 8c 39 82 8c 39 82 8c f7
 f7 f7 f7 f7 f7 f7 f7 f7 e7 e7 e7 f7 f7 f7 42 86
 8c 42 86 8c 42 86 8c 39 86 8c ad ae ad ad ae ad
 ad ae ad ad ae ad ad ae ad ad ae ad ad ae ad ad
 ae ad ad ae ad ad ae ad ad ae ad ad ae ad ad ae
 ad ad ae ad ad ae ad ad ae ad 31 30 31 31 30 31
 31 30 31 31 30 31 31 30 31 31 30 31 31 30 31 31
 30 31 31 30 31 31 30 31 31 30 31 31 30 31 31 30
 31 31 30 31 31 30 31 31 30 31 31 30 31 31 30 31
 31 30 31 31 30 31 31 30 31 31 30 31 31 30 31 31
 30 31 31 30 31 31 30 31 31 30 31 31 30 31 31 30
 31 31 30 31 31 30 31 31 30 31 31 30 31 31 30 31
 31 30 31 31 30 31 31 30 31 31 30 31 31 30 31 31
 30 31 31 30 31 31 30 31 31 30 31 31 30 31 31 30
 31 31 30 31 31 30 31 31 30 31 31 30 31 31 30 31
 31 30 31 31 30 31 31 30 31 31 30 31 31 30 31 31
 30 31 31 30 31 31 30 31 31 30 31 31 30 31 31 30
 31 31 30 31 31 30 31 31 30 31 31 30 31 31 30 31
 31 30 31 31 30 31 31 30 31 31 30 31 31 30 31 31
 30 31 31 30 31 31 30 31 31 30 31 ad ae ad ad ae
 ad ad ae ad ad ae ad ad ae ad ad ae ad ad ae ad
 ad ae ad ad ae ad ad ae ad ad ae ad ad ae ad ad
 ae ad ad ae ad ad ae ad 9c a6 ad 42 8e 94 42 8e
 94 42 8e 94 e7 e7 e7 f7 f7 f7 8c ae b5 4a 8e 94
 4a 92 94 52 92 9c 5a 96 9c 5a 96 9c 5a 96 9c 5a
 96 9c 5a 96 9c 52 96 9c 52 96 9c c6 d3 d6 f7 f7
 f7 4a 92 9c 4a 8e 9c 42 8e 94 7b 9e a5 ad ae ad
 ad ae ad ad ae ad ad ae ad ad ae ad ad ae ad ad
 ae ad ad ae ad ad ae ad ad ae ad ad ae ad ad ae
 ad ad ae ad ad ae ad ad ae ad ad ae ad 31 30 31
 31 30 31 31 30 31 31 30 31 31 30 31 31 30 31 31
 30 31 31 30 31 31 30 31 31 30 31 31 30 31 31 30
 31 31 30 31 31 30 31 31 30 31 31 30 31 31 30 31
 31 30 31 31 30 31 31 30 31 31 30 31 31 30 31 31
 30 31 31 30 31 31 30 31 31 30 31 31 30 31 31 30
 31 31 30 31 31 30 31 31 30 31 31 30 31 31 30 31
 31 30 31 31 30 31 31 30 31 31 30 31 31 30 31 31
 30 31 31 30 31 31 30 31 31 30 31 31 30 31 31 30
 31 31 30 31 31 30 31 31 30 31 31 30 31 31 30 31
 31 30 31 31 30 31 31 30 31 31 30 31 31 30 31 31
 30 31 31 30 31 31 30 31 31 30 31 31 30 31 31 30
 31 31 30 31 31 30 31 31 30 31 31 30 31 31 30 31
 31 30 31 31 30 31 31 30 31 31 30 31 31 30 31 31
 30 31 31 30 31 31 30 31 31 30 31 ad ae ad ad ae
 ad ad ae ad ad ae ad ad ae ad ad ae ad ad ae ad
 ad ae ad ad ae ad ad ae ad ad ae ad ad ae ad ad
 ae ad ad ae ad ad ae ad 9c aa ad 4a 96 9c 52 96
 9c 52 96 9c 63 9a a5 f7 f7 f7 9c be bd 73 a6 ad
 73 a6 ad 7b aa ad 7b aa b5 84 ae b5 84 ae b5 7b
 aa b5 7b aa b5 7b aa ad 73 a6 ad f7 f7 f7 ef ef
 f7 73 a6 ad 63 a2 ad 5a 9e a5 84 a2 ad ad ae ad
 ad ae ad ad ae ad ad ae ad ad ae ad ad ae ad ad
 ae ad ad ae ad ad ae ad ad ae ad ad ae ad ad ae
 ad ad ae ad ad ae ad ad ae ad ad ae ad 31 30 31
 31 30 31 31 30 31 31 30 31 31 30 31 31 30 31 31
 30 31 31 30 31 31 30 31 31 30 31 31 30 31 31 30
 31 31 30 31 31 30 31 31 30 31 31 30 31 31 30 31
 31 30 31 31 30 31 31 30 31 31 30 31 31 30 31 31
 30 31 31 30 31 31 30 31 31 30 31 31 30 31 31 30
 31 31 30 31 31 30 31 31 30 31 31 30 31 31 30 31
 31 30 31 31 30 31 31 30 31 31 30 31 31 30 31 31
 30 31 31 30 31 31 30 31 31 30 31 31 30 31 31 30
 31 31 30 31 31 30 31 31 30 31 31 30 31 31 30 31
 31 30 31 31 30 31 31 30 31 31 30 31 31 30 31 31
 30 31 31 30 31 31 30 31 31 30 31 31 30 31 31 30
 31 31 30 31 31 30 31 31 30 31 31 30 31 31 30 31
 31 30 31 31 30 31 31 30 31 31 30 31 31 30 31 31
 30 31 31 30 31 31 30 31 31 30 31 ad ae ad ad ae
 ad ad ae ad ad ae ad ad ae ad ad ae ad ad ae ad
 ad ae ad ad ae ad ad ae ad ad ae ad ad ae ad ad
 ae ad ad ae ad ad ae ad a5 ae ad 63 a2 ad 6b a6
 ad 6b a6 ad 73 aa b5 c6 d7 de f7 f7 f7 ef f3 f7
 b5 cb ce a5 be c6 a5 c3 c6 ad c3 c6 ad c3 c6 bd
 cf d6 ce df de ef f3 f7 f7 f7 f7 f7 f3 f7 94 ba
 bd 8c b6 bd 7b ae b5 73 aa b5 6b aa ad 8c aa ad
 ad ae ad ad ae ad ad ae ad ad ae ad ad ae ad ad
 ae ad ad ae ad ad ae ad ad ae ad ad ae ad ad ae
 ad ad ae ad ad ae ad ad ae ad ad ae ad ad ae ad
 31 30 31 31 30 31 31 30 31 31 30 31 31 30 31 31
 30 31 31 30 31 31 30 31 31 30 31 31 30 31 31 30
 31 31 30 31 31 30 31 31 30 31 31 30 31 31 30 31
 31 30 31 31 30 31 31 30 31 31 30 31 31 30 31 31
 30 31 31 30 31 31 30 31 31 30 31 31 30 31 31 30
 31 31 30 31 31 30 31 31 30 31 31 30 31 31 30 31
 31 30 31 31 30 31 31 30 31 31 30 31 31 30 31 31
 30 31 31 30 31 31 30 31 31 30 31 31 30 31 31 30
 31 31 30 31 31 30 31 31 30 31 31 30 31 31 30 31
 31 30 31 31 30 31 31 30 31 31 30 31 31 30 31 31
 30 31 31 30 31 31 30 31 31 30 31 31 30 31 31 30
 31 31 30 31 31 30 31 31 30 31 31 30 31 31 30 31
 31 30 31 31 30 31 31 30 31 31 30 31 31 30 31 31
 30 31 31 30 31 31 30 31 ad ae ad ad ae ad ad ae
 ad ad ae ad ad ae ad ad ae ad ad ae ad ad ae ad
 ad ae ad ad ae ad ad ae ad ad ae ad ad ae ad ad
 ae ad ad ae ad b5 b2 b5 ad b2 b5 73 aa b5 7b b2
 b5 84 b6 bd 8c ba bd 9c be c6 b5 cb ce ce df de
 ef ef ef f7 f7 f7 f7 f3 f7 08 41 42 08 41 42 18
 45 4a 4a 65 6b 84 92 94 b5 ba bd de e3 e7 e7 eb
 ef c6 d7 de 94 be c6 8c b6 bd 7b b2 bd 94 b6 bd
 b5 b6 b5 b5 b2 b5 b5 b2 b5 ad ae ad ad ae ad ad
 ae ad ad ae ad ad ae ad ad ae ad ad ae ad ad ae
 ad ad ae ad ad ae ad ad ae ad ad ae ad ad ae ad
 ad ae ad 31 30 31 31 30 31 31 30 31 31 30 31 31
 30 31 31 30 31 31 30 31 31 30 31 31 30 31 31 30
 31 31 30 31 31 30 31 31 30 31 31 30 31 31 30 31
 31 30 31 31 30 31 31 30 31 31 30 31 31 30 31 31
 30 31 31 30 31 31 30 31 31 30 31 31 30 31 31 30
 31 31 30 31 31 30 31 31 30 31 31 30 31 31 30 31
 31 30 31 31 30 31 31 30 31 31 30 31 31 30 31 31
 30 31 31 30 31 31 30 31 31 30 31 31 30 31 31 30
 31 31 30 31 31 30 31 31 30 31 31 30 31 31 30 31
 31 30 31 31 30 31 31 30 31 31 30 31 31 30 31 31
 30 31 31 30 31 31 30 31 31 30 31 31 30 31 31 30
 31 31 30 31 31 30 31 31 30 31 31 30 31 31 30 31
 31 30 31 31 30 31 31 30 31 31 30 31 31 30 31 31
 30 31 31 30 31 31 30 31 ad ae ad ad ae ad ad ae
 ad ad ae ad ad ae ad ad ae ad ad ae ad ad ae ad
 ad ae ad ad ae ad ad ae ad ad ae ad ad ae ad ad
 ae ad b5 b2 b5 b5 b2 b5 ad b6 b5 7b b2 bd 9c c3
 c6 de e3 e7 94 a6 a5 18 59 63 10 59 5a 10 59 5a
 10 59 5a 10 61 6b 4a 75 7b bd c3 c6 ad b6 b5 42
 71 73 10 61 6b 10 61 6b 10 61 6b 10 61 6b 10 61
 6b 10 61 6b 10 61 6b 10 61 63 73 92 94 bd cb ce
 b5 b6 b5 b5 b6 b5 b5 b2 b5 ad ae ad ad ae ad ad
 ae ad ad ae ad ad ae ad ad ae ad ad ae ad ad ae
 ad ad ae ad ad ae ad ad ae ad ad ae ad ad ae ad
 ad ae ad 31 30 31 31 30 31 31 30 31 31 30 31 31
 30 31 31 30 31 31 30 31 31 30 31 31 30 31 31 30
 31 31 30 31 31 30 31 31 30 31 31 30 31 31 30 31
 31 30 31 31 30 31 31 30 31 31 30 31 31 30 31 31
 30 31 31 30 31 31 30 31 31 30 31 31 30 31 31 30
 31 31 30 31 31 30 31 31 30 31 31 30 31 31 30 31
 31 30 31 31 30 31 31 30 31 31 30 31 31 30 31 31
 30 31 31 30 31 31 30 31 31 30 31 31 30 31 31 30
 31 31 30 31 31 30 31 31 30 31 31 30 31 31 30 31
 31 30 31 31 30 31 31 30 31 31 30 31 31 30 31 31
 30 31 31 30 31 31 30 31 31 30 31 31 30 31 31 30
 31 31 30 31 31 30 31 31 30 31 31 30 31 31 30 31
 31 30 31 31 30 31 31 30 31 31 30 31 31 30 31 31
 30 31 31 30 31 31 30 31 ad ae ad ad ae ad ad ae
 ad ad ae ad ad ae ad ad ae ad ad ae ad ad ae ad
 ad ae ad ad ae ad ad ae ad ad ae ad ad ae ad ad
 ae ad b5 b2 b5 b5 b6 b5 a5 ae ad 18 6d 73 18 6d
 73 18 6d 73 18 6d 73 18 6d 73 18 6d 73 18 6d 73
 18 6d 73 18 75 7b 5a 8a 8c 84 a2 a5 84 a2 a5 84
 a2 a5 7b 9e a5 18 75 7b 18 75 7b 18 75 7b 18 75
 7b 18 75 7b 18 75 7b 18 75 7b 21 79 84 21 79 84
 73 96 9c b5 b6 b5 b5 b2 b5 ad ae ad ad ae ad ad
 ae ad ad ae ad ad ae ad ad ae ad ad ae ad ad ae
 ad ad ae ad ad ae ad ad ae ad ad ae ad ad ae ad
 ad ae ad ad ae ad 31 30 31 31 30 31 31 30 31 31
 30 31 31 30 31 31 30 31 31 30 31 31 30 31 31 30
 31 31 30 31 31 30 31 31 30 31 31 30 31 31 30 31
 31 30 31 31 30 31 31 30 31 31 30 31 31 30 31 31
 30 31 31 30 31 31 30 31 31 30 31 31 30 31 31 30
 31 31 30 31 31 30 31 31 30 31 31 30 31 31 30 31
 31 30 31 31 30 31 31 30 31 31 30 31 31 30 31 31
 30 31 31 30 31 31 30 31 31 30 31 31 30 31 31 30
 31 31 30 31 31 30 31 31 30 31 31 30 31 31 30 31
 31 30 31 31 30 31 31 30 31 31 30 31 31 30 31 31
 30 31 31 30 31 31 30 31 31 30 31 31 30 31 31 30
 31 31 30 31 31 30 31 31 30 31 31 30 31 31 30 31
 31 30 31 31 30 31 31 30 31 31 30 31 31 30 31 31
 30 31 31 30 31 31 30 31 ad ae ad ad ae ad ad ae
 ad ad ae ad ad ae ad ad ae ad ad ae ad ad ae ad
 ad ae ad ad ae ad ad ae ad ad ae ad ad ae ad ad
 ae ad b5 b2 b5 b5 b2 b5 a5 ae ad 21 7d 84 21 7d
 84 21 7d 84 21 7d 84 21 7d 84 21 7d 84 21 7d 84
 21 7d 84 21 7d 84 21 82 8c 21 82 8c 21 82 8c 84
 aa ad b5 c7 c6 21 82 8c 21 82 8c 21 82 8c 21 82
 8c 21 82 8c 21 82 8c 21 82 8c 21 82 8c 21 86 8c
 73 9a 9c b5 b6 b5 b5 b2 b5 ad ae ad ad ae ad ad
 ae ad ad ae ad ad ae ad ad ae ad ad ae ad ad ae
 ad ad ae ad ad ae ad ad ae ad ad ae ad ad ae ad
 ad ae ad ad ae ad 31 30 31 31 30 31 31 30 31 31
 30 31 31 30 31 31 30 31 31 30 31 31 30 31 31 30
 31 31 30 31 31 30 31 31 30 31 31 30 31 31 30 31
 31 30 31 31 30 31 31 30 31 31 30 31 31 30 31 31
 30 31 31 30 31 31 30 31 31 30 31 31 30 31 31 30
 31 31 30 31 31 30 31 31 30 31 31 30 31 31 30 31
 31 30 31 31 30 31 31 30 31 31 30 31 31 30 31 31
 30 31 31 30 31 31 30 31 31 30 31 31 30 31 31 30
 31 31 30 31 31 30 31 31 30 31 31 30 31 31 30 31
 31 30 31 31 30 31 31 30 31 31 30 31 31 30 31 31
 30 31 31 30 31 31 30 31 31 30 31 31 30 31 31 30
 31 31 30 31 31 30 31 31 30 31 31 30 31 31 30 31
 31 30 31 31 30 31 31 30 31 31 30 31 31 30 31 31
 30 31 31 30 31 31 30 31 ad ae ad ad ae ad ad ae
 ad ad ae ad ad ae ad ad ae ad ad ae ad ad ae ad
 ad ae ad ad ae ad ad ae ad ad ae ad ad ae ad ad
 ae ad ad ae ad b5 b2 b5 9c aa ad 21 86 8c 21 86
 8c 21 86 8c 21 86 8c 21 86 8c 21 86 8c 21 86 8c
 21 86 8c 21 86 8c 42 8e 94 a5 be c6 21 8a 94 84
 aa ad b5 c7 ce 21 8a 94 21 8a 94 21 8a 94 21 8a
 94 21 8a 94 21 8a 94 21 8a 94 21 8a 94 21 8a 94
 73 9a a5 b5 b2 b5 ad ae ad ad ae ad ad ae ad ad
 ae ad ad ae ad ad ae ad ad ae ad ad ae ad ad ae
 ad ad ae ad ad ae ad ad ae ad ad ae ad ad ae ad
 ad ae ad ad ae ad ad ae ad 31 30 31 31 30 31 31
 30 31 31 30 31 31 30 31 31 30 31 31 30 31 31 30
 31 31 30 31 31 30 31 31 30 31 31 30 31 31 30 31
 31 30 31 31 30 31 31 30 31 31 30 31 31 30 31 31
 30 31 31 30 31 31 30 31 31 30 31 31 30 31 31 30
 31 31 30 31 31 30 31 31 30 31 31 30 31 31 30 31
 31 30 31 31 30 31 31 30 31 31 30 31 31 30 31 31
 30 31 31 30 31 31 30 31 31 30 31 31 30 31 31 30
 31 31 30 31 31 30 31 31 30 31 31 30 31 31 30 31
 31 30 31 31 30 31 31 30 31 31 30 31 31 30 31 31
 30 31 31 30 31 31 30 31 31 30 31 31 30 31 31 30
 31 31 30 31 31 30 31 31 30 31 31 30 31 31 30 31
 31 30 31 31 30 31 31 30 31 31 30 31 31 30 31 31
 30 31 31 30 31 ad ae ad ad ae ad ad ae ad ad ae
 ad ad ae ad ad ae ad ad ae ad ad ae ad ad ae ad
 ad ae ad ad ae ad ad ae ad ad ae ad ad ae ad ad
 ae ad ad ae ad ad ae ad 9c aa ad 21 8a 94 21 8e
 94 21 8e 94 21 8e 94 21 8e 94 21 8e 94 21 8e 94
 21 8e 94 21 8e 94 21 8e 94 21 8e 94 21 8e 94 21
 8e 94 21 8e 94 21 8e 9c 21 8e 9c 21 8e 9c 21 8e
 9c 21 8e 9c 21 8e 9c 21 8e 9c 21 8e 9c 21 8e 9c
 21 8e 9c 6b 9e a5 ad ae ad ad ae ad ad ae ad ad
 ae ad ad ae ad ad ae ad ad ae ad ad ae ad ad ae
 ad ad ae ad ad ae ad ad ae ad ad ae ad ad ae ad
 ad ae ad ad ae ad ad ae ad ad ae ad 31 30 31 31
 30 31 31 30 31 31 30 31 31 30 31 31 30 31 31 30
 31 31 30 31 31 30 31 31 30 31 31 30 31 31 30 31
 31 30 31 31 30 31 31 30 31 31 30 31 31 30 31 31
 30 31 31 30 31 31 30 31 31 30 31 31 30 31 31 30
 31 31 30 31 31 30 31 31 30 31 31 30 31 31 30 31
 31 30 31 31 30 31 31 30 31 31 30 31 31 30 31 31
 30 31 31 30 31 31 30 31 31 30 31 31 30 31 31 30
 31 31 30 31 31 30 31 31 30 31 31 30 31 31 30 31
 31 30 31 31 30 31 31 30 31 31 30 31 31 30 31 31
 30 31 31 30 31 31 30 31 31 30 31 31 30 31 31 30
 31 31 30 31 31 30 31 31 30 31 31 30 31 31 30 31
 31 30 31 31 30 31 31 30 31 31 30 31 31 30 31 31
 30 31 31 30 31 ad ae ad ad ae ad ad ae ad ad ae
 ad ad ae ad ad ae ad ad ae ad ad ae ad ad ae ad
 ad ae ad ad ae ad ad ae ad ad ae ad ad ae ad ad
 ae ad ad ae ad ad ae ad 9c aa ad 21 92 9c 21 92
 9c 21 92 9c 21 92 9c 21 92 9c 21 92 9c 21 92 9c
 21 92 9c 21 92 9c 21 92 9c 21 92 9c 29 96 9c bd
 cf ce 84 b2 b5 21 92 9c 21 92 9c 21 92 9c 21 92
 9c 21 92 9c 29 96 9c 29 96 9c 29 96 9c 29 96 9c
 29 96 9c 6b 9e a5 ad ae ad ad ae ad ad ae ad ad
 ae ad ad ae ad ad ae ad ad ae ad ad ae ad ad ae
 ad ad ae ad ad ae ad ad ae ad ad ae ad ad ae ad
 ad ae ad ad ae ad ad ae ad ad ae ad 31 30 31 31
 30 31 31 30 31 31 30 31 31 30 31 31 30 31 31 30
 31 31 30 31 31 30 31 31 30 31 31 30 31 31 30 31
 31 30 31 31 30 31 31 30 31 31 30 31 31 30 31 31
 30 31 31 30 31 31 30 31 31 30 31 31 30 31 31 30
 31 31 30 31 31 30 31 31 30 31 31 30 31 31 30 31
 31 30 31 31 30 31 31 30 31 31 30 31 31 30 31 31
 30 31 31 30 31 31 30 31 31 30 31 31 30 31 31 30
 31 31 30 31 31 30 31 31 30 31 31 30 31 31 30 31
 31 30 31 31 30 31 31 30 31 31 30 31 31 30 31 31
 30 31 31 30 31 31 30 31 31 30 31 31 30 31 31 30
 31 31 30 31 31 30 31 31 30 31 31 30 31 31 30 31
 31 30 31 31 30 31 31 30 31 31 30 31 31 30 31 31
 30 31 31 30 31 ad ae ad ad ae ad ad ae ad ad ae
 ad ad ae ad ad ae ad ad ae ad ad ae ad ad ae ad
 ad ae ad ad ae ad ad ae ad ad ae ad ad ae ad ad
 ae ad ad ae ad ad ae ad 9c aa ad 29 96 9c 29 96
 9c 29 96 9c 29 96 9c 29 96 9c 29 96 9c 29 96 9c
 29 96 9c 29 96 9c 29 96 9c 29 96 9c 29 96 9c 29
 96 9c 29 96 9c 29 96 9c 29 96 9c 29 96 9c 29 96
 9c 29 96 9c 29 96 9c 29 96 9c 29 96 9c 29 96 9c
 29 96 9c 6b a2 a5 ad ae ad ad ae ad ad ae ad ad
 ae ad ad ae ad ad ae ad ad ae ad ad ae ad ad ae
 ad ad ae ad ad ae ad ad ae ad ad ae ad ad ae ad
 ad ae ad ad ae ad ad ae ad ad ae ad ad ae ad 31
 30 31 31 30 31 31 30 31 31 30 31 31 30 31 31 30
 31 31 30 31 31 30 31 31 30 31 31 30 31 31 30 31
 31 30 31 31 30 31 31 30 31 31 30 31 31 30 31 31
 30 31 31 30 31 31 30 31 31 30 31 31 30 31 31 30
 31 31 30 31 31 30 31 31 30 31 31 30 31 31 30 31
 31 30 31 31 30 31 31 30 31 31 30 31 31 30 31 31
 30 31 31 30 31 31 30 31 31 30 31 31 30 31 31 30
 31 31 30 31 31 30 31 31 30 31 31 30 31 31 30 31
 31 30 31 31 30 31 31 30 31 31 30 31 31 30 31 31
 30 31 31 30 31 31 30 31 31 30 31 31 30 31 31 30
 31 31 30 31 31 30 31 31 30 31 31 30 31 31 30 31
 31 30 31 31 30 31 31 30 31 31 30 31 31 30 31 31
 30 31 31 30 31 ad ae ad ad ae ad ad ae ad ad ae
 ad ad ae ad ad ae ad ad ae ad ad ae ad ad ae ad
 ad ae ad ad ae ad ad ae ad ad ae ad ad ae ad ad
 ae ad ad ae ad ad ae ad 9c aa ad 29 96 9c 29 96
 9c 29 96 9c 29 9a a5 29 9a a5 29 9a a5 29 9a a5
 29 9a a5 29 9a a5 29 9a a5 73 ae b5 a5 c3 c6 a5
 c3 c6 a5 c3 c6 52 a2 ad 29 9a a5 29 9a a5 29 9a
 a5 29 9a a5 29 9a a5 29 9a a5 29 9a a5 29 9a a5
 29 9a a5 29 9a a5 6b a2 a5 ad ae ad ad ae ad ad
 ae ad ad ae ad ad ae ad ad ae ad ad ae ad ad ae
 ad ad ae ad ad ae ad ad ae ad ad ae ad ad ae ad
 ad ae ad ad ae ad ad ae ad ad ae ad ad ae ad 31
 30 31 31 30 31 31 30 31 31 30 31 31 30 31 31 30
 31 31 30 31 31 30 31 31 30 31 31 30 31 31 30 31
 31 30 31 31 30 31 31 30 31 31 30 31 31 30 31 31
 30 31 31 30 31 31 30 31 31 30 31 31 30 31 31 30
 31 31 30 31 31 30 31 31 30 31 31 30 31 31 30 31
 31 30 31 31 30 31 31 30 31 31 30 31 31 30 31 31
 30 31 31 30 31 31 30 31 31 30 31 31 30 31 31 30
 31 31 30 31 31 30 31 31 30 31 31 30 31 31 30 31
 31 30 31 31 30 31 31 30 31 31 30 31 31 30 31 31
 30 31 31 30 31 31 30 31 31 30 31 31 30 31 31 30
 31 31 30 31 31 30 31 31 30 31 31 30 31 31 30 31
 31 30 31 31 30 31 31 30 31 31 30 31 31 30 31 31
 30 31 ad ae ad ad ae ad ad ae ad ad ae ad ad ae
 ad ad ae ad ad ae ad ad ae ad ad ae ad ad ae ad
 ad ae ad ad ae ad ad ae ad ad ae ad ad ae ad ad
 ae ad ad ae ad ad ae ad 9c aa ad 29 9a a5 29 9a
 a5 29 9a a5 29 9a a5 29 9a a5 29 9a a5 29 9a a5
 29 9a a5 29 9a a5 29 9a a5 7b b2 bd b5 cf d6 b5
 cf d6 b5 cf d6 94 ba bd 29 9a a5 29 9a a5 29 9a
 a5 29 9a a5 29 9a a5 29 9a a5 29 9a a5 29 9a a5
 29 9a a5 29 9a a5 6b a2 a5 ad ae ad ad ae ad ad
 ae ad ad ae ad ad ae ad ad ae ad ad ae ad ad ae
 ad ad ae ad ad ae ad ad ae ad ad ae ad ad ae ad
 ad ae ad ad ae ad ad ae ad ad ae ad ad ae ad ad
 ae ad 31 30 31 31 30 31 31 30 31 31 30 31 31 30
 31 31 30 31 31 30 31 31 30 31 31 30 31 31 30 31
 31 30 31 31 30 31 31 30 31 31 30 31 31 30 31 31
 30 31 31 30 31 31 30 31 31 30 31 31 30 31 31 30
 31 31 30 31 31 30 31 31 30 31 31 30 31 31 30 31
 31 30 31 31 30 31 31 30 31 31 30 31 31 30 31 31
 30 31 31 30 31 31 30 31 31 30 31 31 30 31 31 30
 31 31 30 31 31 30 31 31 30 31 31 30 31 31 30 31
 31 30 31 31 30 31 31 30 31 31 30 31 31 30 31 31
 30 31 31 30 31 31 30 31 31 30 31 31 30 31 31 30
 31 31 30 31 31 30 31 31 30 31 31 30 31 31 30 31
 31 30 31 31 30 31 31 30 31 31 30 31 31 30 31 31
 30 31 ad ae ad ad ae ad ad ae ad ad ae ad ad ae
 ad ad ae ad ad ae ad ad ae ad ad ae ad ad ae ad
 ad ae ad ad ae ad ad ae ad ad ae ad ad ae ad ad
 ae ad ad ae ad ad ae ad 9c aa ad 29 9a a5 29 9a
 a5 29 9a a5 29 9a a5 29 9a a5 29 9a a5 29 9a a5
 29 9a a5 29 9a a5 29 9a a5 29 9a a5 29 9a a5 29
 9a a5 29 9a a5 29 9a a5 29 9a a5 29 9a a5 29 9a
 a5 29 9a a5 29 9a a5 29 9a a5 29 9a a5 29 9a a5
 29 9a a5 29 9a a5 29 9a a5 6b a2 ad ad ae ad ad
 ae ad ad ae ad ad ae ad ad ae ad ad ae ad ad ae
 ad ad ae ad ad ae ad ad ae ad ad ae ad ad ae ad
 ad ae ad ad ae ad ad ae ad ad ae ad ad ae ad ad
 ae ad ad ae ad 31 30 31 31 30 31 31 30 31 31 30
 31 31 30 31 31 30 31 31 30 31 31 30 31 31 30 31
 31 30 31 31 30 31 31 30 31 31 30 31 31 30 31 31
 30 31 31 30 31 31 30 31 31 30 31 31 30 31 31 30
 31 31 30 31 31 30 31 31 30 31 31 30 31 31 30 31
 31 30 31 31 30 31 31 30 31 31 30 31 31 30 31 31
 30 31 31 30 31 31 30 31 31 30 31 31 30 31 31 30
 31 31 30 31 31 30 31 31 30 31 31 30 31 31 30 31
 31 30 31 31 30 31 31 30 31 31 30 31 31 30 31 31
 30 31 31 30 31 31 30 31 31 30 31 31 30 31 31 30
 31 31 30 31 31 30 31 31 30 31 31 30 31 31 30 31
 31 30 31 31 30 31 31 30 31 31 30 31 31 30 31 31
 30 31 ad ae ad ad ae ad ad ae ad ad ae ad ad ae
 ad ad ae ad ad ae ad ad ae ad ad ae ad ad ae ad
 ad ae ad ad ae ad ad ae ad ad ae ad ad ae ad ad
 ae ad ad ae ad ad ae ad 9c aa ad 29 9a a5 29 9a
 a5 29 9a a5 29 9a a5 29 9a a5 29 9a a5 29 9a a5
 29 9a a5 29 9a a5 29 9a a5 29 9a a5 29 9a a5 29
 9a a5 29 9a a5 b5 cf d6 ce db de 29 9a a5 29 9a
 a5 29 9a a5 29 9a a5 29 9a a5 29 9a a5 29 9a a5
 29 9a a5 29 9a a5 29 9a a5 6b a2 ad ad ae ad ad
 ae ad ad ae ad ad ae ad ad ae ad ad ae ad ad ae
 ad ad ae ad ad ae ad ad ae ad ad ae ad ad ae ad
 ad ae ad ad ae ad ad ae ad ad ae ad ad ae ad ad
 ae ad ad ae ad 31 30 31 31 30 31 31 30 31 31 30
 31 31 30 31 31 30 31 31 30 31 31 30 31 31 30 31
 31 30 31 31 30 31 31 30 31 31 30 31 31 30 31 31
 30 31 31 30 31 31 30 31 31 30 31 31 30 31 31 30
 31 31 30 31 31 30 31 31 30 31 31 30 31 31 30 31
 31 30 31 31 30 31 31 30 31 31 30 31 31 30 31 31
 30 31 31 30 31 31 30 31 31 30 31 31 30 31 31 30
 31 31 30 31 31 30 31 31 30 31 31 30 31 31 30 31
 31 30 31 31 30 31 31 30 31 31 30 31 31 30 31 31
 30 31 31 30 31 31 30 31 31 30 31 31 30 31 31 30
 31 31 30 31 31 30 31 31 30 31 31 30 31 31 30 31
 31 30 31 31 30 31 31 30 31 31 30 31 31 30 31 31
 30 31 ad ae ad ad ae ad ad ae ad ad ae ad ad ae
 ad ad ae ad ad ae ad ad ae ad ad ae ad ad ae ad
 ad ae ad ad ae ad ad ae ad ad ae ad ad ae ad ad
 ae ad ad ae ad ad ae ad 9c aa ad 29 9a a5 29 9a
 a5 29 9a a5 29 9a a5 29 9a a5 29 9a a5 29 9a a5
 29 9a a5 29 9a a5 29 9a a5 29 9a a5 29 9a a5 29
 9a a5 29 9a a5 29 9a a5 29 9a a5 29 9a a5 29 9a
 a5 29 9a a5 29 9a a5 29 9a a5 29 9a a5 29 9a a5
 29 9a a5 29 9a a5 29 9a a5 6b a2 ad ad ae ad ad
 ae ad ad ae ad ad ae ad ad ae ad ad ae ad ad ae
 ad ad ae ad ad ae ad ad ae ad ad ae ad ad ae ad
 ad ae ad ad ae ad ad ae ad ad ae ad ad ae ad ad
 ae ad ad ae ad ad ae ad 31 30 31 31 30 31 31 30
 31 31 30 31 31 30 31 31 30 31 31 30 31 31 30 31
 31 30 31 31 30 31 31 30 31 31 30 31 31 30 31 31
 30 31 31 30 31 31 30 31 31 30 31 31 30 31 31 30
 31 31 30 31 31 30 31 31 30 31 31 30 31 31 30 31
 31 30 31 31 30 31 31 30 31 31 30 31 31 30 31 31
 30 31 31 30 31 31 30 31 31 30 31 31 30 31 31 30
 31 31 30 31 31 30 31 31 30 31 31 30 31 31 30 31
 31 30 31 31 30 31 31 30 31 31 30 31 31 30 31 31
 30 31 31 30 31 31 30 31 31 30 31 31 30 31 31 30
 31 31 30 31 31 30 31 31 30 31 31 30 31 31 30 31
 31 30 31 31 30 31 31 30 31 31 30 31 31 30 31 ad
 ae ad ad ae ad ad ae ad ad ae ad ad ae ad ad ae
 ad ad ae ad ad ae ad ad ae ad ad ae ad ad ae ad
 ad ae ad ad ae ad ad ae ad ad ae ad ad ae ad ad
 ae ad ad ae ad ad ae ad 9c aa ad 29 9a a5 29 9a
 a5 29 9a a5 29 9a a5 29 9a a5 29 9a a5 29 9a a5
 29 9a a5 29 9a a5 29 9a a5 29 9a a5 29 9a a5 29
 9a a5 29 9a a5 29 9a a5 29 9a a5 29 9a a5 29 9a
 a5 29 9a a5 29 9a a5 29 9a a5 9c aa ad 9c aa ad
 9c aa ad 9c aa ad 9c aa ad 9c aa ad ad ae ad ad
 ae ad ad ae ad ad ae ad ad ae ad ad ae ad ad ae
 ad ad ae ad ad ae ad ad ae ad ad ae ad ad ae ad
 ad ae ad ad ae ad ad ae ad ad ae ad ad ae ad ad
 ae ad ad ae ad ad ae ad ad ae ad 31 30 31 31 30
 31 31 30 31 31 30 31 31 30 31 31 30 31 31 30 31
 31 30 31 31 30 31 31 30 31 31 30 31 31 30 31 31
 30 31 31 30 31 31 30 31 31 30 31 31 30 31 31 30
 31 31 30 31 31 30 31 31 30 31 31 30 31 31 30 31
 31 30 31 31 30 31 31 30 31 31 30 31 31 30 31 31
 30 31 31 30 31 31 30 31 31 30 31 31 30 31 31 30
 31 31 30 31 31 30 31 31 30 31 31 30 31 31 30 31
 31 30 31 31 30 31 31 30 31 31 30 31 31 30 31 31
 30 31 31 30 31 31 30 31 31 30 31 31 30 31 31 30
 31 31 30 31 31 30 31 31 30 31 31 30 31 31 30 31
 31 30 31 31 30 31 31 30 31 31 30 31 31 30 31 ad
 ae ad ad ae ad ad ae ad ad ae ad ad ae ad ad ae
 ad ad ae ad ad ae ad ad ae ad ad ae ad ad ae ad
 ad ae ad ad ae ad ad ae ad ad ae ad ad ae ad ad
 ae ad ad ae ad ad ae ad ad ae ad a5 aa ad 9c aa
 ad 9c aa ad 9c aa ad ad ae ad ad ae ad ad ae ad
 ad ae ad ad ae ad ad ae ad ad ae ad ad ae ad ad
 ae ad ad ae ad ad ae ad ad ae ad ad ae ad ad ae
 ad ad ae ad ad ae ad ad ae ad ad ae ad ad ae ad
 ad ae ad ad ae ad ad ae ad ad ae ad ad ae ad ad
 ae ad ad ae ad ad ae ad ad ae ad ad ae ad ad ae
 ad ad ae ad ad ae ad ad ae ad ad ae ad ad ae ad
 ad ae ad ad ae ad ad ae ad ad ae ad ad ae ad ad
 ae ad ad ae ad ad ae ad ad ae ad 31 30 31 31 30
 31 31 30 31 31 30 31 31 30 31 31 30 31 31 30 31
 31 30 31 31 30 31 31 30 31 31 30 31 31 30 31 31
 30 31 31 30 31 31 30 31 31 30 31 31 30 31 31 30
 31 31 30 31 31 30 31 31 30 31 31 30 31 31 30 31
 31 30 31 31 30 31 31 30 31 31 30 31 31 30 31 31
 30 31 31 30 31 31 30 31 31 30 31 31 30 31 31 30
 31 31 30 31 31 30 31 31 30 31 31 30 31 31 30 31
 31 30 31 31 30 31 31 30 31 31 30 31 31 30 31 31
 30 31 31 30 31 31 30 31 31 30 31 31 30 31 31 30
 31 31 30 31 31 30 31 31 30 31 31 30 31 31 30 31
 31 30 31 31 30 31 31 30 31 31 30 31 31 30 31 ad
 ae ad ad ae ad ad ae ad ad ae ad ad ae ad ad ae
 ad ad ae ad ad ae ad ad ae ad ad ae ad ad ae ad
 ad ae ad ad ae ad ad ae ad ad ae ad ad ae ad ad
 ae ad ad ae ad ad ae ad ad ae ad ad ae ad ad ae
 ad ad ae ad ad ae ad ad ae ad ad ae ad ad ae ad
 ad ae ad ad ae ad ad ae ad ad ae ad ad ae ad ad
 ae ad ad ae ad ad ae ad ad ae ad ad ae ad ad ae
 ad ad ae ad ad ae ad ad ae ad ad ae ad ad ae ad
 ad ae ad ad ae ad ad ae ad ad ae ad ad ae ad ad
 ae ad ad ae ad ad ae ad ad ae ad ad ae ad 8c 8a
 8c 8c 8a 8c 8c 8a 8c 8c 8a 8c 8c 8a 8c 8c 8a 8c
 8c 8a 8c 8c 8a 8c 8c 8a 8c 8c 8a 8c 8c 8a 8c 8c
 8a 8c 8c 8a 8c 8c 8a 8c 8c 8a 8c 31 30 31 31 30
 31 31 30 31 31 30 31 31 30 31 31 30 31 31 30 31
 31 30 31 31 30 31 31 30 31 31 30 31 31 30 31 31
 30 31 31 30 31 31 30 31 31 30 31 31 30 31 31 30
 31 31 30 31 31 30 31 31 30 31 31 30 31 31 30 31
 31 30 31 31 30 31 31 30 31 31 30 31 31 30 31 31
 30 31 31 30 31 31 30 31 31 30 31 31 30 31 31 30
 31 31 30 31 31 30 31 31 30 31 31 30 31 31 30 31
 31 30 31 31 30 31 31 30 31 31 30 31 31 30 31 31
 30 31 31 30 31 31 30 31 31 30 31 31 30 31 31 30
 31 31 30 31 31 30 31 31 30 31 31 30 31 31 30 31
 31 30 31 31 30 31 31 30 31 31 30 31 31 30 31 ad
 ae ad ad ae ad ad ae ad ad ae ad ad ae ad ad ae
 ad ad ae ad ad ae ad ad ae ad ad ae ad ad ae ad
 ad ae ad ad ae ad ad ae ad ad ae ad ad ae ad ad
 ae ad ad ae ad ad ae ad ad ae ad ad ae ad 8c 8a
 8c 8c 8a 8c 8c 8a 8c 8c 8a 8c 8c 8a 8c 8c 8a 8c
 8c 8a 8c 8c 8a 8c 8c 8a 8c 8c 8a 8c 8c 8a 8c 8c
 8a 8c 8c 8a 8c 8c 8a 8c 8c 8a 8c 8c 8a 8c 8c 8a
 8c 8c 8a 8c 8c 8a 8c 8c 8a 8c 8c 8a 8c 8c 8a 8c
 8c 8a 8c 8c 8a 8c 8c 8a 8c 8c 8a 8c 8c 8a 8c 8c
 8a 8c 8c 8a 8c 8c 8a 8c 8c 8a 8c 8c 8a 8c 8c 8a
 8c 8c 8a 8c 8c 8a 8c 8c 8a 8c 8c 8a 8c 8c 8a 8c
 8c 8a 8c 8c 8a 8c 8c 8a 8c 8c 8a 8c 8c 8a 8c 8c
 8a 8c 8c 8a 8c 8c 8a 8c 8c 8a 8c 31 30 31 31 30
 31 31 30 31 31 30 31 31 30 31 31 30 31 31 30 31
 31 30 31 31 30 31 31 30 31 31 30 31 31 30 31 31
 30 31 31 30 31 31 30 31 31 30 31 31 30 31 31 30
 31 31 30 31 31 30 31 31 30 31 31 30 31 31 30 31
 31 30 31 31 30 31 31 30 31 31 30 31 31 30 31 31
 30 31 31 30 31 31 30 31 31 30 31 31 30 31 31 30
 31 31 30 31 31 30 31 31 30 31 31 30 31 31 30 31
 31 30 31 31 30 31 31 30 31 31 30 31 31 30 31 31
 30 31 31 30 31 31 30 31 31 30 31 31 30 31 31 30
 31 31 30 31 31 30 31 31 30 31 31 30 31 31 30 31
 31 30 31 31 30 31 31 30 31 31 30 31 8c 8a 8c 8c
 8a 8c 8c 8a 8c 8c 8a 8c 8c 8a 8c 8c 8a 8c 8c 8a
 8c 8c 8a 8c 8c 8a 8c 8c 8a 8c 8c 8a 8c 8c 8a 8c
 8c 8a 8c 8c 8a 8c 8c 8a 8c 8c 8a 8c 8c 8a 8c 8c
 8a 8c 8c 8a 8c 8c 8a 8c 8c 8a 8c 8c 8a 8c 8c 8a
 8c 8c 8a 8c 8c 8a 8c 8c 8a 8c 8c 8a 8c 8c 8a 8c
 8c 8a 8c 8c 8a 8c 8c 8a 8c 8c 8a 8c 8c 8a 8c 8c
 8a 8c 8c 8a 8c 8c 8a 8c 8c 8a 8c 8c 8a 8c 8c 8a
 8c 8c 8a 8c 8c 8a 8c 8c 8a 8c 8c 8a 8c 8c 8a 8c
 8c 8a 8c 8c 8a 8c 8c 8a 8c 8c 8a 8c 8c 8a 8c 8c
 8a 8c 8c 8a 8c 8c 8a 8c 8c 8a 8c 8c 8a 8c 8c 8a
 8c 8c 8a 8c 8c 8a 8c 8c 8a 8c 8c 8a 8c 8c 8a 8c
 8c 8a 8c 8c 8a 8c 8c 8a 8c 8c 8a 8c 8c 8a 8c 8c
 8a 8c 8c 8a 8c 8c 8a 8c 8c 8a 8c 31 30 31 31 30
 31 31 30 31 31 30 31 31 30 31 31 30 31 31 30 31
 31 30 31 31 30 31 31 30 31 31 30 31 31 30 31 31
 30 31 31 30 31 31 30 31 31 30 31 31 30 31 31 30
 31 31 30 31 31 30 31 31 30 31 31 30 31 31 30 31
 31 30 31 31 30 31 31 30 31 31 30 31 31 30 31 31
 30 31 31 30 31 31 30 31 31 30 31 31 30 31 31 30
 31 31 30 31 31 30 31 31 30 31 31 30 31 31 30 31
 31 30 31 31 30 31 31 30 31 31 30 31 31 30 31 31
 30 31 31 30 31 31 30 31 31 30 31 31 30 31 31 30
 31 31 30 31 31 30 31 31 30 31 31 30 31 31 30 31
 31 30 31 31 30 31 31 30 31 31 30 31 31 30 31 8c
 8a 8c 8c 8a 8c 8c 8a 8c 8c 8a 8c 8c 8a 8c 8c 8a
 8c 8c 8a 8c 8c 8a 8c 8c 8a 8c 8c 8a 8c 8c 8a 8c
 8c 8a 8c 8c 8a 8c 8c 8a 8c 8c 8a 8c 8c 8a 8c 8c
 8a 8c 8c 8a 8c 8c 8a 8c 8c 8a 8c 8c 8a 8c 8c 8a
 8c 8c 8a 8c 8c 8a 8c 8c 8a 8c 8c 8a 8c 8c 8a 8c
 8c 8a 8c 8c 8a 8c 8c 8a 8c 8c 8a 8c 8c 8a 8c 8c
 8a 8c 8c 8a 8c 8c 8a 8c 8c 8a 8c 8c 8a 8c 8c 8a
 8c 8c 8a 8c 8c 8a 8c 8c 8a 8c 8c 8a 8c 8c 8a 8c
 8c 8a 8c 8c 8a 8c 8c 8a 8c 8c 8a 8c 8c 8a 8c 8c
 8a 8c 8c 8a 8c 8c 8a 8c 8c 8a 8c 8c 8a 8c 8c 8a
 8c 8c 8a 8c 8c 8a 8c 8c 8a 8c 8c 8a 8c 8c 8a 8c
 8c 8a 8c 8c 8a 8c 8c 8a 8c 8c 8a 8c 8c 8a 8c 8c
 8a 8c 8c 8a 8c 8c 8a 8c 8c 8a 8c 31 30 31 31 30
 31 31 30 31 31 30 31 31 30 31 31 30 31 31 30 31
 31 30 31 31 30 31 31 30 31 31 30 31 31 30 31 31
 30 31 31 30 31 31 30 31 31 30 31 31 30 31 31 30
 31 31 30 31 31 30 31 31 30 31 31 30 31 31 30 31
 31 30 31 31 30 31 31 30 31 31 30 31 31 30 31 31
 30 31 31 30 31 31 30 31 31 30 31 31 30 31 31 30
 31 31 30 31 31 30 31 31 30 31 31 30 31 31 30 31
 31 30 31 31 30 31 31 30 31 31 30 31 31 30 31 31
 30 31 31 30 31 31 30 31 31 30 31 31 30 31 31 30
 31 31 30 31 31 30 31 31 30 31 31 30 31 31 30 31
 31 30 31 31 30 31 31 30 31 31 30 31 31 30 31 8c
 8a 8c 8c 8a 8c 8c 8a 8c 8c 8a 8c 8c 8a 8c 8c 8a
 8c 8c 8a 8c 8c 8a 8c 8c 8a 8c 8c 8a 8c 8c 8a 8c
 8c 8a 8c 8c 8a 8c 8c 8a 8c 8c 8a 8c 8c 8a 8c 8c
 8a 8c 8c 8a 8c 8c 8a 8c 8c 8a 8c 8c 8a 8c 8c 8a
 8c 8c 8a 8c 8c 8a 8c 8c 8a 8c 8c 8a 8c 8c 8a 8c
 8c 8a 8c 8c 8a 8c 8c 8a 8c 8c 8a 8c 8c 8a 8c 8c
 8a 8c 8c 8a 8c 8c 8a 8c 8c 8a 8c 8c 8a 8c 8c 8a
 8c 8c 8a 8c 8c 8a 8c 8c 8a 8c 8c 8a 8c 8c 8a 8c
 8c 8a 8c 8c 8a 8c 8c 8a 8c 8c 8a 8c 8c 8a 8c 8c
 8a 8c 8c 8a 8c 8c 8a 8c 8c 8a 8c 8c 8a 8c 8c 8a
 8c 8c 8a 8c 8c 8a 8c 8c 8a 8c 8c 8a 8c 8c 8a 8c
 8c 8a 8c 8c 8a 8c 8c 8a 8c 8c 8a 8c 8c 8a 8c 8c
 8a 8c 8c 8a 8c 8c 8a 8c 8c 8a 8c 31 30 31 31 30
 31 31 30 31 31 30 31 31 30 31 31 30 31 31 30 31
 31 30 31 31 30 31 31 30 31 31 30 31 31 30 31 31
 30 31 31 30 31 31 30 31 31 30 31 31 30 31 31 30
 31 31 30 31 31 30 31 31 30 31 31 30 31 31 30 31
 31 30 31 31 30 31 31 30 31 31 30 31 31 30 31 31
 30 31 31 30 31 31 30 31 31 30 31 31 30 31 31 30
 31 31 30 31 31 30 31 31 30 31 31 30 31 31 30 31
 31 30 31 31 30 31 31 30 31 31 30 31 31 30 31 31
 30 31 31 30 31 31 30 31 31 30 31 31 30 31 31 30
 31 31 30 31 31 30 31 31 30 31 31 30 31 31 30 31
 31 30 31 31 30 31 31 30 31 31 30 31 31 30 31 8c
 8a 8c 8c 8a 8c 8c 8a 8c 8c 8a 8c 8c 8a 8c 8c 8a
 8c 8c 8a 8c 8c 8a 8c 8c 8a 8c 8c 8a 8c 8c 8a 8c
 8c 8a 8c 8c 8a 8c 8c 8a 8c 8c 8a 8c 8c 8a 8c 8c
 8a 8c 8c 8a 8c 8c 8a 8c 8c 8a 8c 8c 8a 8c 8c 8a
 8c 8c 8a 8c 8c 8a 8c 8c 8a 8c 8c 8a 8c 8c 8a 8c
 8c 8a 8c 8c 8a 8c 8c 8a 8c 8c 8a 8c 8c 8a 8c 8c
 8a 8c 8c 8a 8c 8c 8a 8c 8c 8a 8c 8c 8a 8c 8c 8a
 8c 8c 8a 8c 8c 8a 8c 8c 8a 8c 8c 8a 8c 8c 8a 8c
 8c 8a 8c 8c 8a 8c 8c 8a 8c 8c 8a 8c 8c 8a 8c 8c
 8a 8c 8c 8a 8c 8c 8a 8c 8c 8a 8c 8c 8a 8c 8c 8a
 8c 8c 8a 8c 8c 8a 8c 8c 8a 8c 8c 8a 8c 8c 8a 8c
 8c 8a 8c 8c 8a 8c 8c 8a 8c 8c 8a 8c 8c 8a 8c 8c
 8a 8c 8c 8a 8c 8c 8a 8c 8c 8a 8c 31 30 31 31 30
 31 31 30 31 31 30 31 31 30 31 31 30 31 31 30 31
 31 30 31 31 30 31 31 30 31 31 30 31 31 30 31 31
 30 31 31 30 31 31 30 31 31 30 31 31 30 31 31 30
 31 31 30 31 31 30 31 31 30 31 31 30 31 31 30 31
 31 30 31 31 30 31 31 30 31 31 30 31 31 30 31 31
 30 31 31 30 31 31 30 31 31 30 31 31 30 31 31 30
 31 31 30 31 31 30 31 31 30 31 31 30 31 31 30 31
 31 30 31 31 30 31 31 30 31 31 30 31 31 30 31 31
 30 31 31 30 31 31 30 31 31 30 31 31 30 31 31 30
 31 31 30 31 31 30 31 31 30 31 31 30 31 31 30 31
 31 30 31 31 30 31 31 30 31 31 30 31 31 30 31 8c
 8a 8c 8c 8a 8c 8c 8a 8c 8c 8a 8c 8c 8a 8c 8c 8a
 8c 8c 8a 8c 8c 8a 8c 8c 8a 8c 8c 8a 8c 8c 8a 8c
 8c 8a 8c 8c 8a 8c 8c 8a 8c 8c 8a 8c 8c 8a 8c 8c
 8a 8c 8c 8a 8c 8c 8a 8c 8c 8a 8c 8c 8a 8c 8c 8a
 8c 8c 8a 8c 8c 8a 8c 8c 8a 8c 8c 8a 8c 8c 8a 8c
 8c 8a 8c 8c 8a 8c 8c 8a 8c 8c 8a 8c 8c 8a 8c 8c
 8a 8c 8c 8a 8c 8c 8a 8c 8c 8a 8c 8c 8a 8c 8c 8a
 8c 8c 8a 8c 8c 8a 8c 8c 8a 8c 8c 8a 8c 8c 8a 8c
 8c 8a 8c 8c 8a 8c 8c 8a 8c 8c 8a 8c 8c 8a 8c 8c
 8a 8c 8c 8a 8c 8c 8a 8c 8c 8a 8c 8c 8a 8c 8c 8a
 8c 8c 8a 8c 8c 8a 8c 8c 8a 8c 8c 8a 8c 8c 8a 8c
 8c 8a 8c 8c 8a 8c 8c 8a 8c 8c 8a 8c 8c 8a 8c 8c
 8a 8c 8c 8a 8c 8c 8a 8c 8c 8a 8c 31 30 31 31 30
 31 31 30 31 31 30 31 31 30 31 31 30 31 31 30 31
 31 30 31 31 30 31 31 30 31 31 30 31 31 30 31 31
 30 31 31 30 31 31 30 31 31 30 31 31 30 31 31 30
 31 31 30 31 31 30 31 31 30 31 31 30 31 31 30 31
 31 30 31 31 30 31 31 30 31 31 30 31 31 30 31 31
 30 31 31 30 31 31 30 31 31 30 31 31 30 31 31 30
 31 31 30 31 31 30 31 31 30 31 31 30 31 31 30 31
 31 30 31 31 30 31 31 30 31 31 30 31 31 30 31 31
 30 31 31 30 31 31 30 31 31 30 31 31 30 31 31 30
 31 31 30 31 31 30 31 31 30 31 31 30 31 31 30 31
 31 30 31 31 30 31 31 30 31 31 30 31 31 30 31 8c
 8a 8c 8c 8a 8c 8c 8a 8c 8c 8a 8c 8c 8a 8c 8c 8a
 8c 8c 8a 8c 8c 8a 8c 8c 8a 8c 8c 8a 8c 8c 8a 8c
 8c 8a 8c 8c 8a 8c 8c 8a 8c 8c 8a 8c 8c 8a 8c 8c
 8a 8c 8c 8a 8c 8c 8a 8c 8c 8a 8c 8c 8a 8c 8c 8a
 8c 8c 8a 8c 8c 8a 8c 8c 8a 8c 8c 8a 8c 8c 8a 8c
 8c 8a 8c 8c 8a 8c 8c 8a 8c 8c 8a 8c 8c 8a 8c 8c
 8a 8c 8c 8a 8c 8c 8a 8c 8c 8a 8c 8c 8a 8c 8c 8a
 8c 8c 8a 8c 8c 8a 8c 8c 8a 8c 8c 8a 8c 8c 8a 8c
 8c 8a 8c 8c 8a 8c 8c 8a 8c 8c 8a 8c 8c 8a 8c 8c
 8a 8c 8c 8a 8c 8c 8a 8c 8c 8a 8c 8c 8a 8c 8c 8a
 8c 8c 8a 8c 8c 8a 8c 8c 8a 8c 8c 8a 8c 8c 8a 8c
 8c 8a 8c 8c 8a 8c 8c 8a 8c 8c 8a 8c 8c 8a 8c 8c
 8a 8c 8c 8a 8c 8c 8a 8c 31 30 31 31 30 31 31 30
 31 31 30 31 31 30 31 31 30 31 31 30 31 31 30 31
 31 30 31 31 30 31 31 30 31 31 30 31 31 30 31 31
 30 31 31 30 31 31 30 31 31 30 31 31 30 31 31 30
 31 31 30 31 31 30 31 31 30 31 31 30 31 31 30 31
 31 30 31 31 30 31 31 30 31 31 30 31 31 30 31 31
 30 31 31 30 31 31 30 31 31 30 31 31 30 31 31 30
 31 31 30 31 31 30 31 31 30 31 31 30 31 31 30 31
 31 30 31 31 30 31 31 30 31 31 30 31 31 30 31 31
 30 31 31 30 31 31 30 31 31 30 31 31 30 31 31 30
 31 31 30 31 31 30 31 31 30 31 31 30 31 31 30 31
 31 30 31 31 30 31 31 30 31 31 30 31 31 30 31 8c
 8a 8c 8c 8a 8c 8c 8a 8c 8c 8a 8c 8c 8a 8c 8c 8a
 8c 8c 8a 8c 8c 8a 8c 8c 8a 8c 8c 8a 8c 8c 8a 8c
 8c 8a 8c 8c 8a 8c 8c 8a 8c 8c 8a 8c 8c 8a 8c 8c
 8a 8c 8c 8a 8c 8c 8a 8c 8c 8a 8c 8c 8a 8c 8c 8a
 8c 8c 8a 8c 8c 8a 8c 8c 8a 8c 8c 8a 8c 8c 8a 8c
 8c 8a 8c 8c 8a 8c 8c 8a 8c 8c 8a 8c 8c 8a 8c 8c
 8a 8c 8c 8a 8c 8c 8a 8c 8c 8a 8c 8c 8a 8c 8c 8a
 8c 8c 8a 8c 8c 8a 8c 8c 8a 8c 8c 8a 8c 8c 8a 8c
 8c 8a 8c 8c 8a 8c 8c 8a 8c 8c 8a 8c 8c 8a 8c 8c
 8a 8c 8c 8a 8c 8c 8a 8c 8c 8a 8c 8c 8a 8c 8c 8a
 8c 8c 8a 8c 8c 8a 8c 8c 8a 8c 8c 8a 8c 8c 8a 8c
 8c 8a 8c 8c 8a 8c 8c 8a 8c 8c 8a 8c 8c 8a 8c 8c
 8a 8c 8c 8a 8c 8c 8a 8c 31 30 31 31 30 31 31 30
 31 31 30 31 31 30 31 31 30 31 31 30 31 31 30 31
 31 30 31 31 30 31 31 30 31 31 30 31 31 30 31 31
 30 31 31 30 31 31 30 31 31 30 31 31 30 31 31 30
 31 31 30 31 31 30 31 31 30 31 31 30 31 31 30 31
 31 30 31 31 30 31 31 30 31 31 30 31 31 30 31 31
 30 31 31 30 31 31 30 31 31 30 31 31 30 31 31 30
 31 31 30 31 31 30 31 31 30 31 31 30 31 31 30 31
 31 30 31 31 30 31 31 30 31 31 30 31 31 30 31 31
 30 31 31 30 31 31 30 31 31 30 31 31 30 31 31 30
 31 31 30 31 31 30 31 31 30 31 31 30 31 31 30 31
 31 30 31 31 30 31 31 30 31 31 30 31 31 30 31 8c
 8a 8c 8c 8a 8c 8c 8a 8c 8c 8a 8c 8c 8a 8c 8c 8a
 8c 8c 8a 8c 8c 8a 8c 8c 8a 8c 8c 8a 8c 8c 8a 8c
 8c 8a 8c 8c 8a 8c 8c 8a 8c 8c 8a 8c 8c 8a 8c 8c
 8a 8c 8c 8a 8c 8c 8a 8c 8c 8a 8c 8c 8a 8c 8c 8a
 8c 8c 8a 8c 8c 8a 8c 8c 8a 8c 8c 8a 8c 8c 8a 8c
 8c 8a 8c 8c 8a 8c 8c 8a 8c 8c 8a 8c 8c 8a 8c 8c
 8a 8c 8c 8a 8c 8c 8a 8c 8c 8a 8c 8c 8a 8c 8c 8a
 8c 8c 8a 8c 8c 8a 8c 8c 8a 8c 8c 8a 8c 8c 8a 8c
 8c 8a 8c 8c 8a 8c 8c 8a 8c 8c 8a 8c 8c 8a 8c 8c
 8a 8c 8c 8a 8c 8c 8a 8c 8c 8a 8c 8c 8a 8c 8c 8a
 8c 8c 8a 8c 8c 8a 8c 8c 8a 8c 8c 8a 8c 8c 8a 8c
 8c 8a 8c 8c 8a 8c 8c 8a 8c 8c 8a 8c 8c 8a 8c 8c
 8a 8c 8c 8a 8c 8c 8a 8c 31 30 31 31 30 31 31 30
 31 31 30 31 31 30 31 31 30 31 31 30 31 31 30 31
 31 30 31 31 30 31 31 30 31 31 30 31 31 30 31 31
 30 31 31 30 31 31 30 31 31 30 31 31 30 31 31 30
 31 31 30 31 31 30 31 31 30 31 31 30 31 31 30 31
 31 30 31 31 30 31 31 30 31 31 30 31 31 30 31 31
 30 31 31 30 31 31 30 31 31 30 31 31 30 31 31 30
 31 31 30 31 31 30 31 31 30 31 31 30 31 31 30 31
 31 30 31 31 30 31 31 30 31 31 30 31 31 30 31 31
 30 31 31 30 31 31 30 31 31 30 31 31 30 31 31 30
 31 31 30 31 31 30 31 31 30 31 31 30 31 31 30 31
 31 30 31 31 30 31 31 30 31 31 30 31 31 30 31 8c
 8a 8c 8c 8a 8c 8c 8a 8c 8c 8a 8c 8c 8a 8c 8c 8a
 8c 8c 8a 8c 8c 8a 8c 8c 8a 8c 8c 8a 8c 8c 8a 8c
 8c 8a 8c 8c 8a 8c 8c 8a 8c 8c 8a 8c 8c 8a 8c 8c
 8a 8c 8c 8a 8c 8c 8a 8c 8c 8a 8c 8c 8a 8c 8c 8a
 8c 8c 8a 8c 8c 8a 8c 8c 8a 8c 8c 8a 8c 8c 8a 8c
 8c 8a 8c 8c 8a 8c 8c 8a 8c 8c 8a 8c 8c 8a 8c 8c
 8a 8c 8c 8a 8c 8c 8a 8c 8c 8a 8c 8c 8a 8c 8c 8a
 8c 8c 8a 8c 8c 8a 8c 8c 8a 8c 8c 8a 8c 8c 8a 8c
 8c 8a 8c 8c 8a 8c 8c 8a 8c 8c 8a 8c 8c 8a 8c 8c
 8a 8c 8c 8a 8c 8c 8a 8c 8c 8a 8c 8c 8a 8c 8c 8a
 8c 8c 8a 8c 8c 8a 8c 8c 8a 8c 8c 8a 8c 8c 8a 8c
 8c 8a 8c 8c 8a 8c 8c 8a 8c 8c 8a 8c 8c 8a 8c 8c
 8a 8c 8c 8a 8c 8c 8a 8c 31 30 31 31 30 31 31 30
 31 31 30 31 31 30 31 31 30 31 31 30 31 31 30 31
 31 30 31 31 30 31 31 30 31 31 30 31 31 30 31 31
 30 31 31 30 31 31 30 31 31 30 31 31 30 31 31 30
 31 31 30 31 31 30 31 31 30 31 31 30 31 31 30 31
 31 30 31 31 30 31 31 30 31 31 30 31 31 30 31 31
 30 31 31 30 31 31 30 31 31 30 31 31 30 31 31 30
 31 31 30 31 31 30 31 31 30 31 31 30 31 31 30 31
 31 30 31 31 30 31 31 30 31 31 30 31 31 30 31 31
 30 31 31 30 31 31 30 31 31 30 31 31 30 31 31 30
 31 31 30 31 31 30 31 31 30 31 31 30 31 31 30 31
 31 30 31 31 30 31 31 30 31 31 30 31 31 30 31 31
 30 31 8c 8a 8c 8c 8a 8c 8c 8a 8c 8c 8a 8c 8c 8a
 8c 8c 8a 8c 8c 8a 8c 8c 8a 8c 8c 8a 8c 8c 8a 8c
 8c 8a 8c 8c 8a 8c 8c 8a 8c 8c 8a 8c 8c 8a 8c 8c
 8a 8c 8c 8a 8c 8c 8a 8c 8c 8a 8c 8c 8a 8c 8c 8a
 8c 8c 8a 8c 8c 8a 8c 8c 8a 8c 8c 8a 8c 8c 8a 8c
 8c 8a 8c 8c 8a 8c 8c 8a 8c 8c 8a 8c 8c 8a 8c 8c
 8a 8c 8c 8a 8c 8c 8a 8c 8c 8a 8c 8c 8a 8c 8c 8a
 8c 8c 8a 8c 8c 8a 8c 8c 8a 8c 8c 8a 8c 8c 8a 8c
 8c 8a 8c 8c 8a 8c 8c 8a 8c 8c 8a 8c 8c 8a 8c 8c
 8a 8c 8c 8a 8c 8c 8a 8c 8c 8a 8c 8c 8a 8c 8c 8a
 8c 8c 8a 8c 8c 8a 8c 8c 8a 8c 8c 8a 8c 8c 8a 8c
 8c 8a 8c 8c 8a 8c 8c 8a 8c 8c 8a 8c 8c 8a 8c 8c
 8a 8c 8c 8a 8c 8c 8a 8c 31 30 31 31 30 31 31 30
 31 31 30 31 31 30 31 31 30 31 31 30 31 31 30 31
 31 30 31 31 30 31 31 30 31 31 30 31 31 30 31 31
 30 31 31 30 31 31 30 31 31 30 31 31 30 31 31 30
 31 31 30 31 31 30 31 31 30 31 31 30 31 31 30 31
 31 30 31 31 30 31 31 30 31 31 30 31 31 30 31 31
 30 31 31 30 31 31 30 31 31 30 31 31 30 31 31 30
 31 31 30 31 31 30 31 31 30 31 31 30 31 31 30 31
 31 30 31 31 30 31 31 30 31 31 30 31 31 30 31 31
 30 31 31 30 31 31 30 31 31 30 31 31 30 31 31 30
 31 31 30 31 31 30 31 31 30 31 31 30 31 31 30 31
 31 30 31 31 30 31 31 30 31 31 30 31 31 30 31 31
 30 31 8c 8a 8c 8c 8a 8c 8c 8a 8c 8c 8a 8c 8c 8a
 8c 8c 8a 8c 8c 8a 8c 8c 8a 8c 8c 8a 8c 8c 8a 8c
 8c 8a 8c 8c 8a 8c 8c 8a 8c 8c 8a 8c 8c 8a 8c 8c
 8a 8c 8c 8a 8c 8c 8a 8c 8c 8a 8c 8c 8a 8c 8c 8a
 8c 8c 8a 8c 8c 8a 8c 8c 8a 8c 8c 8a 8c 8c 8a 8c
 8c 8a 8c 8c 8a 8c 8c 8a 8c 8c 8a 8c 8c 8a 8c 8c
 8a 8c 8c 8a 8c 8c 8a 8c 8c 8a 8c 8c 8a 8c 8c 8a
 8c 8c 8a 8c 8c 8a 8c 8c 8a 8c 8c 8a 8c 8c 8a 8c
 8c 8a 8c 8c 8a 8c 8c 8a 8c 8c 8a 8c 8c 8a 8c 8c
 8a 8c 8c 8a 8c 8c 8a 8c 8c 8a 8c 8c 8a 8c 8c 8a
 8c 8c 8a 8c 8c 8a 8c 8c 8a 8c 8c 8a 8c 8c 8a 8c
 8c 8a 8c 8c 8a 8c 8c 8a 8c 8c 8a 8c 8c 8a 8c 8c
 8a 8c 8c 8a 8c 8c 8a 8c 31 30 31 31 30 31 31 30
 31 31 30 31 31 30 31 31 30 31 31 30 31 31 30 31
 31 30 31 31 30 31 31 30 31 31 30 31 31 30 31 31
 30 31 31 30 31 31 30 31 31 30 31 31 30 31 31 30
 31 31 30 31 31 30 31 31 30 31 31 30 31 31 30 31
 31 30 31 31 30 31 31 30 31 31 30 31 31 30 31 31
 30 31 31 30 31 31 30 31 31 30 31 31 30 31 31 30
 31 31 30 31 31 30 31 31 30 31 31 30 31 31 30 31
 31 30 31 31 30 31 31 30 31 31 30 31 31 30 31 31
 30 31 31 30 31 31 30 31 31 30 31 31 30 31 31 30
 31 31 30 31 31 30 31 31 30 31 31 30 31 31 30 31
 31 30 31 31 30 31 31 30 31 31 30 31 31 30 31 31
 30 31 8c 8a 8c 8c 8a 8c 8c 8a 8c 8c 8a 8c 8c 8a
 8c 8c 8a 8c 8c 8a 8c 8c 8a 8c 8c 8a 8c 8c 8a 8c
 8c 8a 8c 8c 8a 8c 8c 8a 8c 8c 8a 8c 8c 8a 8c 8c
 8a 8c 8c 8a 8c 8c 8a 8c 8c 8a 8c 8c 8a 8c 8c 8a
 8c 8c 8a 8c 8c 8a 8c 8c 8a 8c 8c 8a 8c 8c 8a 8c
 8c 8a 8c 8c 8a 8c 8c 8a 8c 8c 8a 8c 8c 8a 8c 8c
 8a 8c 8c 8a 8c 8c 8a 8c 8c 8a 8c 8c 8a 8c 8c 8a
 8c 8c 8a 8c 8c 8a 8c 8c 8a 8c 8c 8a 8c 8c 8a 8c
 8c 8a 8c 8c 8a 8c 8c 8a 8c 8c 8a 8c 8c 8a 8c 8c
 8a 8c 8c 8a 8c 8c 8a 8c 8c 8a 8c 8c 8a 8c 8c 8a
 8c 8c 8a 8c 8c 8a 8c 8c 8a 8c 8c 8a 8c 8c 8a 8c
 8c 8a 8c 8c 8a 8c 8c 8a 8c 8c 8a 8c 8c 8a 8c 8c
 8a 8c 8c 8a 8c 8c 8a 8c 31 30 31 31 30 31 31 30
 31 31 30 31 31 30 31 31 30 31 31 30 31 31 30 31
 31 30 31 31 30 31 31 30 31 31 30 31 31 30 31 31
 30 31 31 30 31 31 30 31 31 30 31 31 30 31 31 30
 31 31 30 31 31 30 31 31 30 31 31 30 31 31 30 31
 31 30 31 31 30 31 31 30 31 31 30 31 31 30 31 31
 30 31 31 30 31 31 30 31 31 30 31 31 30 31 31 30
 31 31 30 31 31 30 31 31 30 31 31 30 31 31 30 31
 31 30 31 31 30 31 31 30 31 31 30 31 31 30 31 31
 30 31 31 30 31 31 30 31 31 30 31 31 30 31 31 30
 31 31 30 31 31 30 31 31 30 31 31 30 31 31 30 31
 31 30 31 31 30 31 31 30 31 31 30 31 31 30 31 31
 30 31 8c 8a 8c 8c 8a 8c 8c 8a 8c 8c 8a 8c 8c 8a
 8c 8c 8a 8c 8c 8a 8c 8c 8a 8c 8c 8a 8c 8c 8a 8c
 8c 8a 8c 8c 8a 8c 8c 8a 8c 8c 8a 8c 8c 8a 8c 8c
 8a 8c 8c 8a 8c 8c 8a 8c 8c 8a 8c 8c 8a 8c 8c 8a
 8c 8c 8a 8c 8c 8a 8c 8c 8a 8c 8c 8a 8c 8c 8a 8c
 8c 8a 8c 8c 8a 8c 8c 8a 8c 8c 8a 8c 8c 8a 8c 8c
 8a 8c 8c 8a 8c 8c 8a 8c 8c 8a 8c 8c 8a 8c 8c 8a
 8c 8c 8a 8c 8c 8a 8c 8c 8a 8c 8c 8a 8c 8c 8a 8c
 8c 8a 8c 8c 8a 8c 8c 8a 8c 8c 8a 8c 8c 8a 8c 8c
 8a 8c 8c 8a 8c 8c 8a 8c 8c 8a 8c 8c 8a 8c 8c 8a
 8c 8c 8a 8c 8c 8a 8c 8c 8a 8c 8c 8a 8c 8c 8a 8c
 8c 8a 8c 8c 8a 8c 8c 8a 8c 8c 8a 8c 8c 8a 8c 8c
 8a 8c 8c 8a 8c 8c 8a 8c 31 30 31 31 30 31 31 30
 31 31 30 31 31 30 31 31 30 31 31 30 31 31 30 31
 31 30 31 31 30 31 31 30 31 31 30 31 31 30 31 31
 30 31 31 30 31 31 30 31 31 30 31 31 30 31 31 30
 31 31 30 31 31 30 31 31 30 31 31 30 31 31 30 31
 31 30 31 31 30 31 31 30 31 31 30 31 31 30 31 31
 30 31 31 30 31 31 30 31 31 30 31 31 30 31 31 30
 31 31 30 31 31 30 31 31 30 31 31 30 31 31 30 31
 31 30 31 31 30 31 31 30 31 31 30 31 31 30 31 31
 30 31 31 30 31 31 30 31 31 30 31 31 30 31 31 30
 31 31 30 31 31 30 31 31 30 31 31 30 31 31 30 31
 31 30 31 31 30 31 31 30 31 31 30 31 31 30 31 31
 30 31 8c 8a 8c 8c 8a 8c 8c 8a 8c 8c 8a 8c 8c 8a
 8c 8c 8a 8c 8c 8a 8c 8c 8a 8c 8c 8a 8c 8c 8a 8c
 8c 8a 8c 8c 8a 8c 8c 8a 8c 8c 8a 8c 8c 8a 8c 8c
 8a 8c 8c 8a 8c 8c 8a 8c 8c 8a 8c 8c 8a 8c 8c 8a
 8c 8c 8a 8c 8c 8a 8c 8c 8a 8c 8c 8a 8c 8c 8a 8c
 8c 8a 8c 8c 8a 8c 8c 8a 8c 8c 8a 8c 8c 8a 8c 8c
 8a 8c 8c 8a 8c 8c 8a 8c 8c 8a 8c 8c 8a 8c 8c 8a
 8c 8c 8a 8c 8c 8a 8c 8c 8a 8c 8c 8a 8c 8c 8a 8c
 8c 8a 8c 8c 8a 8c 8c 8a 8c 8c 8a 8c 8c 8a 8c 8c
 8a 8c 8c 8a 8c 8c 8a 8c 8c 8a 8c 8c 8a 8c 8c 8a
 8c 8c 8a 8c 8c 8a 8c 8c 8a 8c 8c 8a 8c 8c 8a 8c
 8c 8a 8c 8c 8a 8c 8c 8a 8c 8c 8a 8c 8c 8a 8c 8c
 8a 8c 8c 8a 8c 31 30 31 31 30 31 31 30 31 31 30
 31 31 30 31 31 30 31 31 30 31 31 30 31 31 30 31
 31 30 31 31 30 31 31 30 31 31 30 31 31 30 31 31
 30 31 31 30 31 31 30 31 31 30 31 31 30 31 31 30
 31 31 30 31 31 30 31 31 30 31 31 30 31 31 30 31
 31 30 31 31 30 31 31 30 31 31 30 31 31 30 31 31
 30 31 31 30 31 31 30 31 31 30 31 31 30 31 31 30
 31 31 30 31 31 30 31 31 30 31 31 30 31 31 30 31
 31 30 31 31 30 31 31 30 31 31 30 31 31 30 31 31
 30 31 31 30 31 31 30 31 31 30 31 31 30 31 31 30
 31 31 30 31 31 30 31 31 30 31 31 30 31 31 30 31
 31 30 31 31 30 31 31 30 31 31 30 31 31 30 31 31
 30 31 8c 8a 8c 8c 8a 8c 8c 8a 8c 8c 8a 8c 8c 8a
 8c 8c 8a 8c 8c 8a 8c 8c 8a 8c 8c 8a 8c 8c 8a 8c
 8c 8a 8c 8c 8a 8c 8c 8a 8c 8c 8a 8c 8c 8a 8c 8c
 8a 8c 8c 8a 8c 8c 8a 8c 8c 8a 8c 8c 8a 8c 8c 8a
 8c 8c 8a 8c 8c 8a 8c 8c 8a 8c 8c 8a 8c 8c 8a 8c
 8c 8a 8c 8c 8a 8c 8c 8a 8c 8c 8a 8c 8c 8a 8c 8c
 8a 8c 8c 8a 8c 8c 8a 8c 8c 8a 8c 8c 8e 8c 8c 8e
 8c 8c 8e 8c 8c 8e 8c 8c 8e 8c 8c 8e 8c 8c 8a 8c
 8c 8a 8c 8c 8a 8c 8c 8a 8c 8c 8a 8c 8c 8a 8c 8c
 8a 8c 8c 8a 8c 8c 8a 8c 8c 8a 8c 8c 8a 8c 8c 8a
 8c 8c 8a 8c 8c 8a 8c 8c 8a 8c 8c 8a 8c 8c 8a 8c
 8c 8a 8c 8c 8a 8c 8c 8a 8c 8c 8a 8c 8c 8a 8c 8c
 8a 8c 8c 8a 8c 31 30 31 31 30 31 31 30 31 31 30
 31 31 30 31 31 30 31 31 30 31 31 30 31 31 30 31
 31 30 31 31 30 31 31 30 31 31 30 31 31 30 31 31
 30 31 31 30 31 31 30 31 31 30 31 31 30 31 31 30
 31 31 30 31 31 30 31 31 30 31 31 30 31 31 30 31
 31 30 31 31 30 31 31 30 31 31 30 31 31 30 31 31
 30 31 31 30 31 31 30 31 31 30 31 31 30 31 31 30
 31 31 30 31 31 30 31 31 30 31 31 30 31 31 30 31
 31 30 31 31 30 31 31 30 31 31 30 31 31 30 31 31
 30 31 31 30 31 31 30 31 31 30 31 31 30 31 31 30
 31 31 30 31 31 30 31 31 30 31 31 30 31 31 30 31
 31 30 31 31 30 31 31 30 31 31 30 31 31 30 31 31
 30 31 8c 8a 8c 8c 8a 8c 8c 8a 8c 8c 8a 8c 8c 8a
 8c 8c 8a 8c 8c 8a 8c 8c 8a 8c 8c 8a 8c 8c 8a 8c
 8c 8a 8c 8c 8a 8c 8c 8a 8c 8c 8a 8c 8c 8a 8c 8c
 8a 8c 8c 8a 8c 8c 8a 8c 8c 8a 8c 8c 8a 8c 8c 8a
 8c 8c 8a 8c 8c 8a 8c 8c 8a 8c 8c 8a 8c 8c 8a 8c
 8c 8a 8c 8c 8a 8c 8c 8a 8c 8c 8a 8c 8c 8e 8c 8c
 8e 8c 8c 8e 8c 7b 86 8c 84 86 8c 84 8a 8c 94 96
 94 8c 8e 94 84 8e 94 84 8e 8c 84 8e 8c 84 8a 8c
 84 8a 8c 84 8a 8c 84 8a 8c 7b 86 8c 7b 86 84 7b
 86 84 7b 86 84 7b 86 84 7b 86 84 7b 82 84 7b 82
 84 7b 82 84 7b 82 84 29 61 6b 29 61 63 29 5d 63
 29 59 63 39 5d 63 84 86 84 8c 8a 8c 8c 8a 8c 8c
 8a 8c 8c 8a 8c 31 30 31 31 30 31 31 30 31 31 30
 31 31 30 31 31 30 31 31 30 31 31 30 31 31 30 31
 31 30 31 31 30 31 31 30 31 31 30 31 31 30 31 31
 30 31 31 30 31 31 30 31 31 30 31 31 30 31 31 30
 31 31 30 31 31 30 31 31 30 31 31 30 31 31 30 31
 31 30 31 31 30 31 31 30 31 31 30 31 31 30 31 31
 30 31 31 30 31 31 30 31 31 30 31 31 30 31 31 30
 31 31 30 31 31 30 31 31 30 31 31 30 31 31 30 31
 31 30 31 31 30 31 31 30 31 31 30 31 31 30 31 31
 30 31 31 30 31 31 30 31 31 30 31 31 30 31 31 30
 31 31 30 31 31 30 31 31 30 31 31 30 31 31 30 31
 31 30 31 31 30 31 31 30 31 31 30 31 31 30 31 31
 30 31 8c 8a 8c 8c 8a 8c 8c 8a 8c 8c 8a 8c 8c 8a
 8c 8c 8a 8c 8c 8a 8c 7b 86 84 7b 86 84 7b 86 84
 7b 86 84 7b 86 84 7b 86 84 7b 86 84 7b 86 84 7b
 86 84 7b 86 84 7b 86 84 7b 86 84 7b 86 84 7b 86
 84 7b 86 84 7b 86 84 7b 86 84 7b 86 84 7b 86 84
 7b 86 84 7b 86 84 7b 86 84 18 69 73 10 65 6b 10
 65 6b 10 61 63 10 5d 63 10 59 5a 10 55 5a 84 92
 94 7b 9a 9c 63 8e 94 5a 8a 94 5a 8a 8c 5a 86 8c
 52 86 8c 4a 82 84 4a 7d 84 42 7d 84 42 79 7b 39
 75 7b 39 75 7b 39 71 7b 31 6d 73 31 6d 73 31 6d
 73 31 69 6b 29 65 6b 29 65 6b 29 61 63 29 5d 63
 29 5d 63 29 59 5a 7b 82 84 8c 8a 8c 8c 8a 8c 8c
 8a 8c 8c 8a 8c 31 30 31 31 30 31 31 30 31 31 30
 31 31 30 31 31 30 31 31 30 31 31 30 31 31 30 31
 31 30 31 31 30 31 31 30 31 31 30 31 31 30 31 31
 30 31 31 30 31 31 30 31 31 30 31 31 30 31 31 30
 31 31 30 31 31 30 31 31 30 31 31 30 31 31 30 31
 31 30 31 31 30 31 31 30 31 31 30 31 31 30 31 31
 30 31 31 30 31 31 30 31 31 30 31 31 30 31 31 30
 31 31 30 31 31 30 31 31 30 31 31 30 31 31 30 31
 31 30 31 31 30 31 31 30 31 31 30 31 31 30 31 31
 30 31 31 30 31 31 30 31 31 30 31 31 30 31 31 30
 31 31 30 31 31 30 31 31 30 31 31 30 31 31 30 31
 31 30 31 31 30 31 31 30 31 31 30 31 31 30 31 31
 30 31 31 30 31 8c 8a 8c 8c 8a 8c 8c 8a 8c 8c 8a
 8c 84 86 8c 29 79 84 18 79 84 18 79 84 18 79 84
 18 79 84 18 79 84 18 79 84 18 79 7b 18 79 7b 18
 79 7b 18 79 7b 18 75 7b 18 75 7b 18 75 7b 18 75
 7b 18 75 7b 18 75 7b 18 71 7b 18 71 7b 18 71 73
 18 6d 73 18 6d 73 18 6d 73 18 69 73 10 65 6b 10
 65 6b 10 61 63 10 5d 63 10 59 63 10 55 5a 10 51
 52 9c a2 a5 7b 9a 9c 6b 8e 94 63 8e 94 63 8a 94
 5a 86 8c 52 86 8c 52 82 84 4a 7d 84 42 79 84 42
 79 7b 39 75 7b 39 71 7b 39 71 73 31 6d 73 31 6d
 73 31 69 6b 29 65 6b 29 65 6b 29 61 63 29 5d 63
 29 5d 63 29 59 5a 7b 82 84 8c 8a 8c 8c 8a 8c 8c
 8a 8c 8c 8a 8c 31 30 31 31 30 31 31 30 31 31 30
 31 31 30 31 31 30 31 31 30 31 31 30 31 31 30 31
 31 30 31 31 30 31 31 30 31 31 30 31 31 30 31 31
 30 31 31 30 31 31 30 31 31 30 31 31 30 31 31 30
 31 31 30 31 31 30 31 31 30 31 31 30 31 31 30 31
 31 30 31 31 30 31 31 30 31 31 30 31 31 30 31 31
 30 31 31 30 31 31 30 31 31 30 31 31 30 31 31 30
 31 31 30 31 31 30 31 31 30 31 31 30 31 31 30 31
 31 30 31 31 30 31 31 30 31 31 30 31 31 30 31 31
 30 31 31 30 31 31 30 31 31 30 31 31 30 31 31 30
 31 31 30 31 31 30 31 31 30 31 31 30 31 31 30 31
 31 30 31 31 30 31 31 30 31 31 30 31 31 30 31 31
 30 31 31 30 31 8c 8a 8c 8c 8a 8c 8c 8a 8c 8c 8a
 8c 7b 86 84 18 79 84 18 79 84 18 79 84 18 79 84
 18 79 84 18 79 84 18 79 84 18 79 7b 18 79 7b 18
 79 7b 18 79 7b 18 75 7b 18 75 7b 18 75 7b 18 75
 7b 18 75 7b 18 75 7b 18 71 7b 18 71 7b 18 71 73
 18 6d 73 18 6d 73 18 6d 73 18 69 73 10 65 6b 10
 65 6b 10 61 63 10 5d 63 10 59 63 10 55 5a 10 51
 52 31 59 5a ad b2 b5 73 96 9c 6b 92 94 6b 8e 94
 63 8a 94 63 8a 8c 5a 86 8c 52 82 8c 52 7d 84 4a
 79 84 4a 79 84 52 79 84 42 75 7b 31 6d 73 31 6d
 73 31 69 73 29 65 6b 29 65 6b 29 61 63 29 5d 63
 29 5d 63 29 59 5a 7b 82 84 8c 8a 8c 8c 8a 8c 8c
 8a 8c 8c 8a 8c 31 30 31 31 30 31 31 30 31 31 30
 31 31 30 31 31 30 31 31 30 31 31 30 31 31 30 31
 31 30 31 31 30 31 31 30 31 31 30 31 31 30 31 31
 30 31 31 30 31 31 30 31 31 30 31 31 30 31 31 30
 31 31 30 31 31 30 31 31 30 31 31 30 31 31 30 31
 31 30 31 31 30 31 31 30 31 31 30 31 31 30 31 31
 30 31 31 30 31 31 30 31 31 30 31 31 30 31 31 30
 31 31 30 31 31 30 31 31 30 31 31 30 31 31 30 31
 31 30 31 31 30 31 31 30 31 31 30 31 31 30 31 31
 30 31 31 30 31 31 30 31 31 30 31 31 30 31 31 30
 31 31 30 31 31 30 31 31 30 31 31 30 31 31 30 31
 31 30 31 31 30 31 31 30 31 31 30 31 31 30 31 31
 30 31 31 30 31 8c 8a 8c 8c 8a 8c 8c 8a 8c 8c 8a
 8c 7b 86 84 18 79 84 18 79 84 18 79 84 18 79 84
 18 79 84 18 79 84 18 79 84 18 79 7b 18 79 7b 18
 79 7b 18 79 7b 18 75 7b 18 75 7b 18 75 7b 18 75
 7b 18 75 7b 18 75 7b 18 71 7b 18 71 7b 18 71 73
 18 6d 73 18 6d 73 18 6d 73 18 69 73 10 65 6b 10
 65 6b 10 61 63 10 5d 63 10 59 63 10 55 5a 10 51
 52 08 4d 52 10 45 4a ad b2 b5 8c 9e a5 7b 96 9c
 73 92 94 6b 8e 94 63 8a 8c 73 8e 94 9c aa ad b5
 ba bd c6 c3 c6 c6 c3 c6 bd c3 c6 b5 b6 b5 94 a2
 a5 52 79 7b 29 65 6b 29 65 6b 29 61 63 29 5d 63
 29 5d 63 29 59 5a 7b 82 84 8c 8a 8c 8c 8a 8c 8c
 8a 8c 8c 8a 8c 31 30 31 31 30 31 31 30 31 31 30
 31 31 30 31 31 30 31 31 30 31 31 30 31 31 30 31
 31 30 31 31 30 31 31 30 31 31 30 31 31 30 31 31
 30 31 31 30 31 31 30 31 31 30 31 31 30 31 31 30
 31 31 30 31 31 30 31 31 30 31 31 30 31 31 30 31
 31 30 31 31 30 31 31 30 31 31 30 31 31 30 31 31
 30 31 31 30 31 31 30 31 31 30 31 31 30 31 31 30
 31 31 30 31 31 30 31 31 30 31 31 30 31 31 30 31
 31 30 31 31 30 31 31 30 31 31 30 31 31 30 31 31
 30 31 31 30 31 31 30 31 31 30 31 31 30 31 31 30
 31 31 30 31 31 30 31 31 30 31 31 30 31 31 30 31
 31 30 31 31 30 31 31 30 31 31 30 31 31 30 31 31
 30 31 31 30 31 8c 8a 8c 8c 8a 8c 8c 8a 8c 8c 8a
 8c 7b 86 84 18 79 84 18 79 84 18 79 84 18 79 84
 18 79 84 18 79 84 18 79 84 18 79 7b 18 79 7b 18
 79 7b 18 79 7b 18 75 7b 18 75 7b 18 75 7b 18 75
 7b 18 75 7b 18 75 7b 18 71 7b 18 71 7b 18 71 73
 18 6d 73 18 6d 73 18 6d 73 18 69 73 10 65 6b 10
 65 6b 10 61 63 10 5d 63 10 59 63 10 55 5a 10 51
 52 08 4d 52 08 45 4a 73 82 84 ad b2 b5 84 9a 9c
 7b 96 9c 73 92 94 9c aa ad bd c3 c6 c6 c3 c6 c6
 c3 c6 c6 c3 c6 bd be bd bd c3 c6 c6 c3 c6 c6 c3
 c6 bd be bd c6 c3 c6 9c a2 a5 29 61 63 29 5d 63
 29 5d 63 29 59 5a 7b 82 84 8c 8a 8c 8c 8a 8c 8c
 8a 8c 31 30 31 31 30 31 31 30 31 31 30 31 31 30
 31 31 30 31 31 30 31 31 30 31 31 30 31 31 30 31
 31 30 31 31 30 31 31 30 31 31 30 31 31 30 31 31
 30 31 31 30 31 31 30 31 31 30 31 31 30 31 31 30
 31 31 30 31 31 30 31 31 30 31 31 30 31 31 30 31
 31 30 31 31 30 31 31 30 31 31 30 31 31 30 31 31
 30 31 31 30 31 31 30 31 31 30 31 31 30 31 31 30
 31 31 30 31 31 30 31 31 30 31 31 30 31 31 30 31
 31 30 31 31 30 31 31 30 31 31 30 31 31 30 31 31
 30 31 31 30 31 31 30 31 31 30 31 31 30 31 31 30
 31 31 30 31 31 30 31 31 30 31 31 30 31 31 30 31
 31 30 31 31 30 31 31 30 31 31 30 31 31 30 31 31
 30 31 31 30 31 8c 8a 8c 8c 8a 8c 8c 8a 8c 8c 8a
 8c 7b 86 84 18 79 84 18 79 84 18 79 84 18 79 84
 18 79 84 18 79 84 18 79 84 18 79 7b 18 79 7b 18
 79 7b 18 79 7b 18 75 7b 18 75 7b 18 75 7b 18 75
 7b 18 75 7b 18 75 7b 18 71 7b 18 71 7b 18 71 73
 18 6d 73 18 6d 73 18 6d 73 18 69 73 10 65 6b 10
 65 6b 10 61 63 10 5d 63 10 59 63 10 55 5a 10 51
 52 08 49 52 08 45 4a 21 41 42 bd ba bd 8c a2 a5
 84 9a 9c ad b6 b5 c6 c3 c6 c6 c3 c6 ad b2 b5 7b
 96 94 52 7d 84 42 75 7b 42 75 7b 39 71 73 39 6d
 73 73 8a 8c bd be bd a5 aa ad 29 61 63 29 5d 63
 29 5d 63 29 59 5a 8c 8a 8c 8c 8a 8c 8c 8a 8c 8c
 8a 8c 31 30 31 31 30 31 31 30 31 31 30 31 31 30
 31 31 30 31 31 30 31 31 30 31 31 30 31 31 30 31
 31 30 31 31 30 31 31 30 31 31 30 31 31 30 31 31
 30 31 31 30 31 31 30 31 31 30 31 31 30 31 31 30
 31 31 30 31 31 30 31 31 30 31 31 30 31 31 30 31
 31 30 31 31 30 31 31 30 31 31 30 31 31 30 31 31
 30 31 31 30 31 31 30 31 31 30 31 31 30 31 31 30
 31 31 30 31 31 30 31 31 30 31 31 30 31 31 30 31
 31 30 31 31 30 31 31 30 31 31 30 31 31 30 31 31
 30 31 31 30 31 31 30 31 31 30 31 31 30 31 31 30
 31 31 30 31 31 30 31 31 30 31 31 30 31 31 30 31
 31 30 31 31 30 31 31 30 31 31 30 31 31 30 31 31
 30 31 31 30 31 8c 8a 8c 8c 8a 8c 8c 8a 8c 8c 8a
 8c 7b 86 84 18 79 84 18 79 84 18 79 84 18 79 84
 18 79 84 18 79 84 18 79 84 18 79 7b 18 79 7b 18
 79 7b 18 79 7b 18 75 7b 18 75 7b 18 75 7b 18 75
 7b 18 75 7b 18 75 7b 18 71 7b 18 71 7b 18 71 73
 18 6d 73 18 6d 73 18 6d 73 18 69 73 10 65 6b 10
 65 6b 10 61 63 10 5d 63 10 59 63 10 55 5a 10 51
 52 08 49 52 08 45 4a 08 3c 42 9c a2 a5 a5 ae ad
 ad b2 b5 c6 c3 c6 bd be bd 73 8e 94 63 8a 8c 5a
 82 8c 52 7d 84 4a 79 7b 42 75 7b 39 71 73 39 6d
 73 31 69 73 6b 82 84 a5 aa ad 29 61 63 29 5d 63
 29 59 5a 7b 82 84 8c 8a 8c 8c 8a 8c 8c 8a 8c 8c
 8a 8c 31 30 31 31 30 31 31 30 31 31 30 31 31 30
 31 31 30 31 31 30 31 31 30 31 31 30 31 31 30 31
 31 30 31 31 30 31 31 30 31 31 30 31 31 30 31 31
 30 31 31 30 31 31 30 31 31 30 31 31 30 31 31 30
 31 31 30 31 31 30 31 31 30 31 31 30 31 31 30 31
 31 30 31 31 30 31 31 30 31 31 30 31 31 30 31 31
 30 31 31 30 31 31 30 31 31 30 31 31 30 31 31 30
 31 31 30 31 31 30 31 31 30 31 31 30 31 31 30 31
 31 30 31 31 30 31 31 30 31 31 30 31 31 30 31 31
 30 31 31 30 31 31 30 31 31 30 31 31 30 31 31 30
 31 31 30 31 31 30 31 31 30 31 31 30 31 31 30 31
 31 30 31 31 30 31 31 30 31 31 30 31 31 30 31 31
 30 31 31 30 31 8c 8a 8c 8c 8a 8c 8c 8a 8c 8c 8a
 8c 7b 86 84 18 79 84 18 79 84 18 79 84 18 79 84
 18 79 84 18 79 84 18 79 84 18 79 7b 18 79 7b 18
 79 7b 18 79 7b 18 75 7b 18 75 7b 18 75 7b 18 75
 7b 18 75 7b 18 75 7b 18 71 7b 18 71 7b 18 71 73
 18 6d 73 18 6d 73 18 6d 73 18 69 73 10 65 6b 10
 65 6b 10 61 63 10 5d 63 10 59 63 10 55 5a 10 51
 52 08 4d 52 08 45 4a 08 3c 42 52 5d 63 c6 c3 c6
 c6 c3 c6 ad b2 b5 7b 96 9c 73 92 94 6b 8a 8c 5a
 86 8c 52 7d 84 4a 79 7b 42 75 7b 39 71 73 39 6d
 73 31 69 73 29 65 6b 29 61 63 29 5d 63 29 5d 63
 29 59 5a 7b 82 84 8c 8a 8c 8c 8a 8c 8c 8a 8c 8c
 8a 8c 31 30 31 31 30 31 31 30 31 31 30 31 31 30
 31 31 30 31 31 30 31 31 30 31 31 30 31 31 30 31
 31 30 31 31 30 31 31 30 31 31 30 31 31 30 31 31
 30 31 31 30 31 31 30 31 31 30 31 31 30 31 31 30
 31 31 30 31 31 30 31 31 30 31 31 30 31 31 30 31
 31 30 31 31 30 31 31 30 31 31 30 31 31 30 31 31
 30 31 31 30 31 31 30 31 31 30 31 31 30 31 31 30
 31 31 30 31 31 30 31 31 30 31 31 30 31 31 30 31
 31 30 31 31 30 31 31 30 31 31 30 31 31 30 31 31
 30 31 31 30 31 31 30 31 31 30 31 31 30 31 31 30
 31 31 30 31 31 30 31 31 30 31 31 30 31 31 30 31
 31 30 31 31 30 31 31 30 31 31 30 31 31 30 31 31
 30 31 31 30 31 8c 8a 8c 8c 8a 8c 8c 8a 8c 8c 8a
 8c 7b 86 84 18 79 84 18 79 84 18 79 84 18 79 84
 18 79 84 18 79 84 18 79 84 18 79 7b 18 79 7b 18
 79 7b 18 79 7b 18 75 7b 18 75 7b 18 75 7b 18 75
 7b 18 75 7b 18 75 7b 18 71 7b 18 71 7b 18 71 73
 18 6d 73 18 6d 73 18 6d 73 18 69 73 10 65 6b 10
 65 6b 10 61 63 10 5d 63 10 59 63 84 92 94 7b 8a
 8c 39 59 5a 08 45 4a 08 3c 42 21 3c 42 bd be bd
 c6 c3 c6 94 a2 a5 84 9a 9c 73 92 94 6b 8e 94 63
 86 8c 5a 82 84 4a 79 84 42 75 7b 39 71 73 39 6d
 73 29 65 6b 29 65 6b 29 61 63 29 5d 63 29 5d 63
 29 59 5a 7b 82 84 8c 8a 8c 8c 8a 8c 8c 8a 8c 8c
 8a 8c 31 30 31 31 30 31 31 30 31 31 30 31 31 30
 31 31 30 31 31 30 31 31 30 31 31 30 31 31 30 31
 31 30 31 31 30 31 31 30 31 31 30 31 31 30 31 31
 30 31 31 30 31 31 30 31 31 30 31 31 30 31 31 30
 31 31 30 31 31 30 31 31 30 31 31 30 31 31 30 31
 31 30 31 31 30 31 31 30 31 31 30 31 31 30 31 31
 30 31 31 30 31 31 30 31 31 30 31 31 30 31 31 30
 31 31 30 31 31 30 31 31 30 31 31 30 31 31 30 31
 31 30 31 31 30 31 31 30 31 31 30 31 31 30 31 31
 30 31 31 30 31 31 30 31 31 30 31 31 30 31 31 30
 31 31 30 31 31 30 31 31 30 31 31 30 31 31 30 31
 31 30 31 31 30 31 31 30 31 31 30 31 31 30 31 31
 30 31 31 30 31 31 30 31 8c 8a 8c 8c 8a 8c 8c 8a
 8c 8c 8a 8c 7b 86 84 18 79 84 18 79 84 18 79 84
 18 79 84 63 8e 94 18 79 84 18 79 84 18 79 7b 63
 8e 94 18 79 7b 31 7d 84 5a 86 8c 18 75 7b 18 75
 7b 39 7d 84 31 79 7b 18 71 7b 52 82 84 31 75 7b
 18 6d 73 18 6d 73 18 6d 73 31 71 73 84 96 94 10
 65 6b 10 61 63 10 5d 63 63 7d 84 73 86 84 4a 65
 6b 94 9a 9c 08 45 4a 08 3c 42 00 30 31 bd ba bd
 bd be bd 8c a2 a5 84 9a 9c 7b 92 94 6b 8e 94 63
 86 8c 5a 82 84 52 79 84 4a 75 7b 39 6d 73 31 69
 73 29 65 6b 29 65 6b 29 61 63 29 5d 63 29 5d 63
 29 59 5a 7b 82 84 8c 8a 8c 8c 8a 8c 8c 8a 8c 8c
 8a 8c 31 30 31 31 30 31 31 30 31 31 30 31 31 30
 31 31 30 31 31 30 31 31 30 31 31 30 31 31 30 31
 31 30 31 31 30 31 31 30 31 31 30 31 31 30 31 31
 30 31 31 30 31 31 30 31 31 30 31 31 30 31 31 30
 31 31 30 31 31 30 31 31 30 31 31 30 31 31 30 31
 31 30 31 31 30 31 31 30 31 31 30 31 31 30 31 31
 30 31 31 30 31 31 30 31 31 30 31 31 30 31 31 30
 31 31 30 31 31 30 31 31 30 31 31 30 31 31 30 31
 31 30 31 31 30 31 31 30 31 31 30 31 31 30 31 31
 30 31 31 30 31 31 30 31 31 30 31 31 30 31 31 30
 31 31 30 31 31 30 31 31 30 31 31 30 31 31 30 31
 31 30 31 31 30 31 31 30 31 31 30 31 31 30 31 31
 30 31 31 30 31 31 30 31 8c 8a 8c 8c 8a 8c 8c 8a
 8c 8c 8a 8c 7b 86 84 18 79 84 18 79 84 18 79 84
 18 79 84 8c a2 a5 18 79 84 18 79 84 18 79 7b 18
 79 7b 94 a2 a5 18 79 7b 4a 82 8c 84 9a 9c 18 75
 7b 5a 8a 8c a5 ae ad 21 75 7b 7b 96 9c 4a 7d 84
 18 6d 73 18 6d 73 18 6d 73 94 a2 a5 94 a2 a5 18
 65 6b 10 61 63 10 5d 63 63 7d 84 7b 8a 8c 7b 8a
 8c 84 8e 8c 08 45 4a 08 3c 42 00 30 31 b5 b6 b5
 bd ba bd 8c a2 a5 84 9a 9c 7b 96 9c 6b 8e 94 63
 86 8c 5a 82 84 4a 75 7b 39 71 7b 39 6d 73 31 69
 73 29 65 6b 29 65 6b 29 61 63 29 5d 63 29 5d 63
 29 59 5a 7b 82 84 8c 8a 8c 8c 8a 8c 8c 8a 8c 8c
 8a 8c 31 30 31 31 30 31 31 30 31 31 30 31 31 30
 31 31 30 31 31 30 31 31 30 31 31 30 31 31 30 31
 31 30 31 31 30 31 31 30 31 31 30 31 31 30 31 31
 30 31 31 30 31 31 30 31 31 30 31 31 30 31 31 30
 31 31 30 31 31 30 31 31 30 31 31 30 31 31 30 31
 31 30 31 31 30 31 31 30 31 31 30 31 31 30 31 31
 30 31 31 30 31 31 30 31 31 30 31 31 30 31 31 30
 31 31 30 31 31 30 31 31 30 31 31 30 31 31 30 31
 31 30 31 31 30 31 31 30 31 31 30 31 31 30 31 31
 30 31 31 30 31 31 30 31 31 30 31 31 30 31 31 30
 31 31 30 31 31 30 31 31 30 31 31 30 31 31 30 31
 31 30 31 31 30 31 31 30 31 31 30 31 31 30 31 31
 30 31 31 30 31 31 30 31 8c 8a 8c 8c 8a 8c 8c 8a
 8c 8c 8a 8c 7b 86 84 18 79 84 18 79 84 18 79 84
 18 79 84 8c a2 a5 18 79 84 18 79 84 18 79 7b 18
 79 7b 94 a2 a5 18 79 7b 4a 82 8c 84 9a 9c 18 75
 7b 18 75 7b 73 92 94 63 8a 8c ad b2 b5 4a 7d 84
 18 6d 73 18 6d 73 63 86 8c 73 8e 94 73 8a 8c 6b
 86 84 10 61 63 10 5d 63 63 7d 84 73 82 84 9c a2
 a5 31 55 5a 18 49 4a 08 3c 42 10 34 39 bd be bd
 c6 c3 c6 94 a2 a5 84 9a 9c 7b 92 94 6b 8e 94 63
 86 8c 52 79 84 4a 75 7b 39 71 7b 39 6d 73 5a 79
 7b 73 8a 8c 63 7d 84 29 61 63 29 5d 63 29 5d 63
 29 59 5a 7b 82 84 8c 8a 8c 8c 8a 8c 8c 8a 8c 8c
 8a 8c 31 30 31 31 30 31 31 30 31 31 30 31 31 30
 31 31 30 31 31 30 31 31 30 31 31 30 31 31 30 31
 31 30 31 31 30 31 31 30 31 31 30 31 31 30 31 31
 30 31 31 30 31 31 30 31 31 30 31 31 30 31 31 30
 31 31 30 31 31 30 31 31 30 31 31 30 31 31 30 31
 31 30 31 31 30 31 31 30 31 31 30 31 31 30 31 31
 30 31 31 30 31 31 30 31 31 30 31 31 30 31 31 30
 31 31 30 31 31 30 31 31 30 31 31 30 31 31 30 31
 31 30 31 31 30 31 31 30 31 31 30 31 31 30 31 31
 30 31 31 30 31 31 30 31 31 30 31 31 30 31 31 30
 31 31 30 31 31 30 31 31 30 31 31 30 31 31 30 31
 31 30 31 31 30 31 31 30 31 31 30 31 31 30 31 31
 30 31 31 30 31 31 30 31 8c 8a 8c 8c 8a 8c 8c 8a
 8c 8c 8a 8c 7b 86 84 18 79 84 18 79 84 18 79 84
 18 79 84 8c a2 a5 18 79 84 18 79 84 18 79 7b 18
 79 7b 73 92 94 94 a2 a5 94 a6 a5 42 7d 84 18 75
 7b 18 75 7b 5a 86 8c 18 71 7b 73 8e 94 4a 7d 84
 18 6d 73 18 6d 73 8c 9e 9c 29 6d 73 21 69 6b 8c
 9a 9c 10 61 63 10 5d 63 10 59 63 10 55 5a 10 51
 52 08 49 52 08 45 4a 08 3c 42 39 4d 52 c6 c3 c6
 c6 c3 c6 a5 ae ad 84 9a 9c 73 92 94 63 86 8c 5a
 82 84 4a 79 84 42 75 7b 39 71 73 39 6d 73 8c 9a
 9c c6 c3 c6 a5 aa ad 29 61 63 29 5d 63 29 5d 63
 29 59 5a 7b 82 84 8c 8a 8c 8c 8a 8c 8c 8a 8c 31
 30 31 31 30 31 31 30 31 31 30 31 31 30 31 31 30
 31 31 30 31 31 30 31 31 30 31 31 30 31 31 30 31
 31 30 31 31 30 31 31 30 31 31 30 31 31 30 31 31
 30 31 31 30 31 31 30 31 31 30 31 31 30 31 31 30
 31 31 30 31 31 30 31 31 30 31 31 30 31 31 30 31
 31 30 31 31 30 31 31 30 31 31 30 31 31 30 31 31
 30 31 31 30 31 31 30 31 31 30 31 31 30 31 31 30
 31 31 30 31 31 30 31 31 30 31 31 30 31 31 30 31
 31 30 31 31 30 31 31 30 31 31 30 31 31 30 31 31
 30 31 31 30 31 31 30 31 31 30 31 31 30 31 31 30
 31 31 30 31 31 30 31 31 30 31 31 30 31 31 30 31
 31 30 31 31 30 31 31 30 31 31 30 31 31 30 31 31
 30 31 31 30 31 31 30 31 8c 8a 8c 8c 8a 8c 8c 8a
 8c 8c 8a 8c 7b 86 84 18 79 84 18 79 84 18 79 84
 18 79 84 18 79 84 18 79 84 18 79 84 18 79 7b 18
 79 7b 18 79 7b 18 79 7b 18 75 7b 18 75 7b 18 75
 7b 18 75 7b 18 75 7b 18 75 7b 18 71 7b 18 71 73
 18 6d 73 18 6d 73 18 6d 73 18 69 73 10 65 6b 10
 65 6b 10 61 63 10 5d 63 10 59 63 10 55 5a 10 51
 52 08 4d 52 08 45 4a 08 3c 42 6b 71 73 c6 c3 c6
 c6 c3 c6 bd be bd 84 9a 9c 63 8a 8c 5a 82 8c 52
 7d 84 4a 79 7b 42 75 7b 39 71 73 39 6d 73 8c 9a
 9c c6 c3 c6 a5 aa ad 29 61 63 29 5d 63 29 5d 63
 29 59 5a 7b 82 84 8c 8a 8c 8c 8a 8c 8c 8a 8c 31
 30 31 31 30 31 31 30 31 31 30 31 31 30 31 31 30
 31 31 30 31 31 30 31 31 30 31 31 30 31 31 30 31
 31 30 31 31 30 31 31 30 31 31 30 31 31 30 31 31
 30 31 31 30 31 31 30 31 31 30 31 31 30 31 31 30
 31 31 30 31 31 30 31 31 30 31 31 30 31 31 30 31
 31 30 31 31 30 31 31 30 31 31 30 31 31 30 31 31
 30 31 31 30 31 31 30 31 31 30 31 31 30 31 31 30
 31 31 30 31 31 30 31 31 30 31 31 30 31 31 30 31
 31 30 31 31 30 31 31 30 31 31 30 31 31 30 31 31
 30 31 31 30 31 31 30 31 31 30 31 31 30 31 31 30
 31 31 30 31 31 30 31 31 30 31 31 30 31 31 30 31
 31 30 31 31 30 31 31 30 31 31 30 31 31 30 31 31
 30 31 31 30 31 31 30 31 8c 8a 8c 8c 8a 8c 8c 8a
 8c 8c 8a 8c 7b 86 84 18 79 84 18 79 84 18 79 84
 18 79 84 18 79 84 18 79 84 18 79 84 18 79 7b 18
 79 7b 18 79 7b 18 79 7b 18 75 7b 18 75 7b 18 75
 7b 18 75 7b 18 75 7b 18 75 7b 18 71 7b 18 71 73
 18 6d 73 18 6d 73 18 6d 73 18 69 73 10 65 6b 10
 65 6b 10 61 63 10 5d 63 10 59 63 10 55 5a 10 51
 52 08 4d 52 08 45 4a 08 3c 42 ad b2 b5 9c a6 ad
 94 a6 a5 bd be bd b5 ba bd 84 96 9c 5a 82 84 52
 7d 84 4a 79 7b 42 75 7b 39 71 73 6b 86 8c b5 b6
 b5 c6 c3 c6 a5 aa ad 29 61 63 29 5d 63 29 5d 63
 7b 82 84 8c 8a 8c 8c 8a 8c 8c 8a 8c 8c 8a 8c 31
 30 31 31 30 31 31 30 31 31 30 31 31 30 31 31 30
 31 31 30 31 31 30 31 31 30 31 31 30 31 31 30 31
 31 30 31 31 30 31 31 30 31 31 30 31 31 30 31 31
 30 31 31 30 31 31 30 31 31 30 31 31 30 31 31 30
 31 31 30 31 31 30 31 31 30 31 31 30 31 31 30 31
 31 30 31 31 30 31 31 30 31 31 30 31 31 30 31 31
 30 31 31 30 31 31 30 31 31 30 31 31 30 31 31 30
 31 31 30 31 31 30 31 31 30 31 31 30 31 31 30 31
 31 30 31 31 30 31 31 30 31 31 30 31 31 30 31 31
 30 31 31 30 31 31 30 31 31 30 31 31 30 31 31 30
 31 31 30 31 31 30 31 31 30 31 31 30 31 31 30 31
 31 30 31 31 30 31 31 30 31 31 30 31 31 30 31 31
 30 31 31 30 31 31 30 31 8c 8a 8c 8c 8a 8c 8c 8a
 8c 8c 8a 8c 7b 86 84 18 79 84 18 79 84 18 79 84
 18 79 84 18 79 84 18 79 84 18 79 84 18 79 7b 18
 79 7b 18 79 7b 18 79 7b 18 75 7b 18 75 7b 18 75
 7b 18 75 7b 18 75 7b 18 75 7b 18 71 7b 18 71 7b
 18 6d 73 18 6d 73 18 6d 73 18 69 73 10 65 6b 10
 65 6b 10 61 63 10 5d 63 10 59 63 10 55 5a 10 51
 52 08 4d 52 08 45 4a 52 65 6b b5 ba bd 84 9e a5
 84 9a 9c bd ba bd c6 c3 c6 c6 c3 c6 b5 b6 bd 9c
 aa ad 94 a2 a5 9c a6 ad b5 b6 b5 bd be bd 94 9e
 9c 39 6d 73 29 65 6b 29 61 63 29 5d 63 29 59 5a
 7b 82 84 8c 8a 8c 8c 8a 8c 8c 8a 8c 8c 8a 8c 31
 30 31 31 30 31 31 30 31 31 30 31 31 30 31 31 30
 31 31 30 31 31 30 31 31 30 31 31 30 31 31 30 31
 31 30 31 31 30 31 31 30 31 31 30 31 31 30 31 31
 30 31 31 30 31 31 30 31 31 30 31 31 30 31 31 30
 31 31 30 31 31 30 31 31 30 31 31 30 31 31 30 31
 31 30 31 31 30 31 31 30 31 31 30 31 31 30 31 31
 30 31 31 30 31 31 30 31 31 30 31 31 30 31 31 30
 31 31 30 31 31 30 31 31 30 31 31 30 31 31 30 31
 31 30 31 31 30 31 31 30 31 31 30 31 31 30 31 31
 30 31 31 30 31 31 30 31 31 30 31 31 30 31 31 30
 31 31 30 31 31 30 31 31 30 31 31 30 31 31 30 31
 31 30 31 31 30 31 31 30 31 31 30 31 31 30 31 31
 30 31 31 30 31 31 30 31 8c 8a 8c 8c 8a 8c 8c 8a
 8c 8c 8a 8c 7b 86 84 18 79 84 18 79 84 18 79 84
 18 79 84 18 79 84 18 79 84 18 79 84 18 79 7b 18
 79 7b 18 79 7b 18 79 7b 18 75 7b 18 75 7b 18 75
 7b 18 75 7b 18 75 7b 18 75 7b 18 71 7b 18 71 7b
 18 6d 73 18 6d 73 18 6d 73 18 69 73 10 65 6b 10
 65 6b 10 61 63 10 5d 63 10 59 63 10 55 5a 10 51
 52 08 4d 52 08 45 4a 9c 9e 9c 9c aa ad 84 9a 9c
 7b 96 9c 6b 8e 94 9c a6 ad 5a 82 8c 7b 92 94 8c
 9e a5 94 a2 a5 8c 9a 9c 73 8a 8c 39 6d 73 31 69
 73 29 65 6b 29 65 6b 29 5d 63 29 5d 63 29 59 5a
 7b 82 84 8c 8a 8c 8c 8a 8c 8c 8a 8c 8c 8a 8c 31
 30 31 31 30 31 31 30 31 31 30 31 31 30 31 31 30
 31 31 30 31 31 30 31 31 30 31 31 30 31 31 30 31
 31 30 31 31 30 31 31 30 31 31 30 31 31 30 31 31
 30 31 31 30 31 31 30 31 31 30 31 31 30 31 31 30
 31 31 30 31 31 30 31 31 30 31 31 30 31 31 30 31
 31 30 31 31 30 31 31 30 31 31 30 31 31 30 31 31
 30 31 31 30 31 31 30 31 31 30 31 31 30 31 31 30
 31 31 30 31 31 30 31 31 30 31 31 30 31 31 30 31
 31 30 31 31 30 31 31 30 31 31 30 31 31 30 31 31
 30 31 31 30 31 31 30 31 31 30 31 31 30 31 31 30
 31 31 30 31 31 30 31 31 30 31 31 30 31 31 30 31
 31 30 31 31 30 31 31 30 31 31 30 31 31 30 31 31
 30 31 31 30 31 31 30 31 8c 8a 8c 8c 8a 8c 8c 8a
 8c 8c 8a 8c 7b 86 84 18 79 84 18 79 84 18 79 84
 18 79 84 18 79 84 18 79 84 18 79 84 18 79 7b 18
 79 7b 18 79 7b 18 79 7b 18 75 7b 18 75 7b 18 75
 7b 18 75 7b 18 75 7b 18 75 7b 18 71 7b 18 71 7b
 18 6d 73 18 6d 73 18 6d 73 18 69 73 10 65 6b 10
 65 6b 10 61 63 10 5d 63 10 59 63 10 55 5a 10 51
 52 08 4d 52 4a 61 63 8c 9e a5 73 96 9c 73 92 94
 63 8a 8c 5a 86 8c 52 82 8c 4a 7d 84 4a 79 84 42
 75 7b 39 75 7b 39 71 73 31 6d 73 31 6d 73 31 69
 73 29 65 6b 29 61 63 29 5d 63 29 5d 63 29 59 5a
 7b 82 84 8c 8a 8c 8c 8a 8c 8c 8a 8c 8c 8a 8c 31
 30 31 31 30 31 31 30 31 31 30 31 31 30 31 31 30
 31 31 30 31 31 30 31 31 30 31 31 30 31 31 30 31
 31 30 31 31 30 31 31 30 31 31 30 31 31 30 31 31
 30 31 31 30 31 31 30 31 31 30 31 31 30 31 31 30
 31 31 30 31 31 30 31 31 30 31 31 30 31 31 30 31
 31 30 31 31 30 31 31 30 31 31 30 31 31 30 31 31
 30 31 31 30 31 31 30 31 31 30 31 31 30 31 31 30
 31 31 30 31 31 30 31 31 30 31 31 30 31 31 30 31
 31 30 31 31 30 31 31 30 31 31 30 31 31 30 31 31
 30 31 31 30 31 31 30 31 31 30 31 31 30 31 31 30
 31 31 30 31 31 30 31 31 30 31 31 30 31 31 30 31
 31 30 31 31 30 31 31 30 31 31 30 31 31 30 31 31
 30 31 31 30 31 31 30 31 31 30 31 8c 8a 8c 8c 8a
 8c 8c 8a 8c 7b 86 84 18 79 84 18 79 84 18 79 84
 18 79 84 18 79 84 18 79 84 18 79 84 18 79 7b 18
 79 7b 18 79 7b 18 79 7b 18 75 7b 18 75 7b 18 75
 7b 18 75 7b 18 75 7b 18 75 7b 18 71 7b 18 71 7b
 18 71 73 18 6d 73 18 6d 73 18 69 73 10 65 6b 10
 65 6b 10 61 63 10 5d 63 10 59 63 10 55 5a 10 51
 52 7b 86 8c 94 a6 ad 73 92 9c 6b 92 94 63 8a 8c
 5a 86 8c 52 82 8c 52 82 84 4a 7d 84 42 79 7b 39
 75 7b 39 71 7b 31 71 73 31 6d 73 31 6d 73 31 69
 6b 29 65 6b 29 61 63 29 5d 63 29 5d 63 29 59 5a
 7b 82 84 8c 8a 8c 8c 8a 8c 8c 8a 8c 8c 8a 8c 31
 30 31 31 30 31 31 30 31 31 30 31 31 30 31 31 30
 31 31 30 31 31 30 31 31 30 31 31 30 31 31 30 31
 31 30 31 31 30 31 31 30 31 31 30 31 31 30 31 31
 30 31 31 30 31 31 30 31 31 30 31 31 30 31 31 30
 31 31 30 31 31 30 31 31 30 31 31 30 31 31 30 31
 31 30 31 31 30 31 31 30 31 31 30 31 31 30 31 31
 30 31 31 30 31 31 30 31 31 30 31 31 30 31 31 30
 31 31 30 31 31 30 31 31 30 31 31 30 31 31 30 31
 31 30 31 31 30 31 31 30 31 31 30 31 31 30 31 31
 30 31 31 30 31 31 30 31 31 30 31 31 30 31 31 30
 31 31 30 31 31 30 31 31 30 31 31 30 31 31 30 31
 31 30 31 31 30 31 31 30 31 31 30 31 31 30 31 31
 30 31 31 30 31 31 30 31 31 30 31 8c 8a 8c 8c 8a
 8c 8c 8a 8c 8c 8a 8c 7b 86 84 18 79 84 18 79 84
 18 79 84 18 79 84 18 79 84 18 79 84 18 79 7b 18
 79 7b 18 79 7b 18 79 7b 18 75 7b 18 75 7b 18 75
 7b 18 75 7b 18 75 7b 18 75 7b 18 71 7b 18 71 7b
 18 71 73 18 6d 73 18 6d 73 18 69 73 10 65 6b 10
 65 6b 10 61 63 10 5d 63 10 59 63 10 55 5a 5a 71
 73 9c aa ad 6b 92 94 63 8e 94 63 8e 94 5a 86 8c
 52 86 8c 6b 86 8c 63 82 84 63 82 84 63 7d 84 63
 7d 84 63 79 7b 5a 79 7b 5a 79 7b 5a 79 7b 5a 75
 7b 5a 75 73 5a 71 73 5a 71 73 5a 6d 73 6b 79 7b
 8c 8a 8c 8c 8a 8c 8c 8a 8c 8c 8a 8c 31 30 31 31
 30 31 31 30 31 31 30 31 31 30 31 31 30 31 31 30
 31 31 30 31 31 30 31 31 30 31 31 30 31 31 30 31
 31 30 31 31 30 31 31 30 31 31 30 31 31 30 31 31
 30 31 31 30 31 31 30 31 31 30 31 31 30 31 31 30
 31 31 30 31 31 30 31 31 30 31 31 30 31 31 30 31
 31 30 31 31 30 31 31 30 31 31 30 31 31 30 31 31
 30 31 31 30 31 31 30 31 31 30 31 31 30 31 31 30
 31 31 30 31 31 30 31 31 30 31 31 30 31 31 30 31
 31 30 31 31 30 31 31 30 31 31 30 31 31 30 31 31
 30 31 31 30 31 31 30 31 31 30 31 31 30 31 31 30
 31 31 30 31 31 30 31 31 30 31 31 30 31 31 30 31
 31 30 31 31 30 31 31 30 31 31 30 31 31 30 31 31
 30 31 31 30 31 31 30 31 31 30 31 8c 8a 8c 8c 8a
 8c 8c 8a 8c 8c 8a 8c 7b 86 84 18 79 84 18 79 84
 18 79 84 18 79 84 18 79 84 18 79 84 18 79 7b 18
 79 7b 18 79 7b 18 79 7b 18 75 7b 18 75 7b 18 75
 7b 52 7d 84 52 7d 84 52 7d 84 52 7d 84 52 79 84
 52 79 7b 52 79 7b 5a 79 7b 5a 79 7b 5a 79 7b 5a
 75 7b 5a 75 7b 5a 75 7b 5a 71 73 5a 71 73 94 a2
 a5 94 92 94 8c 8e 8c 8c 8e 8c 8c 8e 8c 8c 8e 8c
 8c 8a 8c 8c 8a 8c 8c 8a 8c 8c 8a 8c 8c 8a 8c 8c
 8a 8c 8c 8a 8c 8c 8a 8c 8c 8a 8c 8c 8a 8c 8c 8a
 8c 8c 8a 8c 8c 8a 8c 8c 8a 8c 8c 8a 8c 8c 8a 8c
 8c 8a 8c 8c 8a 8c 8c 8a 8c 8c 8a 8c 31 30 31 31
 30 31 31 30 31 31 30 31 31 30 31 31 30 31 31 30
 31 31 30 31 31 30 31 31 30 31 31 30 31 31 30 31
 31 30 31 31 30 31 31 30 31 31 30 31 31 30 31 31
 30 31 31 30 31 31 30 31 31 30 31 31 30 31 31 30
 31 31 30 31 31 30 31 31 30 31 31 30 31 31 30 31
 31 30 31 31 30 31 31 30 31 31 30 31 31 30 31 31
 30 31 31 30 31 31 30 31 31 30 31 31 30 31 31 30
 31 31 30 31 31 30 31 31 30 31 31 30 31 31 30 31
 31 30 31 31 30 31 31 30 31 31 30 31 31 30 31 31
 30 31 31 30 31 31 30 31 31 30 31 31 30 31 31 30
 31 31 30 31 31 30 31 31 30 31 31 30 31 31 30 31
 31 30 31 31 30 31 31 30 31 31 30 31 31 30 31 31
 30 31 31 30 31 31 30 31 31 30 31 8c 8a 8c 8c 8a
 8c 8c 8a 8c 8c 8a 8c 8c 8a 8c 6b 82 84 52 7d 84
 52 7d 84 52 7d 84 52 7d 84 52 7d 84 52 7d 84 8c
 8a 8c 8c 8a 8c 8c 8a 8c 8c 8a 8c 8c 8a 8c 8c 8a
 8c 8c 8a 8c 8c 8a 8c 8c 8a 8c 8c 8a 8c 8c 8a 8c
 8c 8a 8c 8c 8a 8c 8c 8a 8c 8c 8e 8c 8c 8e 8c 8c
 8e 8c 8c 8e 8c 8c 8e 8c 8c 8e 8c 8c 8e 8c 8c 8e
 8c 8c 8e 8c 8c 8e 8c 8c 8e 8c 8c 8a 8c 8c 8a 8c
 8c 8a 8c 8c 8a 8c 8c 8a 8c 8c 8a 8c 8c 8a 8c 8c
 8a 8c 8c 8a 8c 8c 8a 8c 8c 8a 8c 8c 8a 8c 8c 8a
 8c 8c 8a 8c 8c 8a 8c 8c 8a 8c 8c 8a 8c 8c 8a 8c
 8c 8a 8c 8c 8a 8c 8c 8a 8c 8c 8a 8c 31 30 31 31
 30 31 31 30 31 31 30 31 31 30 31 31 30 31 31 30
 31 31 30 31 31 30 31 31 30 31 31 30 31 31 30 31
 31 30 31 31 30 31 31 30 31 31 30 31 31 30 31 31
 30 31 31 30 31 31 30 31 31 30 31 31 30 31 31 30
 31 31 30 31 31 30 31 31 30 31 31 30 31 31 30 31
 31 30 31 31 30 31 31 30 31 31 30 31 31 30 31 31
 30 31 31 30 31 31 30 31 31 30 31 31 30 31 31 30
 31 31 30 31 31 30 31 31 30 31 31 30 31 31 30 31
 31 30 31 31 30 31 31 30 31 31 30 31 31 30 31 31
 30 31 31 30 31 31 30 31 31 30 31 31 30 31 31 30
 31 31 30 31 31 30 31 31 30 31 31 30 31 31 30 31
 31 30 31 31 30 31 31 30 31 31 30 31 31 30 31 31
 30 31 31 30 31 31 30 31 31 30 31 8c 8a 8c 8c 8a
 8c 8c 8a 8c 8c 8a 8c 8c 8a 8c 8c 8a 8c 8c 8a 8c
 8c 8a 8c 8c 8a 8c 8c 8a 8c 8c 8a 8c 8c 8a 8c 8c
 8a 8c 8c 8a 8c 8c 8a 8c 8c 8a 8c 8c 8a 8c 8c 8a
 8c 8c 8a 8c 8c 8a 8c 8c 8a 8c 8c 8a 8c 8c 8a 8c
 8c 8a 8c 8c 8a 8c 8c 8a 8c 8c 8a 8c 8c 8a 8c 8c
 8a 8c 8c 8a 8c 8c 8a 8c 8c 8a 8c 8c 8a 8c 8c 8a
 8c 8c 8a 8c 8c 8a 8c 8c 8a 8c 8c 8a 8c 8c 8a 8c
 8c 8a 8c 8c 8a 8c 8c 8a 8c 8c 8a 8c 8c 8a 8c 8c
 8a 8c 8c 8a 8c 8c 8a 8c 8c 8a 8c 8c 8a 8c 8c 8a
 8c 8c 8a 8c 8c 8a 8c 8c 8a 8c 8c 8a 8c 8c 8a 8c
 8c 8a 8c 8c 8a 8c 8c 8a 8c 8c 8a 8c 31 30 31 31
 30 31 31 30 31 31 30 31 31 30 31 31 30 31 31 30
 31 31 30 31 31 30 31 31 30 31 31 30 31 31 30 31
 31 30 31 31 30 31 31 30 31 31 30 31 31 30 31 31
 30 31 31 30 31 31 30 31 31 30 31 31 30 31 31 30
 31 31 30 31 31 30 31 31 30 31 31 30 31 31 30 31
 31 30 31 31 30 31 31 30 31 31 30 31 31 30 31 31
 30 31 31 30 31 31 30 31 31 30 31 31 30 31 31 30
 31 31 30 31 31 30 31 31 30 31 31 30 31 31 30 31
 31 30 31 31 30 31 31 30 31 31 30 31 31 30 31 31
 30 31 31 30 31 31 30 31 31 30 31 31 30 31 31 30
 31 31 30 31 31 30 31 31 30 31 31 30 31 31 30 31
 31 30 31 31 30 31 31 30 31 31 30 31 31 30 31 31
 30 31 31 30 31 31 30 31 31 30 31 8c 8a 8c 8c 8a
 8c 8c 8a 8c 8c 8a 8c 8c 8a 8c 8c 8a 8c 8c 8a 8c
 8c 8a 8c 8c 8a 8c 8c 8a 8c 8c 8a 8c 8c 8a 8c 8c
 8a 8c 8c 8a 8c 8c 8a 8c 8c 8a 8c 8c 8a 8c 8c 8a
 8c 8c 8a 8c 8c 8a 8c 8c 8a 8c 8c 8a 8c 8c 8a 8c
 8c 8a 8c 8c 8a 8c 8c 8a 8c 8c 8a 8c 8c 8a 8c 8c
 8a 8c 8c 8a 8c 8c 8a 8c 8c 8a 8c 8c 8a 8c 8c 8a
 8c 8c 8a 8c 8c 8a 8c 8c 8a 8c 8c 8a 8c 8c 8a 8c
 8c 8a 8c 8c 8a 8c 8c 8a 8c 8c 8a 8c 8c 8a 8c 8c
 8a 8c 8c 8a 8c 8c 8a 8c 8c 8a 8c 8c 8a 8c 8c 8a
 8c 8c 8a 8c 8c 8a 8c 8c 8a 8c 8c 8a 8c 8c 8a 8c
 8c 8a 8c 8c 8a 8c 8c 8a 8c 8c 8a 8c 31 30 31 31
 30 31 31 30 31 31 30 31 31 30 31 31 30 31 31 30
 31 31 30 31 31 30 31 31 30 31 31 30 31 31 30 31
 31 30 31 31 30 31 31 30 31 31 30 31 31 30 31 31
 30 31 31 30 31 31 30 31 31 30 31 31 30 31 31 30
 31 31 30 31 31 30 31 31 30 31 31 30 31 31 30 31
 31 30 31 31 30 31 31 30 31 31 30 31 31 30 31 31
 30 31 31 30 31 31 30 31 31 30 31 31 30 31 31 30
 31 31 30 31 31 30 31 31 30 31 31 30 31 31 30 31
 31 30 31 31 30 31 31 30 31 31 30 31 31 30 31 31
 30 31 31 30 31 31 30 31 31 30 31 31 30 31 31 30
 31 31 30 31 31 30 31 31 30 31 31 30 31 31 30 31
 31 30 31 31 30 31 31 30 31 31 30 31 31 30 31 31
 30 31 31 30 31 31 30 31 31 30 31 8c 8a 8c 8c 8a
 8c 8c 8a 8c 8c 8a 8c 8c 8a 8c 8c 8a 8c 8c 8a 8c
 8c 8a 8c 8c 8a 8c 8c 8a 8c 8c 8a 8c 8c 8a 8c 8c
 8a 8c 8c 8a 8c 8c 8a 8c 8c 8a 8c 8c 8a 8c 8c 8a
 8c 8c 8a 8c 8c 8a 8c 8c 8a 8c 8c 8a 8c 8c 8a 8c
 8c 8a 8c 8c 8a 8c 8c 8a 8c 8c 8a 8c 8c 8a 8c 8c
 8a 8c 8c 8a 8c 8c 8a 8c 8c 8a 8c 8c 8a 8c 8c 8a
 8c 8c 8a 8c 8c 8a 8c 8c 8a 8c 8c 8a 8c 8c 8a 8c
 8c 8a 8c 8c 8a 8c 8c 8a 8c 8c 8a 8c 8c 8a 8c 8c
 8a 8c 8c 8a 8c 8c 8a 8c 8c 8a 8c 8c 8a 8c 8c 8a
 8c 8c 8a 8c 8c 8a 8c 8c 8a 8c 8c 8a 8c 8c 8a 8c
 8c 8a 8c 8c 8a 8c 8c 8a 8c 8c 8a 8c 31 30 31 31
 30 31 31 30 31 31 30 31 31 30 31 31 30 31 31 30
 31 31 30 31 31 30 31 31 30 31 31 30 31 31 30 31
 31 30 31 31 30 31 31 30 31 31 30 31 31 30 31 31
 30 31 31 30 31 31 30 31 31 30 31 31 30 31 31 30
 31 31 30 31 31 30 31 31 30 31 31 30 31 31 30 31
 31 30 31 31 30 31 31 30 31 31 30 31 31 30 31 31
 30 31 31 30 31 31 30 31 31 30 31 31 30 31 31 30
 31 31 30 31 31 30 31 31 30 31 31 30 31 31 30 31
 31 30 31 31 30 31 31 30 31 31 30 31 31 30 31 31
 30 31 31 30 31 31 30 31 31 30 31 31 30 31 31 30
 31 31 30 31 31 30 31 31 30 31 31 30 31 31 30 31
 31 30 31 31 30 31 31 30 31 31 30 31 31 30 31 31
 30 31 31 30 31 31 30 31 31 30 31 8c 8a 8c 8c 8a
 8c 8c 8a 8c 8c 8a 8c 8c 8a 8c 8c 8a 8c 8c 8a 8c
 8c 8a 8c 8c 8a 8c 8c 8a 8c 8c 8a 8c 8c 8a 8c 8c
 8a 8c 8c 8a 8c 8c 8a 8c 8c 8a 8c 8c 8a 8c 8c 8a
 8c 8c 8a 8c 8c 8a 8c 8c 8a 8c 8c 8a 8c 8c 8a 8c
 8c 8a 8c 8c 8a 8c 8c 8a 8c 8c 8a 8c 8c 8a 8c 8c
 8a 8c 8c 8a 8c 8c 8a 8c 8c 8a 8c 8c 8a 8c 8c 8a
 8c 8c 8a 8c 8c 8a 8c 8c 8a 8c 8c 8a 8c 8c 8a 8c
 8c 8a 8c 8c 8a 8c 8c 8a 8c 8c 8a 8c 8c 8a 8c 8c
 8a 8c 8c 8a 8c 8c 8a 8c 8c 8a 8c 8c 8a 8c 8c 8a
 8c 8c 8a 8c 8c 8a 8c 8c 8a 8c 8c 8a 8c 8c 8a 8c
 8c 8a 8c 8c 8a 8c 8c 8a 8c 8c 8a 8c 31 30 31 31
 30 31 31 30 31 31 30 31 31 30 31 31 30 31 31 30
 31 31 30 31 31 30 31 31 30 31 31 30 31 31 30 31
 31 30 31 31 30 31 31 30 31 31 30 31 31 30 31 31
 30 31 31 30 31 31 30 31 31 30 31 31 30 31 31 30
 31 31 30 31 31 30 31 31 30 31 31 30 31 31 30 31
 31 30 31 31 30 31 31 30 31 31 30 31 31 30 31 31
 30 31 31 30 31 31 30 31 31 30 31 31 30 31 31 30
 31 31 30 31 31 30 31 31 30 31 31 30 31 31 30 31
 31 30 31 31 30 31 31 30 31 31 30 31 31 30 31 31
 30 31 31 30 31 31 30 31 31 30 31 31 30 31 31 30
 31 31 30 31 31 30 31 31 30 31 31 30 31 31 30 31
 31 30 31 31 30 31 31 30 31 31 30 31 31 30 31 31
 30 31 31 30 31 31 30 31 31 30 31 31 30 31 8c 8a
 8c 8c 8a 8c 8c 8a 8c 8c 8a 8c 8c 8a 8c 8c 8a 8c
 8c 8a 8c 8c 8a 8c 8c 8a 8c 8c 8a 8c 8c 8a 8c 8c
 8a 8c 8c 8a 8c 8c 8a 8c 8c 8a 8c 8c 8a 8c 8c 8a
 8c 8c 8a 8c 8c 8a 8c 8c 8a 8c 8c 8a 8c 8c 8a 8c
 8c 8a 8c 8c 8a 8c 8c 8a 8c 8c 8a 8c 8c 8a 8c 8c
 8a 8c 8c 8a 8c 8c 8a 8c 8c 8a 8c 8c 8a 8c 8c 8a
 8c 8c 8a 8c 8c 8a 8c 8c 8a 8c 8c 8a 8c 8c 8a 8c
 8c 8a 8c 8c 8a 8c 8c 8a 8c 8c 8a 8c 8c 8a 8c 8c
 8a 8c 8c 8a 8c 8c 8a 8c 8c 8a 8c 8c 8a 8c 8c 8a
 8c 8c 8a 8c 8c 8a 8c 8c 8a 8c 8c 8a 8c 8c 8a 8c
 8c 8a 8c 8c 8a 8c 8c 8a 8c 31 30 31 31 30 31 31
 30 31 31 30 31 31 30 31 31 30 31 31 30 31 31 30
 31 31 30 31 31 30 31 31 30 31 31 30 31 31 30 31
 31 30 31 31 30 31 31 30 31 31 30 31 31 30 31 31
 30 31 31 30 31 31 30 31 31 30 31 31 30 31 31 30
 31 31 30 31 31 30 31 31 30 31 31 30 31 31 30 31
 31 30 31 31 30 31 31 30 31 31 30 31 31 30 31 31
 30 31 31 30 31 31 30 31 31 30 31 31 30 31 31 30
 31 31 30 31 31 30 31 31 30 31 31 30 31 31 30 31
 31 30 31 31 30 31 31 30 31 31 30 31 31 30 31 31
 30 31 31 30 31 31 30 31 31 30 31 31 30 31 31 30
 31 31 30 31 31 30 31 31 30 31 31 30 31 31 30 31
 31 30 31 31 30 31 31 30 31 31 30 31 31 30 31 31
 30 31 31 30 31 31 30 31 31 30 31 31 30 31 8c 8a
 8c 8c 8a 8c 8c 8a 8c 8c 8a 8c 8c 8a 8c 8c 8a 8c
 8c 8a 8c 8c 8a 8c 8c 8a 8c 8c 8a 8c 8c 8a 8c 8c
 8a 8c 8c 8a 8c 8c 8a 8c 8c 8a 8c 8c 8a 8c 8c 8a
 8c 8c 8a 8c 8c 8a 8c 8c 8a 8c 8c 8a 8c 8c 8a 8c
 8c 8a 8c 8c 8a 8c 8c 8a 8c 8c 8a 8c 8c 8a 8c 8c
 8a 8c 8c 8a 8c 8c 8a 8c 8c 8a 8c 8c 8a 8c 8c 8a
 8c 8c 8a 8c 8c 8a 8c 8c 8a 8c 8c 8a 8c 8c 8a 8c
 8c 8a 8c 8c 8a 8c 8c 8a 8c 8c 8a 8c 8c 8a 8c 8c
 8a 8c 8c 8a 8c 8c 8a 8c 8c 8a 8c 8c 8a 8c 8c 8a
 8c 8c 8a 8c 8c 8a 8c 8c 8a 8c 8c 8a 8c 8c 8a 8c
 8c 8a 8c 8c 8a 8c 8c 8a 8c 31 30 31 31 30 31 31
 30 31 31 30 31 31 30 31 31 30 31 31 30 31 31 30
 31 31 30 31 31 30 31 31 30 31 31 30 31 31 30 31
 31 30 31 31 30 31 31 30 31 31 30 31 31 30 31 31
 30 31 31 30 31 31 30 31 31 30 31 31 30 31 31 30
 31 31 30 31 31 30 31 31 30 31 31 30 31 31 30 31
 31 30 31 31 30 31 31 30 31 31 30 31 31 30 31 31
 30 31 31 30 31 31 30 31 31 30 31 31 30 31 31 30
 31 31 30 31 31 30 31 31 30 31 31 30 31 31 30 31
 31 30 31 31 30 31 31 30 31 31 30 31 31 30 31 31
 30 31 31 30 31 31 30 31 31 30 31 31 30 31 31 30
 31 31 30 31 31 30 31 31 30 31 31 30 31 31 30 31
 31 30 31 31 30 31 31 30 31 31 30 31 31 30 31 31
 30 31 31 30 31 31 30 31 31 30 31 31 30 31 8c 8a
 8c 8c 8a 8c 8c 8a 8c 8c 8a 8c 8c 8a 8c 8c 8a 8c
 8c 8a 8c 8c 8a 8c 8c 8a 8c 8c 8a 8c 8c 8a 8c 8c
 8a 8c 8c 8a 8c 8c 8a 8c 8c 8a 8c 8c 8a 8c 8c 8a
 8c 8c 8a 8c 8c 8a 8c 8c 8a 8c 8c 8a 8c 8c 8a 8c
 8c 8a 8c 8c 8a 8c 8c 8a 8c 8c 8a 8c 8c 8a 8c 8c
 8a 8c 8c 8a 8c 8c 8a 8c 8c 8a 8c 8c 8a 8c 8c 8a
 8c 8c 8a 8c 8c 8a 8c 8c 8a 8c 8c 8a 8c 8c 8a 8c
 8c 8a 8c 8c 8a 8c 8c 8a 8c 8c 8a 8c 8c 8a 8c 8c
 8a 8c 8c 8a 8c 8c 8a 8c 8c 8a 8c 8c 8a 8c 8c 8a
 8c 8c 8a 8c 8c 8a 8c 8c 8a 8c 8c 8a 8c 8c 8a 8c
 8c 8a 8c 8c 8a 8c 8c 8a 8c 31 30 31 31 30 31 31
 30 31 31 30 31 31 30 31 31 30 31 31 30 31 31 30
 31 31 30 31 31 30 31 31 30 31 31 30 31 31 30 31
 31 30 31 31 30 31 31 30 31 31 30 31 31 30 31 31
 30 31 31 30 31 31 30 31 31 30 31 31 30 31 31 30
 31 31 30 31 31 30 31 31 30 31 31 30 31 31 30 31
 31 30 31 31 30 31 31 30 31 31 30 31 31 30 31 31
 30 31 31 30 31 31 30 31 31 30 31 31 30 31 31 30
 31 31 30 31 31 30 31 31 30 31 31 30 31 31 30 31
 31 30 31 31 30 31 31 30 31 31 30 31 31 30 31 31
 30 31 31 30 31 31 30 31 31 30 31 31 30 31 31 30
 31 31 30 31 31 30 31 31 30 31 31 30 31 31 30 31
 31 30 31 31 30 31 31 30 31 31 30 31 31 30 31 31
 30 31 31 30 31 31 30 31 31 30 31 31 30 31 8c 8a
 8c 8c 8a 8c 8c 8a 8c 8c 8a 8c 8c 8a 8c 8c 8a 8c
 8c 8a 8c 8c 8a 8c 8c 8a 8c 8c 8a 8c 8c 8a 8c 8c
 8a 8c 8c 8a 8c 8c 8a 8c 8c 8a 8c 8c 8a 8c 8c 8a
 8c 8c 8a 8c 8c 8a 8c 8c 8a 8c 8c 8a 8c 8c 8a 8c
 8c 8a 8c 8c 8a 8c 8c 8a 8c 8c 8a 8c 8c 8a 8c 8c
 8a 8c 8c 8a 8c 8c 8a 8c 8c 8a 8c 8c 8a 8c 8c 8a
 8c 8c 8a 8c 8c 8a 8c 8c 8a 8c 8c 8a 8c 8c 8a 8c
 8c 8a 8c 8c 8a 8c 8c 8a 8c 8c 8a 8c 8c 8a 8c 8c
 8a 8c 8c 8a 8c 8c 8a 8c 8c 8a 8c 8c 8a 8c 8c 8a
 8c 8c 8a 8c 8c 8a 8c 8c 8a 8c 8c 8a 8c 8c 8a 8c
 8c 8a 8c 8c 8a 8c 8c 8a 8c 31 30 31 31 30 31 31
 30 31 31 30 31 31 30 31 31 30 31 31 30 31 31 30
 31 31 30 31 31 30 31 31 30 31 31 30 31 31 30 31
 31 30 31 31 30 31 31 30 31 31 30 31 31 30 31 31
 30 31 31 30 31 31 30 31 31 30 31 31 30 31 31 30
 31 31 30 31 31 30 31 31 30 31 31 30 31 31 30 31
 31 30 31 31 30 31 31 30 31 31 30 31 31 30 31 31
 30 31 31 30 31 31 30 31 31 30 31 31 30 31 31 30
 31 31 30 31 31 30 31 31 30 31 31 30 31 31 30 31
 31 30 31 31 30 31 31 30 31 31 30 31 31 30 31 31
 30 31 31 30 31 31 30 31 31 30 31 31 30 31 31 30
 31 31 30 31 31 30 31 31 30 31 31 30 31 31 30 31
 31 30 31 31 30 31 31 30 31 31 30 31 31 30 31 31
 30 31 31 30 31 31 30 31 31 30 31 31 30 31 8c 8a
 8c 8c 8a 8c 8c 8a 8c 8c 8a 8c 8c 8a 8c 8c 8a 8c
 8c 8a 8c 8c 8a 8c 8c 8a 8c 8c 8a 8c 8c 8a 8c 8c
 8a 8c 8c 8a 8c 8c 8a 8c 8c 8a 8c 8c 8a 8c 8c 8a
 8c 8c 8a 8c 8c 8a 8c 8c 8a 8c 8c 8a 8c 8c 8a 8c
 8c 8a 8c 8c 8a 8c 8c 8a 8c 8c 8a 8c 8c 8a 8c 8c
 8a 8c 8c 8a 8c 8c 8a 8c 8c 8a 8c 8c 8a 8c 8c 8a
 8c 8c 8a 8c 8c 8a 8c 8c 8a 8c 8c 8a 8c 8c 8a 8c
 8c 8a 8c 8c 8a 8c 8c 8a 8c 8c 8a 8c 8c 8a 8c 8c
 8a 8c 8c 8a 8c 8c 8a 8c 8c 8a 8c 8c 8a 8c 8c 8a
 8c 8c 8a 8c 8c 8a 8c 8c 8a 8c 8c 8a 8c 8c 8a 8c
 8c 8a 8c 8c 8a 8c 8c 8a 8c 31 30 31 31 30 31 31
 30 31 31 30 31 31 30 31 31 30 31 31 30 31 31 30
 31 31 30 31 31 30 31 31 30 31 31 30 31 31 30 31
 31 30 31 31 30 31 31 30 31 31 30 31 31 30 31 31
 30 31 31 30 31 31 30 31 31 30 31 31 30 31 31 30
 31 31 30 31 31 30 31 31 30 31 31 30 31 31 30 31
 31 30 31 31 30 31 31 30 31 31 30 31 31 30 31 31
 30 31 31 30 31 31 30 31 31 30 31 31 30 31 31 30
 31 31 30 31 31 30 31 31 30 31 31 30 31 31 30 31
 31 30 31 31 30 31 31 30 31 31 30 31 31 30 31 31
 30 31 31 30 31 31 30 31 31 30 31 31 30 31 31 30
 31 31 30 31 31 30 31 31 30 31 31 30 31 31 30 31
 31 30 31 31 30 31 31 30 31 31 30 31 31 30 31 31
 30 31 31 30 31 31 30 31 31 30 31 31 30 31 8c 8a
 8c 8c 8a 8c 8c 8a 8c 8c 8a 8c 8c 8a 8c 8c 8a 8c
 8c 8a 8c 8c 8a 8c 8c 8a 8c 8c 8a 8c 8c 8a 8c 8c
 8a 8c 8c 8a 8c 8c 8a 8c 8c 8a 8c 8c 8a 8c 8c 8a
 8c 8c 8a 8c 8c 8a 8c 8c 8a 8c 8c 8a 8c 8c 8a 8c
 8c 8a 8c 8c 8a 8c 8c 8a 8c 8c 8a 8c 8c 8a 8c 8c
 8a 8c 8c 8a 8c 8c 8a 8c 8c 8a 8c 8c 8a 8c 8c 8a
 8c 8c 8a 8c 8c 8a 8c 8c 8a 8c 8c 8a 8c 8c 8a 8c
 8c 8a 8c 8c 8a 8c 8c 8a 8c 8c 8a 8c 8c 8a 8c 8c
 8a 8c 8c 8a 8c 8c 8a 8c 8c 8a 8c 8c 8a 8c 8c 8a
 8c 8c 8a 8c 8c 8a 8c 8c 8a 8c 8c 8a 8c 8c 8a 8c
 8c 8a 8c 8c 8a 8c 8c 8a 8c 31 30 31 31 30 31 31
 30 31 31 30 31 31 30 31 31 30 31 31 30 31 31 30
 31 31 30 31 31 30 31 31 30 31 31 30 31 31 30 31
 31 30 31 31 30 31 31 30 31 31 30 31 31 30 31 31
 30 31 31 30 31 31 30 31 31 30 31 31 30 31 31 30
 31 31 30 31 31 30 31 31 30 31 31 30 31 31 30 31
 31 30 31 31 30 31 31 30 31 31 30 31 31 30 31 31
 30 31 31 30 31 31 30 31 31 30 31 31 30 31 31 30
 31 31 30 31 31 30 31 31 30 31 31 30 31 31 30 31
 31 30 31 31 30 31 31 30 31 31 30 31 31 30 31 31
 30 31 31 30 31 31 30 31 31 30 31 31 30 31 31 30
 31 31 30 31 31 30 31 31 30 31 31 30 31 31 30 31
 31 30 31 31 30 31 31 30 31 31 30 31 31 30 31 31
 30 31 31 30 31 31 30 31 31 30 31 31 30 31 8c 8a
 8c 8c 8a 8c 8c 8a 8c 8c 8a 8c 8c 8a 8c 8c 8a 8c
 8c 8a 8c 8c 8a 8c 8c 8a 8c 8c 8a 8c 8c 8a 8c 8c
 8a 8c 8c 8a 8c 8c 8a 8c 8c 8a 8c 8c 8a 8c 8c 8a
 8c 8c 8a 8c 8c 8a 8c 8c 8a 8c 8c 8a 8c 8c 8a 8c
 8c 8a 8c 8c 8a 8c 8c 8a 8c 8c 8a 8c 8c 8a 8c 8c
 8a 8c 8c 8a 8c 8c 8a 8c 8c 8a 8c 8c 8a 8c 8c 8a
 8c 8c 8a 8c 8c 8a 8c 8c 8a 8c 8c 8a 8c 8c 8a 8c
 8c 8a 8c 8c 8a 8c 8c 8a 8c 8c 8a 8c 8c 8a 8c 8c
 8a 8c 8c 8a 8c 8c 8a 8c 8c 8a 8c 8c 8a 8c 8c 8a
 8c 8c 8a 8c 31 30 31 31 30 31 31 30 31 31 30 31
 31 30 31 31 30 31 31 30 31 31 30 31 31 30 31 31
 30 31 31 30 31 31 30 31 31 30 31 31 30 31 31 30
 31 31 30 31 31 30 31 31 30 31 31 30 31 31 30 31
 31 30 31 31 30 31 31 30 31 31 30 31 31 30 31 31
 30 31 31 30 31 31 30 31 31 30 31 31 30 31 31 30
 31 31 30 31 31 30 31 31 30 31 31 30 31 31 30 31
 31 30 31 31 30 31 31 30 31 31 30 31 31 30 31 31
 30 31 31 30 31 31 30 31 31 30 31 31 30 31 31 30
 31 31 30 31 31 30 31 31 30 31 31 30 31 31 30 31
 31 30 31 31 30 31 31 30 31 31 30 31 31 30 31 31
 30 31 31 30 31 31 30 31 31 30 31 31 30 31 31 30
 31 31 30 31 31 30 31 31 30 31 31 30 31 31 30 31
 31 30 31 31 30 31 31 30 31 31 30 31 31 30 31 31
 30 31 31 30 31 31 30 31 31 30 31 31 30 31 8c 8a
 8c 8c 8a 8c 8c 8a 8c 8c 8a 8c 8c 8a 8c 8c 8a 8c
 8c 8a 8c 8c 8a 8c 8c 8a 8c 8c 8a 8c 8c 8a 8c 8c
 8a 8c 8c 8a 8c 8c 8a 8c 8c 8a 8c 8c 8a 8c 8c 8a
 8c 8c 8a 8c 8c 8a 8c 8c 8a 8c 8c 8a 8c 8c 8a 8c
 8c 8a 8c 8c 8a 8c 8c 8a 8c 8c 8a 8c 8c 8a 8c 8c
 8a 8c 8c 8a 8c 8c 8a 8c 31 30 31 31 30 31 31 30
 31 31 30 31 31 30 31 31 30 31 31 30 31 31 30 31
 31 30 31 31 30 31 31 30 31 31 30 31 31 30 31 31
 30 31 31 30 31 31 30 31 31 30 31 31 30 31 31 30
 31 31 30 31 31 30 31 31 30 31 31 30 31 31 30 31
 31 30 31 31 30 31 31 30 31 31 30 31 31 30 31 31
 30 31 31 30 31 31 30 31 31 30 31 31 30 31 31 30
 31 31 30 31 31 30 31 31 30 31 31 30 31 31 30 31
 31 30 31 31 30 31 31 30 31 31 30 31 31 30 31 31
 30 31 31 30 31 31 30 31 31 30 31 31 30 31 31 30
 31 31 30 31 31 30 31 31 30 31 31 30 31 31 30 31
 31 30 31 31 30 31 31 30 31 31 30 31 31 30 31 31
 30 31 31 30 31 31 30 31 31 30 31 31 30 31 31 30
 31 31 30 31 31 30 31 31 30 31 31 30 31 31 30 31
 31 30 31 31 30 31 31 30 31 31 30 31 31 30 31 31
 30 31 31 30 31 31 30 31 31 30 31 31 30 31 31 30
 31 31 30 31 31 30 31 31 30 31 31 30 31 31 30 31
 31 30 31 31 30 31 31 30 31 31 30 31 31 30 31 31
 30 31 31 30 31 31 30 31 31 30 31 31 30 31 31 30
 31 8c 8a 8c 8c 8a 8c 8c 8a 8c 8c 8a 8c 8c 8a 8c
 8c 8a 8c 8c 8a 8c 8c 8a 8c 8c 8a 8c 8c 8a 8c 31
 30 31 31 30 31 31 30 31 31 30 31 31 30 31 31 30
 31 31 30 31 31 30 31 31 30 31 31 30 31 31 30 31
 31 30 31 31 30 31 31 30 31 31 30 31 31 30 31 31
 30 31 31 30 31 31 30 31 31 30 31 31 30 31 31 30
 31 31 30 31 31 30 31 31 30 31 31 30 31 31 30 31
 31 30 31 31 30 31 31 30 31 31 30 31 31 30 31 31
 30 31 31 30 31 31 30 31 31 30 31 31 30 31 31 30
 31 31 30 31 31 30 31 31 30 31 31 30 31 31 30 31
 31 30 31 31 30 31 31 30 31 31 30 31 31 30 31 31
 30 31 31 30 31 31 30 31 31 30 31 31 30 31 31 30
 31 31 30 31 31 30 31 31 30 31 31 30 31 31 30 31
 31 30 31 31 30 31 31 30 31 31 30 31 31 30 31 31
 30 31 31 30 31 31 30 31 31 30 31 31 30 31 31 30
 31 31 30 31 31 30 31 31 30 31 31 30 31 31 30 31
 31 30 31 31 30 31 31 30 31 31 30 31 31 30 31 31
 30 31 31 30 31 31 30 31 31 30 31 31 30 31 31 30
 31 31 30 31 31 30 31 31 30 31 31 30 31 31 30 31
 31 30 31 31 30 31 31 30 31 31 30 31 31 30 31 31
 30 31 31 30 31 31 30 31 31 30 31 31 30 31 31 30
 31 31 30 31 31 30 31 31 30 31 31 30 31 31 30 31
 31 30 31 31 30 31 31 30 31 31 30 31 31 30 31 31
 30 31 31 30 31 31 30 31 31 30 31 31 30 31 31 30
 31 31 30 31 31 30 31 31 30 31 31 30 31 31 30 31
 31 30 31 31 30 31 31 30 31 31 30 31 31 30 31 31
 30 31 31 30 31 31 30 31 31 30 31 31 30 31 31 30
 31 31 30 31 31 30 31 31 30 31 31 30 31 31 30 31
 31 30 31 31 30 31 31 30 31 31 30 31 31 30 31 31
 30 31 31 30 31 31 30 31 31 30 31 31 30 31 31 30
 31 31 30 31 31 30 31 31 30 31 31 30 31 31 30 31
 31 30 31 31 30 31 31 30 31 31 30 31 31 30 31 31
 30 31 31 30 31 31 30 31 31 30 31 31 30 31 31 30
 31 31 30 31 31 30 31 31 30 31 31 30 31 31 30 31
 31 30 31 31 30 31 31 30 31 31 30 31 31 30 31 31
 30 31 31 30 31 31 30 31 31 30 31 31 30 31 31 30
 31 31 30 31 31 30 31 31 30 31 31 30 31 31 30 31
 31 30 31 31 30 31 31 30 31 31 30 31 31 30 31 31
 30 31 31 30 31 31 30 31 31 30 31 31 30 31 31 30
 31 31 30 31 31 30 31 31 30 31 31 30 31 31 30 31
 31 30 31 31 30 31 31 30 31 31 30 31 31 30 31 31
 30 31 31 30 31 31 30 31 31 30 31 31 30 31 31 30
 31 31 30 31 31 30 31 31 30 31 31 30 31 31 30 31
 31 30 31 31 30 31 31 30 31 31 30 31 31 30 31 31
 30 31 31 30 31 31 30 31 31 30 31 31 30 31 31 30
 31 31 30 31 31 30 31 31 30 31 31 30 31 31 30 31
 31 30 31 31 30 31 31 30 31 31 30 31 31 30 31 31
 30 31 31 30 31 31 30 31 31 30 31 31 30 31 31 30
 31 31 30 31 31 30 31 31 30 31 31 30 31 31 30 31
 31 30 31 31 30 31 31 30 31 31 30 31 31 30 31 31
 30 31 31 30 31 31 30 31 31 30 31 31 30 31 31 30
 31 31 30 31 31 30 31 31 30 31 31 30 31 31 30 31
 31 30 31 31 30 31 31 30 31 31 30 31 31 30 31 31
 30 31 31 30 31 31 30 31 31 30 31 31 30 31 31 30
 31 31 30 31 31 30 31 31 30 31 31 30 31 31 30 31
 31 30 31 31 30 31 31 30 31 31 30 31 31 30 31 31
 30 31 31 30 31 31 30 31 31 30 31 31 30 31 31 30
 31 31 30 31 31 30 31 31 30 31 31 30 31 31 30 31
 31 30 31 31 30 31 31 30 31 31 30 31 31 30 31 31
 30 31 31 30 31 31 30 31 31 30 31 31 30 31 31 30
 31 31 30 31 31 30 31 31 30 31 31 30 31 31 30 31
 31 30 31 31 30 31 31 30 31 31 30 31 31 30 31 31
 30 31 31 30 31 31 30 31 31 30 31 31 30 31 31 30
 31 31 30 31 31 30 31 31 30 31 31 30 31 31 30 31
 31 30 31 31 30 31 31 30 31 31 30 31 31 30 31 31
 30 31 31 30 31 31 30 31 31 30 31 31 30 31 31 30
 31 31 30 31 31 30 31 31 30 31 31 30 31 31 30 31
 31 30 31 31 30 31 31 30 31 31 30 31 31 30 31 31
 30 31 31 30 31 31 30 31 31 30 31 31 30 31 31 30
 31 31 30 31 31 30 31 31 30 31 31 30 31 31 30 31
 31 30 31 31 30 31 31 30 31 31 30 31 31 30 31 31
 30 31 31 30 31 31 30 31 31 30 31 31 30 31 31 30
 31 31 30 31 31 30 31 31 30 31 31 30 31 31 30 31
 31 30 31 31 30 31 31 30 31 31 30 31 31 30 31 31
 30 31 31 30 31 31 30 31 31 30 31 31 30 31 31 30
 31 31 30 31 31 30 31 31 30 31 31 30 31 31 30 31
 31 30 31 31 30 31 31 30 31 31 30 31 31 30 31 31
 30 31 31 30 31 31 30 31 31 30 31 31 30 31 31 30
 31 31 30 31 31 30 31 31 30 31 31 30 31 31 30 31
 31 30 31 31 30 31 31 30 31 31 30 31 31 30 31 31
 30 31 31 30 31 31 30 31 31 30 31 31 30 31 31 30
 31 31 30 31 31 30 31 31 30 31 31 30 31 31 30 31
 31 30 31 31 30 31 31 30 31 31 30 31 31 30 31 31
 30 31 31 30 31 31 30 31 31 30 31 31 30 31 31 30
 31 31 30 31 31 30 31 31 30 31 31 30 31 31 30 31
 31 30 31 31 30 31 31 30 31 31 30 31 31 30 31 31
 30 31 31 30 31 31 30 31 31 30 31 31 30 31 31 30
 31 31 30 31 31 30 31 31 30 31 31 30 31 31 30 31
 31 30 31 31 30 31 31 30 31 31 30 31 31 30 31 31
 30 31 31 30 31 31 30 31 31 30 31 31 30 31 31 30
 31 31 30 31 31 30 31 31 30 31 31 30 31 31 30 31
 31 30 31 31 30 31 31 30 31 31 30 31 31 30 31 31
 30 31 31 30 31 31 30 31 31 30 31 31 30 31 31 30
 31 31 30 31 31 30 31 31 30 31 31 30 31 31 30 31
 31 30 31 31 30 31 31 30 31 31 30 31 31 30 31 31
 30 31 31 30 31 31 30 31 31 30 31 31 30 31 31 30
 31 31 30 31 31 30 31 31 30 31 31 30 31 31 30 31
 31 30 31 31 30 31 31 30 31 31 30 31 31 30 31 31
 30 31 31 30 31 31 30 31 31 30 31 31 30 31 31 30
 31 31 30 31 31 30 31 31 30 31 31 30 31 31 30 31
 31 30 31 31 30 31 31 30 31 31 30 31 31 30 31 31
 30 31 31 30 31 31 30 31 31 30 31 31 30 31 31 30
 31 31 30 31 31 30 31 31 30 31 31 30 31 31 30 31
 31 30 31 31 30 31 31 30 31 31 30 31 31 30 31 31
 30 31 31 30 31 31 30 31 31 30 31 31 30 31 31 30
 31 31 30 31 31 30 31 31 30 31 31 30 31 31 30 31
 31 30 31 31 30 31 31 30 31 31 30 31 31 30 31 31
 30 31 31 30 31 31 30 31 31 30 31 31 30 31 31 30
 31 31 30 31 31 30 31 31 30 31 31 30 31 31 30 31
 31 30 31 31 30 31 31 30 31 31 30 31 31 30 31 31
 30 31 31 30 31 31 30 31 31 30 31 31 30 31 31 30
 31 31 30 31 31 30 31 31 30 31 31 30 31 31 30 31
 31 30 31 31 30 31 31 30 31 31 30 31 31 30 31 31
 30 31 31 30 31 31 30 31 31 30 31 31 30 31 31 30
 31 31 30 31 31 30 31 31 30 31 31 30 31 31 30 31
 31 30 31 31 30 31 31 30 31 31 30 31 31 30 31 31
 30 31 31 30 31 31 30 31 31 30 31 31 30 31 31 30
 31 31 30 31 31 30 31 31 30 31 31 30 31 31 30 31
 31 30 31 31 30 31 31 30 31 31 30 31 31 30 31 31
 30 31 31 30 31 31 30 31 31 30 31 31 30 31 31 30
 31 31 30 31 31 30 31 31 30 31 31 30 31 31 30 31
 31 30 31 31 30 31 31 30 31 31 30 31 31 30 31 31
 30 31 31 30 31 31 30 31 31 30 31 31 30 31 31 30
 31 31 30 31 31 30 31 31 30 31 31 30 31 31 30 31
 31 30 31 31 30 31 31 30 31 31 30 31 31 30 31 31
 30 31 31 30 31 31 30 31 31 30 31 31 30 31 31 30
 31 31 30 31 31 30 31 31 30 31 31 30 31 31 30 31
 31 30 31 31 30 31 31 30 31 31 30 31 31 30 31 31
 30 31 31 30 31 31 30 31 31 30 31 31 30 31 31 30
 31 31 30 31 31 30 31 31 30 31 31 30 31 31 30 31
 31 30 31 31 30 31 31 30 31 31 30 31 31 30 31 31
 30 31 31 30 31 31 30 31 31 30 31 31 30 31 31 30
 31 31 30 31 31 30 31 31 30 31 31 30 31 31 30 31
 31 30 31 31 30 31 31 30 31 31 30 31 31 30 31 31
 30 31 31 30 31 31 30 31 31 30 31 31 30 31 31 30
 31 31 30 31 31 30 31 31 30 31 31 30 31 31 30 31
 31 30 31 31 30 31 31 30 31 31 30 31 31 30 31 31
 30 31 31 30 31 31 30 31 31 30 31 31 30 31 31 30
 31 31 30 31 31 30 31 31 30 31 31 30 31 31 30 31
 31 30 31 31 30 31 31 30 31 31 30 31 31 30 31 31
 30 31 31 30 31 31 30 31 31 30 31 31 30 31 31 30
 31 31 30 31 31 30 31 31 30 31 31 30 31 31 30 31
 31 30 31 31 30 31 31 30 31 31 30 31 31 30 31 31
 30 31 31 30 31 31 30 31 31 30 31 31 30 31 31 30
 31 31 30 31 31 30 31 31 30 31 31 30 31 31 30 31
 31 30 31 31 30 31 31 30 31 31 30 31 31 30 31 31
 30 31 31 30 31 31 30 31 31 30 31 31 30 31 31 30
 31 31 30 31 31 30 31 31 30 31 31 30 31 31 30 31
 31 30 31 31 30 31 31 30 31 31 30 31 31 30 31 31
 30 31 31 30 31 31 30 31 31 30 31 31 30 31 31 30
 31 31 30 31 31 30 31 31 30 31 31 30 31 31 30 31
 31 30 31 31 30 31 31 30 31 31 30 31 31 30 31 31
 30 31 31 30 31 31 30 31 31 30 31 31 30 31 31 30
 31 31 30 31 31 30 31 31 30 31 31 30 31 31 30 31
 31 30 31 31 30 31 31 30 31 31 30 31 31 30 31 31
 30 31 31 30 31 31 30 31 31 30 31 31 30 31 31 30
 31 31 30 31 31 30 31 31 30 31 31 30 31 31 30 31
 31 30 31 31 30 31 31 30 31 31 30 31 31 30 31 31
 30 31 31 30 31 31 30 31 31 30 31 31 30 31 31 30
 31 31 30 31 31 30 31 31 30 31 31 30 31 31 30 31
 31 30 31 31 30 31 31 30 31 31 30 31 31 30 31 31
 30 31 31 30 31 31 30 31 31 30 31 31 30 31 31 30
 31 31 30 31 31 30 31 31 30 31 31 30 31 31 30 31
 31 30 31 31 30 31 31 30 31 31 30 31 31 30 31 31
 30 31 31 30 31 31 30 31 31 30 31 31 30 31 31 30
 31 31 30 31 31 30 31 31 30 31 31 30 31 31 30 31
 31 30 31 31 30 31 31 30 31 31 30 31 31 30 31 31
 30 31 31 30 31 31 30 31 31 30 31 31 30 31 31 30
 31 31 30 31 31 30 31 31 30 31 31 30 31 31 30 31
 31 30 31 31 30 31 31 30 31 31 30 31 31 30 31 31
 30 31 31 30 31 31 30 31 31 30 31 31 30 31 31 30
 31 31 30 31 31 30 31 31 30 31 31 30 31 31 30 31
 31 30 31 31 30 31 31 30 31 31 30 31 31 30 31 31
 30 31 31 30 31 31 30 31 31 30 31 31 30 31 31 30
 31 31 30 31 31 30 31 31 30 31 31 30 31 31 30 31
 31 30 31 31 30 31 31 30 31 31 30 31 31 30 31 31
 30 31 31 30 31 31 30 31 31 30 31 31 30 31 31 30
 31 31 30 31 31 30 31 31 30 31 31 30 31 31 30 31
 31 30 31 31 30 31 31 30 31 31 30 31 31 30 31 31
 30 31 31 30 31 31 30 31 31 30 31 31 30 31 31 30
 31 31 30 31 31 30 31 31 30 31 31 30 31 31 30 31
 31 30 31 31 30 31 31 30 31 31 30 31 31 30 31 31
 30 31 31 30 31 31 30 31 31 30 31 31 30 31 31 30
 31 31 30 31 31 30 31 31 30 31 31 30 31 31 30 31
 31 30 31 31 30 31 31 30 31 31 30 31 31 30 31 31
 30 31 31 30 31 31 30 31 31 30 31 31 30 31 31 30
 31 31 30 31 31 30 31 31 30 31 31 30 31 31 30 31
 31 30 31 31 30 31 31 30 31 31 30 31 31 30 31 31
 30 31 31 30 31 31 30 31 31 30 31 31 30 31 31 30
 31 31 30 31 31 30 31 31 30 31 31 30 31 31 30 31
 31 30 31 31 30 31 31 30 31 31 30 31 31 30 31 31
 30 31 31 30 31 31 30 31 31 30 31 31 30 31 31 30
 31 31 30 31 31 30 31 31 30 31 31 30 31 31 30 31
 31 30 31 31 30 31 31 30 31 31 30 31 31 30 31 31
 30 31 31 30 31 31 30 31 31 30 31 31 30 31 31 30
 31 31 30 31 31 30 31 31 30 31 31 30 31 31 30 31
 31 30 31 31 30 31 31 30 31 31 30 31 31 30 31 31
 30 31 31 30 31 31 30 31 31 30 31 31 30 31 31 30
 31 31 30 31 31 30 31 31 30 31 31 30 31 31 30 31
 31 30 31 31 30 31 31 30 31 31 30 31 31 30 31 31
 30 31 31 30 31 31 30 31 31 30 31 31 30 31 31 30
 31 31 30 31 31 30 31 31 30 31 31 30 31 31 30 31
 31 30 31 31 30 31 31 30 31 31 30 31 31 30 31 31
 30 31 31 30 31 31 30 31 31 30 31 31 30 31 31 30
 31 31 30 31 31 30 31 31 30 31 31 30 31 31 30 31
 31 30 31 31 30 31 31 30 31 31 30 31 31 30 31 31
 30 31 31 30 31 31 30 31 31 30 31 31 30 31 31 30
 31 31 30 31 31 30 31 31 30 31 31 30 31 31 30 31
 31 30 31 31 30 31 31 30 31 31 30 31 31 30 31 31
 30 31 31 30 31 31 30 31 31 30 31 31 30 31 31 30
 31 31 30 31 31 30 31 31 30 31 31 30 31 31 30 31
 31 30 31 31 30 31 31 30 31 31 30 31 31 30 31 31
 30 31 31 30 31 31 30 31 31 30 31 31 30 31 31 30
 31 31 30 31 31 30 31 31 30 31 31 30 31 31 30 31
 31 30 31 31 30 31 31 30 31 31 30 31 31 30 31 31
 30 31 31 30 31 31 30 31 31 30 31 31 30 31 31 30
 31 31 30 31 31 30 31 31 30 31 31 30 31 31 30 31
 31 30 31 31 30 31 31 30 31 31 30 31 31 30 31 31
 30 31 31 30 31 31 30 31 31 30 31 31 30 31 31 30
 31 31 30 31 31 30 31 31 30 31 31 30 31 31 30 31
 31 30 31 31 30 31 31 30 31 31 30 31 31 30 31 31
 30 31 31 30 31 31 30 31 31 30 31 31 30 31 31 30
 31 31 30 31 31 30 31 31 30 31 31 30 31 31 30 31
 31 30 31 31 30 31 31 30 31 31 30 31 31 30 31 31
 30 31 31 30 31 31 30 31 31 30 31 31 30 31 31 30
 31 31 30 31 31 30 31 31 30 31 31 30 31 31 30 31
 31 30 31 31 30 31 31 30 31 31 30 31 31 30 31 31
 30 31 31 30 31 31 30 31 31 30 31 31 30 31 31 30
 31 31 30 31 31 30 31 31 30 31 31 30 31 31 30 31
 31 30 31 31 30 31 31 30 31 31 30 31 31 30 31 31
 30 31 31 30 31 31 30 31 31 30 31 31 30 31 31 30
 31 31 30 31 31 30 31 31 30 31 31 30 31 31 30 31
 31 30 31 31 30 31 31 30 31 31 30 31 31 30 31 31
 30 31 31 30 31 31 30 31 31 30 31 31 30 31 31 30
 31 31 30 31 31 30 31 31 30 31 31 30 31 31 30 31
 31 30 31 31 30 31 31 30 31 31 30 31 31 30 31 31
 30 31 31 30 31 31 30 31 31 30 31 31 30 31 31 30
 31 31 30 31 31 30 31 31 30 31 31 30 31 31 30 31
 31 30 31 31 30 31 31 30 31 31 30 31 31 30 31 31
 30 31 31 30 31 31 30 31 31 30 31 31 30 31 31 30
 31 31 30 31 31 30 31 31 30 31 31 30 31 31 30 31
 31 30 31 31 30 31 31 30 31 31 30 31 31 30 31 31
 30 31 31 30 31 31 30 31 31 30 31 31 30 31 31 30
 31 31 30 31 31 30 31 31 30 31 31 30 31 31 30 31
 31 30 31 31 30 31 31 30 31 31 30 31 31 30 31 31
 30 31 31 30 31 31 30 31 31 30 31 31 30 31 31 30
 31 31 30 31 31 30 31 31 30 31 31 30 31 31 30 31
 31 30 31 31 30 31 31 30 31 31 30 31 31 30 31 31
 30 31 31 30 31 31 30 31 31 30 31 31 30 31 31 30
 31 31 30 31 31 30 31 31 30 31 31 30 31 31 30 31
 31 30 31 31 30 31 31 30 31 31 30 31 31 30 31 31
 30 31 31 30 31 31 30 31 31 30 31 31 30 31 31 30
 31 31 30 31 31 30 31 31 30 31 31 30 31 31 30 31
 31 30 31 31 30 31 31 30 31 31 30 31 31 30 31 31
 30 31 31 30 31 31 30 31 31 30 31 31 30 31 31 30
 31 31 30 31 31 30 31 31 30 31 31 30 31 31 30 31
 31 30 31 31 30 31 31 30 31 31 30 31 31 30 31 31
 30 31 31 30 31 31 30 31 31 30 31 31 30 31 31 30
 31 31 30 31 31 30 31 31 30 31 31 30 31 31 30 31
 31 30 31 31 30 31 31 30 31 31 30 31 31 30 31 31
 30 31 31 30 31 31 30 31 31 30 31 31 30 31 31 30
 31 31 30 31 31 30 31 31 30 31 31 30 31 31 30 31
 31 30 31 31 30 31 31 30 31 31 30 31 31 30 31 31
 30 31 31 30 31 31 30 31 31 30 31 31 30 31 31 30
 31 31 30 31 31 30 31 31 30 31 31 30 31 31 30 31
 31 30 31 31 30 31 31 30 31 31 30 31 31 30 31 31
 30 31 31 30 31 31 30 31 31 30 31 31 30 31 31 30
 31 31 30 31 31 30 31 31 30 31 31 30 31 31 30 31
 31 30 31 31 30 31 31 30 31 31 30 31 31 30 31 31
 30 31 31 30 31 31 30 31 31 30 31 31 30 31 31 30
 31 31 30 31 31 30 31 31 30 31 31 30 31 31 30 31
 31 30 31 31 30 31 31 30 31 31 30 31 31 30 31 31
 30 31 31 30 31 31 30 31 31 30 31 31 30 31 31 30
 31 31 30 31 31 30 31 31 30 31 31 30 31 31 30 31
 31 30 31 31 30 31 31 30 31 31 30 31 31 30 31 31
 30 31 31 30 31 31 30 31 31 30 31 31 30 31 31 30
 31 31 30 31 31 30 31 31 30 31 31 30 31 31 30 31
 31 30 31 31 30 31 31 30 31 31 30 31 31 30 31 31
 30 31 31 30 31 31 30 31 31 30 31 31 30 31 31 30
 31 31 30 31 31 30 31 31 30 31 31 30 31 31 30 31
 31 30 31 31 30 31 31 30 31 31 30 31 31 30 31 31
 30 31 31 30 31 31 30 31 31 30 31 31 30 31 31 30
 31 31 30 31 31 30 31 31 30 31 31 30 31 31 30 31
 31 30 31 31 30 31 31 30 31 31 30 31 31 30 31 31
 30 31 31 30 31 31 30 31 31 30 31 31 30 31 31 30
 31 31 30 31 31 30 31 31 30 31 31 30 31 31 30 31
 31 30 31 31 30 31 31 30 31 31 30 31 31 30 31 31
 30 31 31 30 31 31 30 31 31 30 31 31 30 31 31 30
 31 31 30 31 31 30 31 31 30 31 31 30 31 31 30 31
 31 30 31 31 30 31 31 30 31 31 30 31 31 30 31 31
 30 31 31 30 31 31 30 31 31 30 31 31 30 31 31 30
 31 31 30 31 31 30 31 31 30 31 31 30 31 31 30 31
 31 30 31 31 30 31 31 30 31 31 30 31 31 30 31 31
 30 31 31 30 31 31 30 31 31 30 31 31 30 31 31 30
 31 31 30 31 31 30 31 31 30 31 31 30 31 31 30 31
 31 30 31 31 30 31 31 30 31 31 30 31 31 30 31 31
 30 31 31 30 31 31 30 31 31 30 31 31 30 31 31 30
 31 31 30 31 31 30 31 31 30 31 31 30 31 31 30 31
 31 30 31 31 30 31 31 30 31 31 30 31 31 30 31 31
 30 31 31 30 31 31 30 31 31 30 31 31 30 31 31 30
 31 31 30 31 31 30 31 31 30 31 31 30 31 31 30 31
 31 30 31 31 30 31 31 30 31 31 30 31 31 30 31 31
 30 31 31 30 31 31 30 31 31 30 31 31 30 31 31 30
 31 31 30 31 31 30 31 31 30 31 31 30 31 31 30 31
 31 30 31 31 30 31 31 30 31 31 30 31 31 30 31 31
 30 31 31 30 31 31 30 31 31 30 31 31 30 31 31 30
 31 31 30 31 31 30 31 31 30 31 31 30 31 31 30 31
 31 30 31 31 30 31 31 30 31 31 30 31 31 30 31 31
 30 31 31 30 31 31 30 31 31 30 31 31 30 31 31 30
 31 31 30 31 31 30 31 31 30 31 31 30 31 31 30 31
 31 30 31 31 30 31 31 30 31 31 30 31 31 30 31 31
 30 31 31 30 31 31 30 31 31 30 31 31 30 31 31 30
 31 31 30 31 31 30 31 31 30 31 31 30 31 31 30 31
 31 30 31 31 30 31 31 30 31 31 30 31 31 30 31 31
 30 31 31 30 31 31 30 31 31 30 31 31 30 31 31 30
 31 31 30 31 31 30 31 31 30 31 31 30 31 31 30 31
 31 30 31 31 30 31 31 30 31 31 30 31 31 30 31 31
 30 31 31 30 31 31 30 31 31 30 31 31 30 31 31 30
 31 31 30 31 31 30 31 31 30 31 31 30 31 31 30 31
 31 30 31 31 30 31 31 30 31 31 30 31 31 30 31 31
 30 31 31 30 31 31 30 31 31 30 31 31 30 31 31 30
 31 31 30 31 31 30 31 31 30 31 31 30 31 31 30 31
 31 30 31 31 30 31 31 30 31 31 30 31 31 30 31 31
 30 31 31 30 31 31 30 31 31 30 31 31 30 31 31 30
 31 31 30 31 31 30 31 31 30 31 31 30 31 31 30 31
 31 30 31 31 30 31 31 30 31 31 30 31 31 30 31 31
 30 31 31 30 31 31 30 31 31 30 31 31 30 31 31 30
 31 31 30 31 31 30 31 31 30 31 31 30 31 31 30 31
 31 30 31 31 30 31 31 30 31 31 30 31 31 30 31 31
 30 31 31 30 31 31 30 31 31 30 31 31 30 31 31 30
 31 31 30 31 31 30 31 31 30 31 31 30 31 31 30 31
 31 30 31 31 30 31 31 30 31 31 30 31 31 30 31 31
 30 31 31 30 31 31 30 31 31 30 31 31 30 31 31 30
 31 31 30 31 31 30 31 31 30 31 31 30 31 31 30 31
 31 30 31 31 30 31 31 30 31 31 30 31 31 30 31 31
 30 31 31 30 31 31 30 31 31 30 31 31 30 31 31 30
 31 31 30 31 31 30 31 31 30 31 31 30 31 31 30 31
 31 30 31 31 30 31 31 30 31 31 30 31 31 30 31 31
 30 31 31 30 31 31 30 31 31 30 31 31 30 31 31 30
 31 31 30 31 31 30 31 31 30 31 31 30 31 31 30 31
 31 30 31 31 30 31 31 30 31 31 30 31 31 30 31 31
 30 31 31 30 31 31 30 31 31 30 31 31 30 31 31 30
 31 31 30 31 31 30 31 31 30 31 31 30 31 31 30 31
 31 30 31 31 30 31 31 30 31 31 30 31 31 30 31 31
 30 31 31 30 31 31 30 31 31 30 31 31 30 31 31 30
 31 31 30 31 31 30 31 31 30 31 31 30 31 31 30 31
 31 30 31 31 30 31 31 30 31 31 30 31 31 30 31 31
 30 31 31 30 31 31 30 31 31 30 31 31 30 31 31 30
 31 31 30 31 31 30 31 31 30 31 31 30 31 31 30 31
 31 30 31 31 30 31 31 30 31 31 30 31 31 30 31 31
 30 31 31 30 31 31 30 31 31 30 31 31 30 31 31 30
 31 31 30 31 31 30 31 31 30 31 31 30 31 31 30 31
 31 30 31 31 30 31 31 30 31 31 30 31 31 30 31 31
 30 31 31 30 31 31 30 31 31 30 31 31 30 31 31 30
 31 31 30 31 31 30 31 31 30 31 31 30 31 31 30 31
 31 30 31 31 30 31 31 30 31 31 30 31 31 30 31 31
 30 31 31 30 31 31 30 31 31 30 31 31 30 31 31 30
 31 31 30 31 31 30 31 31 30 31 31 30 31 31 30 31
 31 30 31 31 30 31 31 30 31 31 30 31 31 30 31 31
 30 31 31 30 31 31 30 31 31 30 31 31 30 31 31 30
 31 31 30 31 31 30 31 31 30 31 31 30 31 31 30 31
 31 30 31 31 30 31 31 30 31 31 30 31 31 30 31 31
 30 31 31 30 31 31 30 31 31 30 31 31 30 31 31 30
 31 31 30 31 31 30 31 31 30 31 31 30 31 31 30 31
 31 30 31 31 30 31 31 30 31 31 30 31 31 30 31 31
 30 31 31 30 31 31 30 31 31 30 31 31 30 31 31 30
 31 31 30 31 31 30 31 31 30 31 31 30 31 31 30 31
 31 30 31 31 30 31 31 30 31 31 30 31 31 30 31 31
 30 31 31 30 31 31 30 31 31 30 31 31 30 31 31 30
 31 31 30 31 31 30 31 31 30 31 31 30 31 31 30 31
 31 30 31 31 30 31 31 30 31 31 30 31 31 30 31 31
 30 31 31 30 31 31 30 31 31 30 31 31 30 31 31 30
 31 31 30 31 31 30 31 31 30 31 31 30 31 31 30 31
 31 30 31 31 30 31 31 30 31 31 30 31 31 30 31 31
 30 31 31 30 31 31 30 31 31 30 31 31 30 31 31 30
 31 31 30 31 31 30 31 31 30 31 31 30 31 31 30 31
 31 30 31 31 30 31 31 30 31 31 30 31 31 30 31 31
 30 31 31 30 31 31 30 31 31 30 31 31 30 31 31 30
 31 31 30 31 31 30 31 31 30 31 31 30 31 31 30 31
 31 30 31 31 30 31 31 30 31 31 30 31 31 30 31 31
 30 31 31 30 31 31 30 31 31 30 31 31 30 31 31 30
 31 31 30 31 31 30 31 31 30 31 31 30 31 31 30 31
 31 30 31 31 30 31 31 30 31 31 30 31 31 30 31 31
 30 31 31 30 31 31 30 31 31 30 31 31 30 31 31 30
 31 31 30 31 31 30 31 31 30 31 31 30 31 31 30 31
 31 30 31 31 30 31 31 30 31 31 30 31 31 30 31 31
 30 31 31 30 31 31 30 31 31 30 31 31 30 31 31 30
 31 31 30 31 31 30 31 31 30 31 31 30 31 31 30 31
 31 30 31 31 30 31 31 30 31 31 30 31 31 30 31 31
 30 31 31 30 31 31 30 31 31 30 31 31 30 31 31 30
 31 31 30 31 31 30 31 31 30 31 31 30 31 31 30 31
 31 30 31 31 30 31 31 30 31 31 30 31 31 30 31 31
 30 31 31 30 31 31 30 31 31 30 31 31 30 31 31 30
 31 31 30 31 31 30 31 31 30 31 31 30 31 31 30 31
 31 30 31 31 30 31 31 30 31 31 30 31 31 30 31 31
 30 31 31 30 31 31 30 31 31 30 31 31 30 31 31 30
 31 31 30 31 31 30 31 31 30 31 31 30 31 31 30 31
 31 30 31 31 30 31 31 30 31 31 30 31 31 30 31 31
 30 31 31 30 31 31 30 31 31 30 31 31 30 31 31 30
 31 31 30 31 31 30 31 31 30 31 31 30 31 31 30 31
 31 30 31 31 30 31 31 30 31 31 30 31 31 30 31 31
 30 31 31 30 31 31 30 31 31 30 31 31 30 31 31 30
 31 31 30 31 31 30 31 31 30 31 31 30 31 31 30 31
 31 30 31 31 30 31 31 30 31 31 30 31 31 30 31 31
 30 31 31 30 31 31 30 31 31 30 31 31 30 31 31 30
 31 31 30 31 31 30 31 31 30 31 31 30 31 31 30 31
 31 30 31 31 30 31 31 30 31 31 30 31 31 30 31 31
 30 31 31 30 31 31 30 31 31 30 31 31 30 31 31 30
 31 31 30 31 31 30 31 31 30 31 31 30 31 31 30 31
 31 30 31 31 30 31 31 30 31 31 30 31 31 30 31 31
 30 31 31 30 31 31 30 31 31 30 31 31 30 31 31 30
 31 31 30 31 31 30 31 31 30 31 31 30 31 31 30 31
 31 30 31 31 30 31 31 30 31 31 30 31 31 30 31 31
 30 31 31 30 31 31 30 31 31 30 31 31 30 31 31 30
 31 31 30 31 31 30 31 31 30 31 31 30 31 31 30 31
 31 30 31 31 30 31 31 30 31 31 30 31 31 30 31 31
 30 31 31 30 31 31 30 31 31 30 31 31 30 31 31 30
 31 31 30 31 31 30 31 31 30 31 31 30 31 31 30 31
 31 30 31 31 30 31 31 30 31 31 30 31 31 30 31 31
 30 31 31 30 31 31 30 31 31 30 31 31 30 31 31 30
 31 31 30 31 31 30 31 31 30 31 31 30 31 31 30 31
 31 30 31 31 30 31 31 30 31 31 30 31 31 30 31 31
 30 31 31 30 31 31 30 31 31 30 31 31 30 31 31 30
 31 31 30 31 31 30 31 31 30 31 31 30 31 31 30 31
 31 30 31 31 30 31 31 30 31 31 30 31 31 30 31 31
 30 31 31 30 31 31 30 31 31 30 31 31 30 31 31 30
 31 31 30 31 31 30 31 31 30 31 31 30 31 31 30 31
 31 30 31 31 30 31 31 30 31 31 30 31 31 30 31 31
 30 31 31 30 31 31 30 31 31 30 31 31 30 31 31 30
 31 31 30 31 31 30 31 31 30 31 31 30 31 31 30 31
 31 30 31 31 30 31 31 30 31 31 30 31 31 30 31 31
 30 31 31 30 31 31 30 31 31 30 31 31 30 31 31 30
 31 31 30 31 31 30 31 31 30 31 31 30 31 31 30 31
 31 30 31 31 30 31 31 30 31 31 30 31 31 30 31 31
 30 31 31 30 31 31 30 31 31 30 31 31 30 31 31 30
 31 31 30 31 31 30 31 31 30 31 31 30 31 31 30 31
 31 30 31 31 30 31 31 30 31 31 30 31 31 30 31 31
 30 31 31 30 31 31 30 31 31 30 31 31 30 31 31 30
 31 31 30 31 31 30 31 31 30 31 31 30 31 31 30 31
 31 30 31 31 30 31 31 30 31 31 30 31 31 30 31 31
 30 31 31 30 31 31 30 31 31 30 31 31 30 31 31 30
 31 31 30 31 31 30 31 31 30 31 31 30 31 31 30 31
 31 30 31 31 30 31 31 30 31 31 30 31 31 30 31 31
 30 31 31 30 31 31 30 31 31 30 31 31 30 31 31 30
 31 31 30 31 31 30 31 31 30 31 31 30 31 31 30 31
 31 30 31 31 30 31 31 30 31 31 30 31 31 30 31 31
 30 31 31 30 31 31 30 31 31 30 31 31 30 31 31 30
 31 31 30 31 31 30 31 31 30 31 31 30 31 31 30 31
 31 30 31 31 30 31 31 30 31 31 30 31 31 30 31 31
 30 31 31 30 31 31 30 31 31 30 31 31 30 31 31 30
 31 31 30 31 31 30 31 31 30 31 31 30 31 31 30 31
 31 30 31 31 30 31 31 30 31 31 30 31 31 30 31 31
 30 31 31 30 31 31 30 31 31 30 31 31 30 31 31 30
 31 31 30 31 31 30 31 31 30 31 31 30 31 31 30 31
 31 30 31 31 30 31 31 30 31 31 30 31 31 30 31 31
 30 31 31 30 31 31 30 31 31 30 31 31 30 31 31 30
 31 31 30 31 31 30 31 31 30 31 31 30 31 31 30 31
 31 30 31 31 30 31 31 30 31 31 30 31 31 30 31 31
 30 31 31 30 31 31 30 31 31 30 31 31 30 31 31 30
 31 31 30 31 31 30 31 31 30 31 31 30 31 31 30 31
 31 30 31 31 30 31 31 30 31 31 30 31 31 30 31 31
 30 31 31 30 31 31 30 31 31 30 31 31 30 31 31 30
 31 31 30 31 31 30 31 31 30 31 31 30 31 31 30 31
 31 30 31 31 30 31 31 30 31 31 30 31 31 30 31 31
 30 31 31 30 31 31 30 31 31 30 31 31 30 31 31 30
 31 31 30 31 31 30 31 31 30 31 31 30 31 31 30 31
 31 30 31 31 30 31 31 30 31 31 30 31 31 30 31 31
 30 31 31 30 31 31 30 31 31 30 31 31 30 31 31 30
 31 31 30 31 31 30 31 31 30 31 31 30 31 31 30 31
 31 30 31 31 30 31 31 30 31 31 30 31 31 30 31 31
 30 31 31 30 31 31 30 31 31 30 31 31 30 31 31 30
 31 31 30 31 31 30 31 31 30 31 31 30 31 31 30 31
 31 30 31 31 30 31 31 30 31 31 30 31 31 30 31 31
 30 31 31 30 31 31 30 31 31 30 31 31 30 31 31 30
 31 31 30 31 31 30 31 31 30 31 31 30 31 31 30 31
 31 30 31 31 30 31 31 30 31 31 30 31 31 30 31 31
 30 31 31 30 31 31 30 31 31 30 31 31 30 31 31 30
 31 31 30 31 31 30 31 31 30 31 31 30 31 31 30 31
 31 30 31 31 30 31 31 30 31 31 30 31 31 30 31 31
 30 31 31 30 31 31 30 31 31 30 31 31 30 31 31 30
 31 31 30 31 31 30 31 31 30 31 31 30 31 31 30 31
 31 30 31 31 30 31 31 30 31 31 30 31 31 30 31 31
 30 31 31 30 31 31 30 31 31 30 31 31 30 31 31 30
 31 31 30 31 31 30 31 31 30 31 31 30 31 31 30 31
 31 30 31 31 30 31 31 30 31 31 30 31 31 30 31 31
 30 31 31 30 31 31 30 31 31 30 31 31 30 31 31 30
 31 31 30 31 31 30 31 31 30 31 31 30 31 31 30 31
 31 30 31 31 30 31 31 30 31 31 30 31 31 30 31 31
 30 31 31 30 31 31 30 31 31 30 31 31 30 31 31 30
 31 31 30 31 31 30 31 31 30 31 31 30 31 31 30 31
 31 30 31 31 30 31 31 30 31 31 30 31 31 30 31 31
 30 31 31 30 31 31 30 31 31 30 31 31 30 31 31 30
 31 31 30 31 31 30 31 31 30 31 31 30 31 31 30 31
 31 30 31 31 30 31 31 30 31 31 30 31 31 30 31 31
 30 31 31 30 31 31 30 31 31 30 31 31 30 31 31 30
 31 31 30 31 31 30 31 31 30 31 31 30 31 31 30 31
 31 30 31 31 30 31 31 30 31 31 30 31 31 30 31 31
 30 31 31 30 31 31 30 31 31 30 31 31 30 31 31 30
 31 31 30 31 31 30 31 31 30 31 31 30 31 31 30 31
 31 30 31 31 30 31 31 30 31 31 30 31 31 30 31 31
 30 31 31 30 31 31 30 31 31 30 31 31 30 31 31 30
 31 31 30 31 31 30 31 31 30 31 31 30 31 31 30 31
 31 30 31 31 30 31 31 30 31 31 30 31 31 30 31 31
 30 31 31 30 31 31 30 31 31 30 31 31 30 31 31 30
 31 31 30 31 31 30 31 31 30 31 31 30 31 31 30 31
 31 30 31 31 30 31 31 30 31 31 30 31 31 30 31 31
 30 31 31 30 31 31 30 31 31 30 31 31 30 31 31 30
 31 31 30 31 31 30 31 31 30 31 31 30 31 31 30 31
 31 30 31 31 30 31 31 30 31 31 30 31 31 30 31 31
 30 31 31 30 31 31 30 31 31 30 31 31 30 31 31 30
 31 31 30 31 31 30 31 31 30 31 31 30 31 31 30 31
 31 30 31 31 30 31 31 30 31 31 30 31 31 30 31 31
 30 31 31 30 31 31 30 31 31 30 31 31 30 31 31 30
 31 31 30 31 31 30 31 31 30 31 31 30 31 31 30 31
 31 30 31 31 30 31 31 30 31 31 30 31 31 30 31 31
 30 31 31 30 31 31 30 31 31 30 31 31 30 31 31 30
 31 31 30 31 31 30 31 31 30 31 31 30 31 31 30 31
 31 30 31 31 30 31 31 30 31 31 30 31 31 30 31 31
 30 31 31 30 31 31 30 31 31 30 31 31 30 31 31 30
 31 31 30 31 31 30 31 31 30 31 31 30 31 31 30 31
 31 30 31 31 30 31 31 30 31 31 30 31 31 30 31 31
 30 31 31 30 31 31 30 31 31 30 31 31 30 31 31 30
 31 31 30 31 31 30 31 31 30 31 31 30 31 31 30 31
 31 30 31 31 30 31 31 30 31 31 30 31 31 30 31 31
 30 31 31 30 31 31 30 31 31 30 31 31 30 31 31 30
 31 31 30 31 31 30 31 31 30 31 31 30 31 31 30 31
 31 30 31 31 30 31 31 30 31 31 30 31 31 30 31 31
 30 31 31 30 31 31 30 31 31 30 31 31 30 31 31 30
 31 31 30 31 31 30 31 31 30 31 31 30 31 31 30 31
 31 30 31 31 30 31 31 30 31 31 30 31 31 30 31 31
 30 31 31 30 31 31 30 31 31 30 31 31 30 31 31 30
 31 31 30 31 31 30 31 31 30 31 31 30 31 31 30 31
 31 30 31 31 30 31 31 30 31 31 30 31 31 30 31 31
 30 31 31 30 31 31 30 31 31 30 31 31 30 31 31 30
 31 31 30 31 31 30 31 31 30 31 31 30 31 31 30 31
 31 30 31 31 30 31 31 30 31 31 30 31 31 30 31 31
 30 31 31 30 31 31 30 31 31 30 31 31 30 31 31 30
 31 31 30 31 31 30 31 31 30 31 31 30 31 31 30 31
 31 30 31 31 30 31 31 30 31 31 30 31 31 30 31 31
 30 31 31 30 31 31 30 31 31 30 31 31 30 31 31 30
 31 31 30 31 31 30 31 31 30 31 31 30 31 31 30 31
 31 30 31 31 30 31 31 30 31 31 30 31 31 30 31 31
 30 31 31 30 31 31 30 31 31 30 31 31 30 31 31 30
 31 31 30 31 31 30 31 31 30 31 31 30 31 31 30 31
 31 30 31 31 30 31 31 30 31 31 30 31 31 30 31 31
 30 31 31 30 31 31 30 31 31 30 31 31 30 31 31 30
 31 31 30 31 31 30 31 31 30 31 31 30 31 31 30 31
 31 30 31 31 30 31 31 30 31 31 30 31 31 30 31 31
 30 31 31 30 31 31 30 31 31 30 31 31 30 31 31 30
 31 31 30 31 31 30 31 31 30 31 31 30 31 31 30 31
 31 30 31 31 30 31 31 30 31 31 30 31 31 30 31 31
 30 31 31 30 31 31 30 31 31 30 31 31 30 31 31 30
 31 31 30 31 31 30 31 31 30 31 31 30 31 31 30 31
 31 30 31 31 30 31 31 30 31 31 30 31 31 30 31 31
 30 31 31 30 31 31 30 31 31 30 31 31 30 31 31 30
 31 31 30 31 31 30 31 31 30 31 31 30 31 31 30 31
 31 30 31 31 30 31 31 30 31 31 30 31 31 30 31 31
 30 31 31 30 31 31 30 31 31 30 31 31 30 31 31 30
 31 31 30 31 31 30 31 31 30 31 31 30 31 31 30 31
 31 30 31 31 30 31 31 30 31 31 30 31 31 30 31 31
 30 31 31 30 31 31 30 31 31 30 31 31 30 31 31 30
 31 31 30 31 31 30 31 31 30 31 31 30 31 31 30 31
 31 30 31 31 30 31 31 30 31 31 30 31 31 30 31 31
 30 31 31 30 31 31 30 31 31 30 31 31 30 31 31 30
 31 31 30 31 31 30 31 31 30 31 31 30 31 31 30 31
 31 30 31 31 30 31 31 30 31 31 30 31 31 30 31 31
 30 31 31 30 31 31 30 31 31 30 31 31 30 31 31 30
 31 31 30 31 31 30 31 31 30 31 31 30 31 31 30 31
 31 30 31 31 30 31 31 30 31 31 30 31 31 30 31 31
 30 31 31 30 31 31 30 31 31 30 31 31 30 31 31 30
 31 31 30 31 31 30 31 31 30 31 31 30 31 31 30 31
 31 30 31 31 30 31 31 30 31 31 30 31 31 30 31 31
 30 31 31 30 31 31 30 31 31 30 31 31 30 31 31 30
 31 31 30 31 31 30 31 31 30 31 31 30 31 31 30 31
 31 30 31 31 30 31 31 30 31 31 30 31 31 30 31 31
 30 31 31 30 31 31 30 31 31 30 31 31 30 31 31 30
 31 31 30 31 31 30 31 31 30 31 31 30 31 31 30 31
 31 30 31 31 30 31 31 30 31 31 30 31 31 30 31 31
 30 31 31 30 31 31 30 31 31 30 31 31 30 31 31 30
 31 31 30 31 31 30 31 31 30 31 31 30 31 31 30 31
 31 30 31 31 30 31 31 30 31 31 30 31 31 30 31 31
 30 31 31 30 31 31 30 31 31 30 31 31 30 31 31 30
 31 31 30 31 31 30 31 31 30 31 31 30 31 31 30 31
 31 30 31 31 30 31 31 30 31 31 30 31 31 30 31 31
 30 31 31 30 31 31 30 31 31 30 31 31 30 31 31 30
 31 31 30 31 31 30 31 31 30 31 31 30 31 31 30 31
 31 30 31 31 30 31 31 30 31 31 30 31 31 30 31 31
 30 31 31 30 31 31 30 31 31 30 31 31 30 31 31 30
 31 31 30 31 31 30 31 31 30 31 31 30 31 31 30 31
 31 30 31 31 30 31 31 30 31 31 30 31 31 30 31 31
 30 31 31 30 31 31 30 31 31 30 31 31 30 31 31 30
 31 31 30 31 31 30 31 31 30 31 31 30 31 31 30 31
 31 30 31 31 30 31 31 30 31 31 30 31 31 30 31
PPM-END
/bin/sh: can't access tty; job control turned off
~ # 
