
 /----------------------------------------------------------------------------\
 |  yosys -- Yosys Open SYnthesis Suite                                       |
 |  Copyright (C) 2012 - 2026  Claire Xenia Wolf <claire@yosyshq.com>         |
 |  Distributed under an ISC-like license, type "license" to see terms        |
 \----------------------------------------------------------------------------/
 Yosys 0.62 (git sha1 v0.62, g++ 15.2.0 -fPIC -O3)

-- Running command `read -define ECP5 PURE_RTL SYNTH_FPGA ENABLE_INITIAL_MEM_' --

-- Running command `read -sv ../../out/ulx3s_minimal/verilog/HuttAlu.sv ../../out/ulx3s_minimal/verilog/Hutt.sv ../../out/ulx3s_minimal/verilog/Ecp5PllWrapper.sv ../../out/ulx3s_minimal/verilog/MemoryController.sv ../../out/ulx3s_minimal/verilog/SdramController.sv ../../out/ulx3s_minimal/verilog/HuttRegFile.sv ../../out/ulx3s_minimal/verilog/uart_tx.sv ../../out/ulx3s_minimal/verilog/ulx3s_minimal_top.sv ../../out/ulx3s_minimal/verilog/FlashBootLoader.sv ../../out/ulx3s_minimal/verilog/SdramBackend.sv ;            read_verilog -sv -lib /home/gonsolo/work/Borg/fpga/ulx3s/primitives/ecp5_prims.v;            synth_ecp5 -abc9 -top ulx3s_minimal_top -json borg-minimal.json;            stat -top ulx3s_minimal_top' --

1. Executing Verilog-2005 frontend: ../../out/ulx3s_minimal/verilog/HuttAlu.sv
Parsing SystemVerilog input from `../../out/ulx3s_minimal/verilog/HuttAlu.sv' to AST representation.
Storing AST representation for module `$abstract\HuttAlu'.
Successfully finished Verilog frontend.

2. Executing Verilog-2005 frontend: ../../out/ulx3s_minimal/verilog/Hutt.sv
Parsing SystemVerilog input from `../../out/ulx3s_minimal/verilog/Hutt.sv' to AST representation.
Storing AST representation for module `$abstract\Hutt'.
Successfully finished Verilog frontend.

3. Executing Verilog-2005 frontend: ../../out/ulx3s_minimal/verilog/Ecp5PllWrapper.sv
Parsing SystemVerilog input from `../../out/ulx3s_minimal/verilog/Ecp5PllWrapper.sv' to AST representation.
Storing AST representation for module `$abstract\Ecp5PllWrapper'.
Successfully finished Verilog frontend.

4. Executing Verilog-2005 frontend: ../../out/ulx3s_minimal/verilog/MemoryController.sv
Parsing SystemVerilog input from `../../out/ulx3s_minimal/verilog/MemoryController.sv' to AST representation.
Storing AST representation for module `$abstract\MemoryController'.
Successfully finished Verilog frontend.

5. Executing Verilog-2005 frontend: ../../out/ulx3s_minimal/verilog/SdramController.sv
Parsing SystemVerilog input from `../../out/ulx3s_minimal/verilog/SdramController.sv' to AST representation.
Storing AST representation for module `$abstract\SdramController'.
Successfully finished Verilog frontend.

6. Executing Verilog-2005 frontend: ../../out/ulx3s_minimal/verilog/HuttRegFile.sv
Parsing SystemVerilog input from `../../out/ulx3s_minimal/verilog/HuttRegFile.sv' to AST representation.
Storing AST representation for module `$abstract\HuttRegFile'.
Successfully finished Verilog frontend.

7. Executing Verilog-2005 frontend: ../../out/ulx3s_minimal/verilog/uart_tx.sv
Parsing SystemVerilog input from `../../out/ulx3s_minimal/verilog/uart_tx.sv' to AST representation.
Storing AST representation for module `$abstract\uart_tx'.
Successfully finished Verilog frontend.

8. Executing Verilog-2005 frontend: ../../out/ulx3s_minimal/verilog/ulx3s_minimal_top.sv
Parsing SystemVerilog input from `../../out/ulx3s_minimal/verilog/ulx3s_minimal_top.sv' to AST representation.
Storing AST representation for module `$abstract\ulx3s_minimal_top'.
Successfully finished Verilog frontend.

9. Executing Verilog-2005 frontend: ../../out/ulx3s_minimal/verilog/FlashBootLoader.sv
Parsing SystemVerilog input from `../../out/ulx3s_minimal/verilog/FlashBootLoader.sv' to AST representation.
Storing AST representation for module `$abstract\FlashBootLoader'.
Successfully finished Verilog frontend.

10. Executing Verilog-2005 frontend: ../../out/ulx3s_minimal/verilog/SdramBackend.sv
Parsing SystemVerilog input from `../../out/ulx3s_minimal/verilog/SdramBackend.sv' to AST representation.
Storing AST representation for module `$abstract\SdramBackend'.
Successfully finished Verilog frontend.

11. Executing Verilog-2005 frontend: /home/gonsolo/work/Borg/fpga/ulx3s/primitives/ecp5_prims.v
Parsing SystemVerilog input from `/home/gonsolo/work/Borg/fpga/ulx3s/primitives/ecp5_prims.v' to AST representation.
Generating RTLIL representation for module `\USRMCLK'.
Generating RTLIL representation for module `\BB'.
Successfully finished Verilog frontend.

12. Executing SYNTH_LATTICE pass.

12.1. Executing Verilog-2005 frontend: /nix/store/26cgz59r0qz6d0y2malp3qs7198lbp21-yosys-0.62/bin/../share/yosys/lattice/cells_sim_ecp5.v
Parsing Verilog input from `/nix/store/26cgz59r0qz6d0y2malp3qs7198lbp21-yosys-0.62/bin/../share/yosys/lattice/cells_sim_ecp5.v' to AST representation.
Generating RTLIL representation for module `\LUT4'.
Generating RTLIL representation for module `\$__ABC9_LUT5'.
Generating RTLIL representation for module `\$__ABC9_LUT6'.
Generating RTLIL representation for module `\$__ABC9_LUT7'.
Generating RTLIL representation for module `\L6MUX21'.
Generating RTLIL representation for module `\TRELLIS_RAM16X2'.
Generating RTLIL representation for module `\PFUMX'.
Generating RTLIL representation for module `\TRELLIS_DPR16X4'.
Generating RTLIL representation for module `\DPR16X4C'.
Generating RTLIL representation for module `\LUT2'.
Generating RTLIL representation for module `\TRELLIS_FF'.
Generating RTLIL representation for module `\TRELLIS_IO'.
Generating RTLIL representation for module `\INV'.
Generating RTLIL representation for module `\TRELLIS_COMB'.
Generating RTLIL representation for module `\VLO'.
Generating RTLIL representation for module `\VHI'.
Generating RTLIL representation for module `\FD1P3AX'.
Generating RTLIL representation for module `\FD1P3AY'.
Generating RTLIL representation for module `\FD1P3BX'.
Generating RTLIL representation for module `\FD1P3DX'.
Generating RTLIL representation for module `\FD1P3IX'.
Generating RTLIL representation for module `\FD1P3JX'.
Generating RTLIL representation for module `\FD1S3AX'.
Generating RTLIL representation for module `\FD1S3AY'.
Generating RTLIL representation for module `\FD1S3BX'.
Generating RTLIL representation for module `\FD1S3DX'.
Generating RTLIL representation for module `\FD1S3IX'.
Generating RTLIL representation for module `\FD1S3JX'.
Generating RTLIL representation for module `\IFS1P3BX'.
Generating RTLIL representation for module `\IFS1P3DX'.
Generating RTLIL representation for module `\IFS1P3IX'.
Generating RTLIL representation for module `\IFS1P3JX'.
Generating RTLIL representation for module `\OFS1P3BX'.
Generating RTLIL representation for module `\OFS1P3DX'.
Generating RTLIL representation for module `\OFS1P3IX'.
Generating RTLIL representation for module `\OFS1P3JX'.
Generating RTLIL representation for module `\IB'.
Generating RTLIL representation for module `\IBPU'.
Generating RTLIL representation for module `\IBPD'.
Generating RTLIL representation for module `\OB'.
Generating RTLIL representation for module `\OBZ'.
Generating RTLIL representation for module `\OBZPU'.
Generating RTLIL representation for module `\OBZPD'.
Generating RTLIL representation for module `\OBCO'.
Replacing existing blackbox module `\BB' at /nix/store/26cgz59r0qz6d0y2malp3qs7198lbp21-yosys-0.62/bin/../share/yosys/lattice/cells_io.vh:10.1-10.179.
Generating RTLIL representation for module `\BB'.
Generating RTLIL representation for module `\BBPU'.
Generating RTLIL representation for module `\BBPD'.
Generating RTLIL representation for module `\ILVDS'.
Generating RTLIL representation for module `\OLVDS'.
Generating RTLIL representation for module `\CCU2C'.
Generating RTLIL representation for module `\DP16KD'.
Replacing existing blackbox module `\FD1P3AX' at /nix/store/26cgz59r0qz6d0y2malp3qs7198lbp21-yosys-0.62/bin/../share/yosys/lattice/cells_ff.vh:2.1-2.261.
Generating RTLIL representation for module `\FD1P3AX'.
Replacing existing blackbox module `\FD1P3AY' at /nix/store/26cgz59r0qz6d0y2malp3qs7198lbp21-yosys-0.62/bin/../share/yosys/lattice/cells_ff.vh:3.1-3.261.
Generating RTLIL representation for module `\FD1P3AY'.
Replacing existing blackbox module `\FD1P3BX' at /nix/store/26cgz59r0qz6d0y2malp3qs7198lbp21-yosys-0.62/bin/../share/yosys/lattice/cells_ff.vh:4.1-4.261.
Generating RTLIL representation for module `\FD1P3BX'.
Replacing existing blackbox module `\FD1P3DX' at /nix/store/26cgz59r0qz6d0y2malp3qs7198lbp21-yosys-0.62/bin/../share/yosys/lattice/cells_ff.vh:5.1-5.261.
Generating RTLIL representation for module `\FD1P3DX'.
Replacing existing blackbox module `\FD1P3IX' at /nix/store/26cgz59r0qz6d0y2malp3qs7198lbp21-yosys-0.62/bin/../share/yosys/lattice/cells_ff.vh:6.1-6.261.
Generating RTLIL representation for module `\FD1P3IX'.
Replacing existing blackbox module `\FD1P3JX' at /nix/store/26cgz59r0qz6d0y2malp3qs7198lbp21-yosys-0.62/bin/../share/yosys/lattice/cells_ff.vh:7.1-7.261.
Generating RTLIL representation for module `\FD1P3JX'.
Replacing existing blackbox module `\FD1S3AX' at /nix/store/26cgz59r0qz6d0y2malp3qs7198lbp21-yosys-0.62/bin/../share/yosys/lattice/cells_ff.vh:8.1-8.261.
Generating RTLIL representation for module `\FD1S3AX'.
Replacing existing blackbox module `\FD1S3AY' at /nix/store/26cgz59r0qz6d0y2malp3qs7198lbp21-yosys-0.62/bin/../share/yosys/lattice/cells_ff.vh:9.1-9.261.
Generating RTLIL representation for module `\FD1S3AY'.
Replacing existing blackbox module `\FD1S3BX' at /nix/store/26cgz59r0qz6d0y2malp3qs7198lbp21-yosys-0.62/bin/../share/yosys/lattice/cells_ff.vh:10.1-10.261.
Generating RTLIL representation for module `\FD1S3BX'.
Replacing existing blackbox module `\FD1S3DX' at /nix/store/26cgz59r0qz6d0y2malp3qs7198lbp21-yosys-0.62/bin/../share/yosys/lattice/cells_ff.vh:11.1-11.261.
Generating RTLIL representation for module `\FD1S3DX'.
Replacing existing blackbox module `\FD1S3IX' at /nix/store/26cgz59r0qz6d0y2malp3qs7198lbp21-yosys-0.62/bin/../share/yosys/lattice/cells_ff.vh:12.1-12.261.
Generating RTLIL representation for module `\FD1S3IX'.
Replacing existing blackbox module `\FD1S3JX' at /nix/store/26cgz59r0qz6d0y2malp3qs7198lbp21-yosys-0.62/bin/../share/yosys/lattice/cells_ff.vh:13.1-13.261.
Generating RTLIL representation for module `\FD1S3JX'.
Replacing existing blackbox module `\IFS1P3BX' at /nix/store/26cgz59r0qz6d0y2malp3qs7198lbp21-yosys-0.62/bin/../share/yosys/lattice/cells_ff.vh:26.1-26.301.
Generating RTLIL representation for module `\IFS1P3BX'.
Replacing existing blackbox module `\IFS1P3DX' at /nix/store/26cgz59r0qz6d0y2malp3qs7198lbp21-yosys-0.62/bin/../share/yosys/lattice/cells_ff.vh:27.1-27.301.
Generating RTLIL representation for module `\IFS1P3DX'.
Replacing existing blackbox module `\IFS1P3IX' at /nix/store/26cgz59r0qz6d0y2malp3qs7198lbp21-yosys-0.62/bin/../share/yosys/lattice/cells_ff.vh:28.1-28.301.
Generating RTLIL representation for module `\IFS1P3IX'.
Replacing existing blackbox module `\IFS1P3JX' at /nix/store/26cgz59r0qz6d0y2malp3qs7198lbp21-yosys-0.62/bin/../share/yosys/lattice/cells_ff.vh:29.1-29.301.
Generating RTLIL representation for module `\IFS1P3JX'.
Replacing existing blackbox module `\OFS1P3BX' at /nix/store/26cgz59r0qz6d0y2malp3qs7198lbp21-yosys-0.62/bin/../share/yosys/lattice/cells_ff.vh:31.1-31.302.
Generating RTLIL representation for module `\OFS1P3BX'.
Replacing existing blackbox module `\OFS1P3DX' at /nix/store/26cgz59r0qz6d0y2malp3qs7198lbp21-yosys-0.62/bin/../share/yosys/lattice/cells_ff.vh:32.1-32.302.
Generating RTLIL representation for module `\OFS1P3DX'.
Replacing existing blackbox module `\OFS1P3IX' at /nix/store/26cgz59r0qz6d0y2malp3qs7198lbp21-yosys-0.62/bin/../share/yosys/lattice/cells_ff.vh:33.1-33.302.
Generating RTLIL representation for module `\OFS1P3IX'.
Replacing existing blackbox module `\OFS1P3JX' at /nix/store/26cgz59r0qz6d0y2malp3qs7198lbp21-yosys-0.62/bin/../share/yosys/lattice/cells_ff.vh:34.1-34.302.
Generating RTLIL representation for module `\OFS1P3JX'.
Replacing existing blackbox module `\IB' at /nix/store/26cgz59r0qz6d0y2malp3qs7198lbp21-yosys-0.62/bin/../share/yosys/lattice/cells_io.vh:2.1-2.157.
Generating RTLIL representation for module `\IB'.
Replacing existing blackbox module `\IBPU' at /nix/store/26cgz59r0qz6d0y2malp3qs7198lbp21-yosys-0.62/bin/../share/yosys/lattice/cells_io.vh:3.1-3.157.
Generating RTLIL representation for module `\IBPU'.
Replacing existing blackbox module `\IBPD' at /nix/store/26cgz59r0qz6d0y2malp3qs7198lbp21-yosys-0.62/bin/../share/yosys/lattice/cells_io.vh:4.1-4.157.
Generating RTLIL representation for module `\IBPD'.
Replacing existing blackbox module `\OB' at /nix/store/26cgz59r0qz6d0y2malp3qs7198lbp21-yosys-0.62/bin/../share/yosys/lattice/cells_io.vh:5.1-5.157.
Generating RTLIL representation for module `\OB'.
Replacing existing blackbox module `\OBZ' at /nix/store/26cgz59r0qz6d0y2malp3qs7198lbp21-yosys-0.62/bin/../share/yosys/lattice/cells_io.vh:6.1-6.164.
Generating RTLIL representation for module `\OBZ'.
Replacing existing blackbox module `\OBZPU' at /nix/store/26cgz59r0qz6d0y2malp3qs7198lbp21-yosys-0.62/bin/../share/yosys/lattice/cells_io.vh:7.1-7.164.
Generating RTLIL representation for module `\OBZPU'.
Replacing existing blackbox module `\OBZPD' at /nix/store/26cgz59r0qz6d0y2malp3qs7198lbp21-yosys-0.62/bin/../share/yosys/lattice/cells_io.vh:8.1-8.164.
Generating RTLIL representation for module `\OBZPD'.
Replacing existing blackbox module `\OBCO' at /nix/store/26cgz59r0qz6d0y2malp3qs7198lbp21-yosys-0.62/bin/../share/yosys/lattice/cells_io.vh:9.1-9.90.
Generating RTLIL representation for module `\OBCO'.
Replacing existing blackbox module `\BB' at /nix/store/26cgz59r0qz6d0y2malp3qs7198lbp21-yosys-0.62/bin/../share/yosys/lattice/cells_io.vh:10.1-10.179.
Generating RTLIL representation for module `\BB'.
Replacing existing blackbox module `\BBPU' at /nix/store/26cgz59r0qz6d0y2malp3qs7198lbp21-yosys-0.62/bin/../share/yosys/lattice/cells_io.vh:11.1-11.179.
Generating RTLIL representation for module `\BBPU'.
Replacing existing blackbox module `\BBPD' at /nix/store/26cgz59r0qz6d0y2malp3qs7198lbp21-yosys-0.62/bin/../share/yosys/lattice/cells_io.vh:12.1-12.179.
Generating RTLIL representation for module `\BBPD'.
Replacing existing blackbox module `\ILVDS' at /nix/store/26cgz59r0qz6d0y2malp3qs7198lbp21-yosys-0.62/bin/../share/yosys/lattice/cells_io.vh:13.1-13.139.
Generating RTLIL representation for module `\ILVDS'.
Replacing existing blackbox module `\OLVDS' at /nix/store/26cgz59r0qz6d0y2malp3qs7198lbp21-yosys-0.62/bin/../share/yosys/lattice/cells_io.vh:14.1-14.146.
Generating RTLIL representation for module `\OLVDS'.
Successfully finished Verilog frontend.

12.2. Executing Verilog-2005 frontend: /nix/store/26cgz59r0qz6d0y2malp3qs7198lbp21-yosys-0.62/bin/../share/yosys/lattice/cells_bb_ecp5.v
Parsing Verilog input from `/nix/store/26cgz59r0qz6d0y2malp3qs7198lbp21-yosys-0.62/bin/../share/yosys/lattice/cells_bb_ecp5.v' to AST representation.
Generating RTLIL representation for module `\GSR'.
Generating RTLIL representation for module `\PUR'.
Generating RTLIL representation for module `\SGSR'.
Generating RTLIL representation for module `\PDPW16KD'.
Generating RTLIL representation for module `\MULT18X18D'.
Generating RTLIL representation for module `\ALU54B'.
Generating RTLIL representation for module `\CLKDIVF'.
Generating RTLIL representation for module `\PCSCLKDIV'.
Generating RTLIL representation for module `\DCSC'.
Generating RTLIL representation for module `\DCCA'.
Generating RTLIL representation for module `\ECLKSYNCB'.
Generating RTLIL representation for module `\ECLKBRIDGECS'.
Generating RTLIL representation for module `\DELAYF'.
Generating RTLIL representation for module `\DELAYG'.
Replacing existing blackbox module `\USRMCLK' at /nix/store/26cgz59r0qz6d0y2malp3qs7198lbp21-yosys-0.62/bin/../share/yosys/lattice/cells_bb_ecp5.v:1085.1-1088.10.
Generating RTLIL representation for module `\USRMCLK'.
Generating RTLIL representation for module `\DQSBUFM'.
Generating RTLIL representation for module `\DDRDLLA'.
Generating RTLIL representation for module `\DLLDELD'.
Generating RTLIL representation for module `\IDDRX1F'.
Generating RTLIL representation for module `\IDDRX2F'.
Generating RTLIL representation for module `\IDDR71B'.
Generating RTLIL representation for module `\IDDRX2DQA'.
Generating RTLIL representation for module `\ODDRX1F'.
Generating RTLIL representation for module `\ODDRX2F'.
Generating RTLIL representation for module `\ODDR71B'.
Generating RTLIL representation for module `\OSHX2A'.
Generating RTLIL representation for module `\TSHX2DQA'.
Generating RTLIL representation for module `\TSHX2DQSA'.
Generating RTLIL representation for module `\ODDRX2DQA'.
Generating RTLIL representation for module `\ODDRX2DQSB'.
Generating RTLIL representation for module `\EHXPLLL'.
Generating RTLIL representation for module `\DTR'.
Generating RTLIL representation for module `\OSCG'.
Generating RTLIL representation for module `\EXTREFB'.
Generating RTLIL representation for module `\JTAGG'.
Generating RTLIL representation for module `\DCUA'.
Successfully finished Verilog frontend.

12.3. Executing HIERARCHY pass (managing design hierarchy).

12.4. Executing AST frontend in derive mode using pre-parsed AST for module `\ulx3s_minimal_top'.
Generating RTLIL representation for module `\ulx3s_minimal_top'.

12.4.1. Analyzing design hierarchy..
Top module:  \ulx3s_minimal_top

12.4.2. Executing AST frontend in derive mode using pre-parsed AST for module `\SdramBackend'.
Generating RTLIL representation for module `\SdramBackend'.

12.4.3. Executing AST frontend in derive mode using pre-parsed AST for module `\uart_tx'.
Generating RTLIL representation for module `\uart_tx'.

12.4.4. Executing AST frontend in derive mode using pre-parsed AST for module `\Hutt'.
Generating RTLIL representation for module `\Hutt'.

12.4.5. Executing AST frontend in derive mode using pre-parsed AST for module `\MemoryController'.
Generating RTLIL representation for module `\MemoryController'.

12.4.6. Executing AST frontend in derive mode using pre-parsed AST for module `\FlashBootLoader'.
Generating RTLIL representation for module `\FlashBootLoader'.

12.4.7. Executing AST frontend in derive mode using pre-parsed AST for module `\Ecp5PllWrapper'.
Generating RTLIL representation for module `\Ecp5PllWrapper'.

12.4.8. Analyzing design hierarchy..
Top module:  \ulx3s_minimal_top
Used module:     \SdramBackend
Used module:     \uart_tx
Used module:     \Hutt
Used module:     \MemoryController
Used module:     \FlashBootLoader
Used module:     \Ecp5PllWrapper

12.4.9. Executing AST frontend in derive mode using pre-parsed AST for module `\HuttAlu'.
Generating RTLIL representation for module `\HuttAlu'.

12.4.10. Executing AST frontend in derive mode using pre-parsed AST for module `\HuttRegFile'.
Generating RTLIL representation for module `\HuttRegFile'.

12.4.11. Executing AST frontend in derive mode using pre-parsed AST for module `\SdramController'.
Generating RTLIL representation for module `\SdramController'.

12.4.12. Analyzing design hierarchy..
Top module:  \ulx3s_minimal_top
Used module:     \SdramBackend
Used module:         \SdramController
Used module:     \uart_tx
Used module:     \Hutt
Used module:         \HuttAlu
Used module:         \HuttRegFile
Used module:     \MemoryController
Used module:     \FlashBootLoader
Used module:     \Ecp5PllWrapper

12.4.13. Analyzing design hierarchy..
Top module:  \ulx3s_minimal_top
Used module:     \SdramBackend
Used module:         \SdramController
Used module:     \uart_tx
Used module:     \Hutt
Used module:         \HuttAlu
Used module:         \HuttRegFile
Used module:     \MemoryController
Used module:     \FlashBootLoader
Used module:     \Ecp5PllWrapper
Removing unused module `$abstract\SdramBackend'.
Removing unused module `$abstract\FlashBootLoader'.
Removing unused module `$abstract\ulx3s_minimal_top'.
Removing unused module `$abstract\uart_tx'.
Removing unused module `$abstract\HuttRegFile'.
Removing unused module `$abstract\SdramController'.
Removing unused module `$abstract\MemoryController'.
Removing unused module `$abstract\Ecp5PllWrapper'.
Removing unused module `$abstract\Hutt'.
Removing unused module `$abstract\HuttAlu'.
Removed 10 unused modules.

12.5. Executing PROC pass (convert processes to netlists).

12.5.1. Executing PROC_CLEAN pass (remove empty switches from decision trees).
Cleaned up 0 empty switches.

12.5.2. Executing PROC_RMDEAD pass (remove dead branches from decision trees).
Marked 11 switch rules as full_case in process $proc$../../out/ulx3s_minimal/verilog/SdramController.sv:178$969 in module SdramController.
Marked 1 switch rules as full_case in process $proc$../../out/ulx3s_minimal/verilog/SdramController.sv:149$943 in module SdramController.
Marked 1 switch rules as full_case in process $proc$../../out/ulx3s_minimal/verilog/SdramController.sv:128$941 in module SdramController.
Marked 1 switch rules as full_case in process $proc$../../out/ulx3s_minimal/verilog/SdramController.sv:107$939 in module SdramController.
Marked 1 switch rules as full_case in process $proc$../../out/ulx3s_minimal/verilog/SdramController.sv:84$933 in module SdramController.
Marked 1 switch rules as full_case in process $proc$../../out/ulx3s_minimal/verilog/SdramController.sv:63$930 in module SdramController.
Marked 1 switch rules as full_case in process $proc$../../out/ulx3s_minimal/verilog/SdramController.sv:49$928 in module SdramController.
Marked 1 switch rules as full_case in process $proc$../../out/ulx3s_minimal/verilog/HuttRegFile.sv:115$851 in module HuttRegFile.
Marked 1 switch rules as full_case in process $proc$../../out/ulx3s_minimal/verilog/HuttRegFile.sv:46$850 in module HuttRegFile.
Marked 1 switch rules as full_case in process $proc$../../out/ulx3s_minimal/verilog/HuttAlu.sv:12$840 in module HuttAlu.
Marked 25 switch rules as full_case in process $proc$../../out/ulx3s_minimal/verilog/FlashBootLoader.sv:109$754 in module FlashBootLoader.
Marked 1 switch rules as full_case in process $proc$../../out/ulx3s_minimal/verilog/FlashBootLoader.sv:62$720 in module FlashBootLoader.
Marked 8 switch rules as full_case in process $proc$../../out/ulx3s_minimal/verilog/MemoryController.sv:115$628 in module MemoryController.
Marked 1 switch rules as full_case in process $proc$../../out/ulx3s_minimal/verilog/MemoryController.sv:85$586 in module MemoryController.
Marked 8 switch rules as full_case in process $proc$../../out/ulx3s_minimal/verilog/Hutt.sv:145$485 in module Hutt.
Marked 1 switch rules as full_case in process $proc$../../out/ulx3s_minimal/verilog/Hutt.sv:122$481 in module Hutt.
Marked 1 switch rules as full_case in process $proc$../../out/ulx3s_minimal/verilog/Hutt.sv:83$449 in module Hutt.
Marked 1 switch rules as full_case in process $proc$../../out/ulx3s_minimal/verilog/Hutt.sv:61$445 in module Hutt.
Marked 1 switch rules as full_case in process $proc$../../out/ulx3s_minimal/verilog/Hutt.sv:40$444 in module Hutt.
Marked 4 switch rules as full_case in process $proc$../../out/ulx3s_minimal/verilog/uart_tx.sv:19$422 in module uart_tx.
Marked 24 switch rules as full_case in process $proc$../../out/ulx3s_minimal/verilog/SdramBackend.sv:54$341 in module SdramBackend.
Marked 3 switch rules as full_case in process $proc$../../out/ulx3s_minimal/verilog/ulx3s_minimal_top.sv:129$244 in module ulx3s_minimal_top.
Removed a total of 0 dead cases.

12.5.3. Executing PROC_PRUNE pass (remove redundant assignments in processes).
Removed 21 redundant assignments.
Promoted 22 assignments to connections.

12.5.4. Executing PROC_INIT pass (extract init attributes).

12.5.5. Executing PROC_ARST pass (detect async resets in processes).

12.5.6. Executing PROC_ROM pass (convert switches to ROMs).
Converted 0 switches.
<suppressed ~179 debug messages>

12.5.7. Executing PROC_MUX pass (convert decision trees to multiplexers).
Creating decoders for process `\SdramController.$proc$../../out/ulx3s_minimal/verilog/SdramController.sv:178$969'.
     1/14: $0\sdrAb[12:0]
     2/14: $0\dly[6:0]
     3/14: $0\ctr[15:0]
     4/14: $0\next[2:0]
     5/14: $0\state[2:0]
     6/14: $0\sdrCmd[3:0]
     7/14: $0\sysDo[15:0]
     8/14: $0\sysRdy[0:0]
     9/14: $0\sdrDqm[1:0]
    10/14: $0\opnrow_3[12:0]
    11/14: $0\opnrow_2[12:0]
    12/14: $0\opnrow_1[12:0]
    13/14: $0\opnrow_0[12:0]
    14/14: $0\open[3:0]
Creating decoders for process `\SdramController.$proc$../../out/ulx3s_minimal/verilog/SdramController.sv:149$943'.
     1/1: $1\casez_tmp_4[2:0]
Creating decoders for process `\SdramController.$proc$../../out/ulx3s_minimal/verilog/SdramController.sv:128$941'.
     1/1: $1\casez_tmp_3[2:0]
Creating decoders for process `\SdramController.$proc$../../out/ulx3s_minimal/verilog/SdramController.sv:107$939'.
     1/1: $1\casez_tmp_2[6:0]
Creating decoders for process `\SdramController.$proc$../../out/ulx3s_minimal/verilog/SdramController.sv:84$933'.
     1/1: $1\casez_tmp_1[12:0]
Creating decoders for process `\SdramController.$proc$../../out/ulx3s_minimal/verilog/SdramController.sv:63$930'.
     1/1: $1\casez_tmp_0[3:0]
Creating decoders for process `\SdramController.$proc$../../out/ulx3s_minimal/verilog/SdramController.sv:49$928'.
     1/1: $1\casez_tmp[12:0]
Creating decoders for process `\HuttRegFile.$proc$../../out/ulx3s_minimal/verilog/HuttRegFile.sv:184$854'.
     1/32: $0\regs_31[31:0]
     2/32: $0\regs_30[31:0]
     3/32: $0\regs_29[31:0]
     4/32: $0\regs_28[31:0]
     5/32: $0\regs_27[31:0]
     6/32: $0\regs_26[31:0]
     7/32: $0\regs_25[31:0]
     8/32: $0\regs_24[31:0]
     9/32: $0\regs_23[31:0]
    10/32: $0\regs_22[31:0]
    11/32: $0\regs_21[31:0]
    12/32: $0\regs_20[31:0]
    13/32: $0\regs_19[31:0]
    14/32: $0\regs_18[31:0]
    15/32: $0\regs_17[31:0]
    16/32: $0\regs_16[31:0]
    17/32: $0\regs_15[31:0]
    18/32: $0\regs_14[31:0]
    19/32: $0\regs_13[31:0]
    20/32: $0\regs_12[31:0]
    21/32: $0\regs_11[31:0]
    22/32: $0\regs_10[31:0]
    23/32: $0\regs_9[31:0]
    24/32: $0\regs_8[31:0]
    25/32: $0\regs_7[31:0]
    26/32: $0\regs_6[31:0]
    27/32: $0\regs_5[31:0]
    28/32: $0\regs_4[31:0]
    29/32: $0\regs_3[31:0]
    30/32: $0\regs_2[31:0]
    31/32: $0\regs_1[31:0]
    32/32: $0\regs_0[31:0]
Creating decoders for process `\HuttRegFile.$proc$../../out/ulx3s_minimal/verilog/HuttRegFile.sv:115$851'.
     1/1: $1\casez_tmp_0[31:0]
Creating decoders for process `\HuttRegFile.$proc$../../out/ulx3s_minimal/verilog/HuttRegFile.sv:46$850'.
     1/1: $1\casez_tmp[31:0]
Creating decoders for process `\HuttAlu.$proc$../../out/ulx3s_minimal/verilog/HuttAlu.sv:12$840'.
     1/1: $1\casez_tmp[31:0]
Creating decoders for process `\FlashBootLoader.$proc$../../out/ulx3s_minimal/verilog/FlashBootLoader.sv:109$754'.
     1/14: $0\state[3:0]
     2/14: $0\spiClkReg[0:0]
     3/14: $0\clkDiv[4:0]
     4/14: $0\csnReg[0:0]
     5/14: $0\buf1[7:0]
     6/14: $0\buf0[7:0]
     7/14: $0\sdramAddr[24:0]
     8/14: $0\byteCtr[31:0]
     9/14: $0\firmSize[31:0]
    10/14: $0\sizeCtr[1:0]
    11/14: $0\initCtr[14:0]
    12/14: $0\bitCtr[2:0]
    13/14: $0\shiftIn[7:0]
    14/14: $0\shiftOut[7:0]
Creating decoders for process `\FlashBootLoader.$proc$../../out/ulx3s_minimal/verilog/FlashBootLoader.sv:62$720'.
     1/1: $1\casez_tmp[3:0]
Creating decoders for process `\MemoryController.$proc$../../out/ulx3s_minimal/verilog/MemoryController.sv:115$628'.
     1/23: $0\data_stall[0:0]
     2/23: $0\continue_txn[0:0]
     3/23: $0\be_write_done[0:0]
     4/23: $0\started[0:0]
     5/23: $0\gpu_write_active[0:0]
     6/23: $0\gpu_active[0:0]
     7/23: $0\instr_active[0:0]
     8/23: $0\data_txn_len[1:0]
     9/23: $0\byte_idx[1:0]
    10/23: $0\data_buf_3[7:0]
    11/23: $0\data_buf_2[7:0]
    12/23: $0\data_buf_1[7:0]
    13/23: $0\data_buf_0[7:0]
    14/23: $0\resultR[31:0]
    15/23: $0\dataR[31:0]
    16/23: $0\addrR[24:0]
    17/23: $0\sizeR[1:0]
    18/23: $0\isReadR[0:0]
    19/23: $0\state_1[1:0]
    20/23: $0\halfwordHi[15:0]
    21/23: $0\halfwordLo[15:0]
    22/23: $0\halfAddrReg[22:0]
    23/23: $0\state[1:0]
Creating decoders for process `\MemoryController.$proc$../../out/ulx3s_minimal/verilog/MemoryController.sv:85$586'.
     1/1: $1\casez_tmp[7:0]
Creating decoders for process `\Hutt.$proc$../../out/ulx3s_minimal/verilog/Hutt.sv:145$485'.
     1/6: $0\isLoadOp[0:0]
     2/6: $0\loadRd[4:0]
     3/6: $0\loadFunct3[2:0]
     4/6: $0\instr[31:0]
     5/6: $0\pc[31:0]
     6/6: $0\state[2:0]
Creating decoders for process `\Hutt.$proc$../../out/ulx3s_minimal/verilog/Hutt.sv:122$481'.
     1/1: $1\casez_tmp_2[31:0]
Creating decoders for process `\Hutt.$proc$../../out/ulx3s_minimal/verilog/Hutt.sv:83$449'.
     1/1: $1\casez_tmp_1[0:0]
Creating decoders for process `\Hutt.$proc$../../out/ulx3s_minimal/verilog/Hutt.sv:61$445'.
     1/1: $1\casez_tmp_0[3:0]
Creating decoders for process `\Hutt.$proc$../../out/ulx3s_minimal/verilog/Hutt.sv:40$444'.
     1/1: $1\casez_tmp[3:0]
Creating decoders for process `\uart_tx.$proc$../../out/ulx3s_minimal/verilog/uart_tx.sv:19$422'.
     1/4: $0\txd_reg[0:0]
     2/4: $0\fsm_state[3:0]
     3/4: $0\cycle_counter[12:0]
     4/4: $0\data_to_send[7:0]
Creating decoders for process `\SdramBackend.$proc$../../out/ulx3s_minimal/verilog/SdramBackend.sv:54$341'.
     1/8: $0\wrDelCtr[1:0]
     2/8: $0\writeWord[15:0]
     3/8: $0\readByteIdx[0:0]
     4/8: $0\readWord[15:0]
     5/8: $0\lane0[0:0]
     6/8: $0\byteAddr[24:0]
     7/8: $0\rdDelCtr[1:0]
     8/8: $0\state[3:0]
Creating decoders for process `\ulx3s_minimal_top.$proc$../../out/ulx3s_minimal/verilog/ulx3s_minimal_top.sv:129$244'.
     1/7: $0\uo_out_val_activeSoc[0:0]
     2/7: $0\uo_out_val_activeMem[0:0]
     3/7: $0\uo_out_val_socRespPending[0:0]
     4/7: $0\uo_out_val_socRespData[31:0]
     5/7: $0\uo_out_val_debug_baud_divider[12:0]
     6/7: $0\uo_out_val_time_limit[4:0]
     7/7: $0\uo_out_val_gpio_out_sel[1:0]
Creating decoders for process `\ulx3s_minimal_top.$proc$../../out/ulx3s_minimal/verilog/ulx3s_minimal_top.sv:120$238'.

12.5.8. Executing PROC_DLATCH pass (convert process syncs to latches).
No latch inferred for signal `\SdramController.\casez_tmp_4' from process `\SdramController.$proc$../../out/ulx3s_minimal/verilog/SdramController.sv:149$943'.
No latch inferred for signal `\SdramController.\casez_tmp_3' from process `\SdramController.$proc$../../out/ulx3s_minimal/verilog/SdramController.sv:128$941'.
No latch inferred for signal `\SdramController.\casez_tmp_2' from process `\SdramController.$proc$../../out/ulx3s_minimal/verilog/SdramController.sv:107$939'.
No latch inferred for signal `\SdramController.\casez_tmp_1' from process `\SdramController.$proc$../../out/ulx3s_minimal/verilog/SdramController.sv:84$933'.
No latch inferred for signal `\SdramController.\casez_tmp_0' from process `\SdramController.$proc$../../out/ulx3s_minimal/verilog/SdramController.sv:63$930'.
No latch inferred for signal `\SdramController.\casez_tmp' from process `\SdramController.$proc$../../out/ulx3s_minimal/verilog/SdramController.sv:49$928'.
No latch inferred for signal `\HuttRegFile.\casez_tmp_0' from process `\HuttRegFile.$proc$../../out/ulx3s_minimal/verilog/HuttRegFile.sv:115$851'.
No latch inferred for signal `\HuttRegFile.\casez_tmp' from process `\HuttRegFile.$proc$../../out/ulx3s_minimal/verilog/HuttRegFile.sv:46$850'.
No latch inferred for signal `\HuttAlu.\casez_tmp' from process `\HuttAlu.$proc$../../out/ulx3s_minimal/verilog/HuttAlu.sv:12$840'.
No latch inferred for signal `\FlashBootLoader.\casez_tmp' from process `\FlashBootLoader.$proc$../../out/ulx3s_minimal/verilog/FlashBootLoader.sv:62$720'.
No latch inferred for signal `\MemoryController.\casez_tmp' from process `\MemoryController.$proc$../../out/ulx3s_minimal/verilog/MemoryController.sv:85$586'.
No latch inferred for signal `\Hutt.\casez_tmp_2' from process `\Hutt.$proc$../../out/ulx3s_minimal/verilog/Hutt.sv:122$481'.
No latch inferred for signal `\Hutt.\casez_tmp_1' from process `\Hutt.$proc$../../out/ulx3s_minimal/verilog/Hutt.sv:83$449'.
No latch inferred for signal `\Hutt.\casez_tmp_0' from process `\Hutt.$proc$../../out/ulx3s_minimal/verilog/Hutt.sv:61$445'.
No latch inferred for signal `\Hutt.\casez_tmp' from process `\Hutt.$proc$../../out/ulx3s_minimal/verilog/Hutt.sv:40$444'.

12.5.9. Executing PROC_DFF pass (convert process syncs to FFs).
Creating register for signal `\SdramController.\state' using process `\SdramController.$proc$../../out/ulx3s_minimal/verilog/SdramController.sv:178$969'.
  created $dff cell `$procdff$1873' with positive edge clock.
Creating register for signal `\SdramController.\di' using process `\SdramController.$proc$../../out/ulx3s_minimal/verilog/SdramController.sv:178$969'.
  created $dff cell `$procdff$1874' with positive edge clock.
Creating register for signal `\SdramController.\ab' using process `\SdramController.$proc$../../out/ulx3s_minimal/verilog/SdramController.sv:178$969'.
  created $dff cell `$procdff$1875' with positive edge clock.
Creating register for signal `\SdramController.\rd' using process `\SdramController.$proc$../../out/ulx3s_minimal/verilog/SdramController.sv:178$969'.
  created $dff cell `$procdff$1876' with positive edge clock.
Creating register for signal `\SdramController.\wr' using process `\SdramController.$proc$../../out/ulx3s_minimal/verilog/SdramController.sv:178$969'.
  created $dff cell `$procdff$1877' with positive edge clock.
Creating register for signal `\SdramController.\ack' using process `\SdramController.$proc$../../out/ulx3s_minimal/verilog/SdramController.sv:178$969'.
  created $dff cell `$procdff$1878' with positive edge clock.
Creating register for signal `\SdramController.\sdrCmd' using process `\SdramController.$proc$../../out/ulx3s_minimal/verilog/SdramController.sv:178$969'.
  created $dff cell `$procdff$1879' with positive edge clock.
Creating register for signal `\SdramController.\next' using process `\SdramController.$proc$../../out/ulx3s_minimal/verilog/SdramController.sv:178$969'.
  created $dff cell `$procdff$1880' with positive edge clock.
Creating register for signal `\SdramController.\ctr' using process `\SdramController.$proc$../../out/ulx3s_minimal/verilog/SdramController.sv:178$969'.
  created $dff cell `$procdff$1881' with positive edge clock.
Creating register for signal `\SdramController.\dly' using process `\SdramController.$proc$../../out/ulx3s_minimal/verilog/SdramController.sv:178$969'.
  created $dff cell `$procdff$1882' with positive edge clock.
Creating register for signal `\SdramController.\open' using process `\SdramController.$proc$../../out/ulx3s_minimal/verilog/SdramController.sv:178$969'.
  created $dff cell `$procdff$1883' with positive edge clock.
Creating register for signal `\SdramController.\opnrow_0' using process `\SdramController.$proc$../../out/ulx3s_minimal/verilog/SdramController.sv:178$969'.
  created $dff cell `$procdff$1884' with positive edge clock.
Creating register for signal `\SdramController.\opnrow_1' using process `\SdramController.$proc$../../out/ulx3s_minimal/verilog/SdramController.sv:178$969'.
  created $dff cell `$procdff$1885' with positive edge clock.
Creating register for signal `\SdramController.\opnrow_2' using process `\SdramController.$proc$../../out/ulx3s_minimal/verilog/SdramController.sv:178$969'.
  created $dff cell `$procdff$1886' with positive edge clock.
Creating register for signal `\SdramController.\opnrow_3' using process `\SdramController.$proc$../../out/ulx3s_minimal/verilog/SdramController.sv:178$969'.
  created $dff cell `$procdff$1887' with positive edge clock.
Creating register for signal `\SdramController.\sdrDqm' using process `\SdramController.$proc$../../out/ulx3s_minimal/verilog/SdramController.sv:178$969'.
  created $dff cell `$procdff$1888' with positive edge clock.
Creating register for signal `\SdramController.\sysRdy' using process `\SdramController.$proc$../../out/ulx3s_minimal/verilog/SdramController.sv:178$969'.
  created $dff cell `$procdff$1889' with positive edge clock.
Creating register for signal `\SdramController.\sysDo' using process `\SdramController.$proc$../../out/ulx3s_minimal/verilog/SdramController.sv:178$969'.
  created $dff cell `$procdff$1890' with positive edge clock.
Creating register for signal `\SdramController.\sdrAb' using process `\SdramController.$proc$../../out/ulx3s_minimal/verilog/SdramController.sv:178$969'.
  created $dff cell `$procdff$1891' with positive edge clock.
Creating register for signal `\HuttRegFile.\regs_0' using process `\HuttRegFile.$proc$../../out/ulx3s_minimal/verilog/HuttRegFile.sv:184$854'.
  created $dff cell `$procdff$1892' with positive edge clock.
Creating register for signal `\HuttRegFile.\regs_1' using process `\HuttRegFile.$proc$../../out/ulx3s_minimal/verilog/HuttRegFile.sv:184$854'.
  created $dff cell `$procdff$1893' with positive edge clock.
Creating register for signal `\HuttRegFile.\regs_2' using process `\HuttRegFile.$proc$../../out/ulx3s_minimal/verilog/HuttRegFile.sv:184$854'.
  created $dff cell `$procdff$1894' with positive edge clock.
Creating register for signal `\HuttRegFile.\regs_3' using process `\HuttRegFile.$proc$../../out/ulx3s_minimal/verilog/HuttRegFile.sv:184$854'.
  created $dff cell `$procdff$1895' with positive edge clock.
Creating register for signal `\HuttRegFile.\regs_4' using process `\HuttRegFile.$proc$../../out/ulx3s_minimal/verilog/HuttRegFile.sv:184$854'.
  created $dff cell `$procdff$1896' with positive edge clock.
Creating register for signal `\HuttRegFile.\regs_5' using process `\HuttRegFile.$proc$../../out/ulx3s_minimal/verilog/HuttRegFile.sv:184$854'.
  created $dff cell `$procdff$1897' with positive edge clock.
Creating register for signal `\HuttRegFile.\regs_6' using process `\HuttRegFile.$proc$../../out/ulx3s_minimal/verilog/HuttRegFile.sv:184$854'.
  created $dff cell `$procdff$1898' with positive edge clock.
Creating register for signal `\HuttRegFile.\regs_7' using process `\HuttRegFile.$proc$../../out/ulx3s_minimal/verilog/HuttRegFile.sv:184$854'.
  created $dff cell `$procdff$1899' with positive edge clock.
Creating register for signal `\HuttRegFile.\regs_8' using process `\HuttRegFile.$proc$../../out/ulx3s_minimal/verilog/HuttRegFile.sv:184$854'.
  created $dff cell `$procdff$1900' with positive edge clock.
Creating register for signal `\HuttRegFile.\regs_9' using process `\HuttRegFile.$proc$../../out/ulx3s_minimal/verilog/HuttRegFile.sv:184$854'.
  created $dff cell `$procdff$1901' with positive edge clock.
Creating register for signal `\HuttRegFile.\regs_10' using process `\HuttRegFile.$proc$../../out/ulx3s_minimal/verilog/HuttRegFile.sv:184$854'.
  created $dff cell `$procdff$1902' with positive edge clock.
Creating register for signal `\HuttRegFile.\regs_11' using process `\HuttRegFile.$proc$../../out/ulx3s_minimal/verilog/HuttRegFile.sv:184$854'.
  created $dff cell `$procdff$1903' with positive edge clock.
Creating register for signal `\HuttRegFile.\regs_12' using process `\HuttRegFile.$proc$../../out/ulx3s_minimal/verilog/HuttRegFile.sv:184$854'.
  created $dff cell `$procdff$1904' with positive edge clock.
Creating register for signal `\HuttRegFile.\regs_13' using process `\HuttRegFile.$proc$../../out/ulx3s_minimal/verilog/HuttRegFile.sv:184$854'.
  created $dff cell `$procdff$1905' with positive edge clock.
Creating register for signal `\HuttRegFile.\regs_14' using process `\HuttRegFile.$proc$../../out/ulx3s_minimal/verilog/HuttRegFile.sv:184$854'.
  created $dff cell `$procdff$1906' with positive edge clock.
Creating register for signal `\HuttRegFile.\regs_15' using process `\HuttRegFile.$proc$../../out/ulx3s_minimal/verilog/HuttRegFile.sv:184$854'.
  created $dff cell `$procdff$1907' with positive edge clock.
Creating register for signal `\HuttRegFile.\regs_16' using process `\HuttRegFile.$proc$../../out/ulx3s_minimal/verilog/HuttRegFile.sv:184$854'.
  created $dff cell `$procdff$1908' with positive edge clock.
Creating register for signal `\HuttRegFile.\regs_17' using process `\HuttRegFile.$proc$../../out/ulx3s_minimal/verilog/HuttRegFile.sv:184$854'.
  created $dff cell `$procdff$1909' with positive edge clock.
Creating register for signal `\HuttRegFile.\regs_18' using process `\HuttRegFile.$proc$../../out/ulx3s_minimal/verilog/HuttRegFile.sv:184$854'.
  created $dff cell `$procdff$1910' with positive edge clock.
Creating register for signal `\HuttRegFile.\regs_19' using process `\HuttRegFile.$proc$../../out/ulx3s_minimal/verilog/HuttRegFile.sv:184$854'.
  created $dff cell `$procdff$1911' with positive edge clock.
Creating register for signal `\HuttRegFile.\regs_20' using process `\HuttRegFile.$proc$../../out/ulx3s_minimal/verilog/HuttRegFile.sv:184$854'.
  created $dff cell `$procdff$1912' with positive edge clock.
Creating register for signal `\HuttRegFile.\regs_21' using process `\HuttRegFile.$proc$../../out/ulx3s_minimal/verilog/HuttRegFile.sv:184$854'.
  created $dff cell `$procdff$1913' with positive edge clock.
Creating register for signal `\HuttRegFile.\regs_22' using process `\HuttRegFile.$proc$../../out/ulx3s_minimal/verilog/HuttRegFile.sv:184$854'.
  created $dff cell `$procdff$1914' with positive edge clock.
Creating register for signal `\HuttRegFile.\regs_23' using process `\HuttRegFile.$proc$../../out/ulx3s_minimal/verilog/HuttRegFile.sv:184$854'.
  created $dff cell `$procdff$1915' with positive edge clock.
Creating register for signal `\HuttRegFile.\regs_24' using process `\HuttRegFile.$proc$../../out/ulx3s_minimal/verilog/HuttRegFile.sv:184$854'.
  created $dff cell `$procdff$1916' with positive edge clock.
Creating register for signal `\HuttRegFile.\regs_25' using process `\HuttRegFile.$proc$../../out/ulx3s_minimal/verilog/HuttRegFile.sv:184$854'.
  created $dff cell `$procdff$1917' with positive edge clock.
Creating register for signal `\HuttRegFile.\regs_26' using process `\HuttRegFile.$proc$../../out/ulx3s_minimal/verilog/HuttRegFile.sv:184$854'.
  created $dff cell `$procdff$1918' with positive edge clock.
Creating register for signal `\HuttRegFile.\regs_27' using process `\HuttRegFile.$proc$../../out/ulx3s_minimal/verilog/HuttRegFile.sv:184$854'.
  created $dff cell `$procdff$1919' with positive edge clock.
Creating register for signal `\HuttRegFile.\regs_28' using process `\HuttRegFile.$proc$../../out/ulx3s_minimal/verilog/HuttRegFile.sv:184$854'.
  created $dff cell `$procdff$1920' with positive edge clock.
Creating register for signal `\HuttRegFile.\regs_29' using process `\HuttRegFile.$proc$../../out/ulx3s_minimal/verilog/HuttRegFile.sv:184$854'.
  created $dff cell `$procdff$1921' with positive edge clock.
Creating register for signal `\HuttRegFile.\regs_30' using process `\HuttRegFile.$proc$../../out/ulx3s_minimal/verilog/HuttRegFile.sv:184$854'.
  created $dff cell `$procdff$1922' with positive edge clock.
Creating register for signal `\HuttRegFile.\regs_31' using process `\HuttRegFile.$proc$../../out/ulx3s_minimal/verilog/HuttRegFile.sv:184$854'.
  created $dff cell `$procdff$1923' with positive edge clock.
Creating register for signal `\FlashBootLoader.\state' using process `\FlashBootLoader.$proc$../../out/ulx3s_minimal/verilog/FlashBootLoader.sv:109$754'.
  created $dff cell `$procdff$1924' with positive edge clock.
Creating register for signal `\FlashBootLoader.\csnReg' using process `\FlashBootLoader.$proc$../../out/ulx3s_minimal/verilog/FlashBootLoader.sv:109$754'.
  created $dff cell `$procdff$1925' with positive edge clock.
Creating register for signal `\FlashBootLoader.\clkDiv' using process `\FlashBootLoader.$proc$../../out/ulx3s_minimal/verilog/FlashBootLoader.sv:109$754'.
  created $dff cell `$procdff$1926' with positive edge clock.
Creating register for signal `\FlashBootLoader.\spiClkReg' using process `\FlashBootLoader.$proc$../../out/ulx3s_minimal/verilog/FlashBootLoader.sv:109$754'.
  created $dff cell `$procdff$1927' with positive edge clock.
Creating register for signal `\FlashBootLoader.\shiftOut' using process `\FlashBootLoader.$proc$../../out/ulx3s_minimal/verilog/FlashBootLoader.sv:109$754'.
  created $dff cell `$procdff$1928' with positive edge clock.
Creating register for signal `\FlashBootLoader.\shiftIn' using process `\FlashBootLoader.$proc$../../out/ulx3s_minimal/verilog/FlashBootLoader.sv:109$754'.
  created $dff cell `$procdff$1929' with positive edge clock.
Creating register for signal `\FlashBootLoader.\bitCtr' using process `\FlashBootLoader.$proc$../../out/ulx3s_minimal/verilog/FlashBootLoader.sv:109$754'.
  created $dff cell `$procdff$1930' with positive edge clock.
Creating register for signal `\FlashBootLoader.\initCtr' using process `\FlashBootLoader.$proc$../../out/ulx3s_minimal/verilog/FlashBootLoader.sv:109$754'.
  created $dff cell `$procdff$1931' with positive edge clock.
Creating register for signal `\FlashBootLoader.\sizeCtr' using process `\FlashBootLoader.$proc$../../out/ulx3s_minimal/verilog/FlashBootLoader.sv:109$754'.
  created $dff cell `$procdff$1932' with positive edge clock.
Creating register for signal `\FlashBootLoader.\firmSize' using process `\FlashBootLoader.$proc$../../out/ulx3s_minimal/verilog/FlashBootLoader.sv:109$754'.
  created $dff cell `$procdff$1933' with positive edge clock.
Creating register for signal `\FlashBootLoader.\byteCtr' using process `\FlashBootLoader.$proc$../../out/ulx3s_minimal/verilog/FlashBootLoader.sv:109$754'.
  created $dff cell `$procdff$1934' with positive edge clock.
Creating register for signal `\FlashBootLoader.\sdramAddr' using process `\FlashBootLoader.$proc$../../out/ulx3s_minimal/verilog/FlashBootLoader.sv:109$754'.
  created $dff cell `$procdff$1935' with positive edge clock.
Creating register for signal `\FlashBootLoader.\buf0' using process `\FlashBootLoader.$proc$../../out/ulx3s_minimal/verilog/FlashBootLoader.sv:109$754'.
  created $dff cell `$procdff$1936' with positive edge clock.
Creating register for signal `\FlashBootLoader.\buf1' using process `\FlashBootLoader.$proc$../../out/ulx3s_minimal/verilog/FlashBootLoader.sv:109$754'.
  created $dff cell `$procdff$1937' with positive edge clock.
Creating register for signal `\MemoryController.\state' using process `\MemoryController.$proc$../../out/ulx3s_minimal/verilog/MemoryController.sv:115$628'.
  created $dff cell `$procdff$1938' with positive edge clock.
Creating register for signal `\MemoryController.\halfAddrReg' using process `\MemoryController.$proc$../../out/ulx3s_minimal/verilog/MemoryController.sv:115$628'.
  created $dff cell `$procdff$1939' with positive edge clock.
Creating register for signal `\MemoryController.\halfwordLo' using process `\MemoryController.$proc$../../out/ulx3s_minimal/verilog/MemoryController.sv:115$628'.
  created $dff cell `$procdff$1940' with positive edge clock.
Creating register for signal `\MemoryController.\halfwordHi' using process `\MemoryController.$proc$../../out/ulx3s_minimal/verilog/MemoryController.sv:115$628'.
  created $dff cell `$procdff$1941' with positive edge clock.
Creating register for signal `\MemoryController.\halfIdx' using process `\MemoryController.$proc$../../out/ulx3s_minimal/verilog/MemoryController.sv:115$628'.
  created $dff cell `$procdff$1942' with positive edge clock.
Creating register for signal `\MemoryController.\state_1' using process `\MemoryController.$proc$../../out/ulx3s_minimal/verilog/MemoryController.sv:115$628'.
  created $dff cell `$procdff$1943' with positive edge clock.
Creating register for signal `\MemoryController.\isReadR' using process `\MemoryController.$proc$../../out/ulx3s_minimal/verilog/MemoryController.sv:115$628'.
  created $dff cell `$procdff$1944' with positive edge clock.
Creating register for signal `\MemoryController.\sizeR' using process `\MemoryController.$proc$../../out/ulx3s_minimal/verilog/MemoryController.sv:115$628'.
  created $dff cell `$procdff$1945' with positive edge clock.
Creating register for signal `\MemoryController.\addrR' using process `\MemoryController.$proc$../../out/ulx3s_minimal/verilog/MemoryController.sv:115$628'.
  created $dff cell `$procdff$1946' with positive edge clock.
Creating register for signal `\MemoryController.\dataR' using process `\MemoryController.$proc$../../out/ulx3s_minimal/verilog/MemoryController.sv:115$628'.
  created $dff cell `$procdff$1947' with positive edge clock.
Creating register for signal `\MemoryController.\resultR' using process `\MemoryController.$proc$../../out/ulx3s_minimal/verilog/MemoryController.sv:115$628'.
  created $dff cell `$procdff$1948' with positive edge clock.
Creating register for signal `\MemoryController.\instr_active' using process `\MemoryController.$proc$../../out/ulx3s_minimal/verilog/MemoryController.sv:115$628'.
  created $dff cell `$procdff$1949' with positive edge clock.
Creating register for signal `\MemoryController.\gpu_active' using process `\MemoryController.$proc$../../out/ulx3s_minimal/verilog/MemoryController.sv:115$628'.
  created $dff cell `$procdff$1950' with positive edge clock.
Creating register for signal `\MemoryController.\gpu_write_active' using process `\MemoryController.$proc$../../out/ulx3s_minimal/verilog/MemoryController.sv:115$628'.
  created $dff cell `$procdff$1951' with positive edge clock.
Creating register for signal `\MemoryController.\started' using process `\MemoryController.$proc$../../out/ulx3s_minimal/verilog/MemoryController.sv:115$628'.
  created $dff cell `$procdff$1952' with positive edge clock.
Creating register for signal `\MemoryController.\be_write_done' using process `\MemoryController.$proc$../../out/ulx3s_minimal/verilog/MemoryController.sv:115$628'.
  created $dff cell `$procdff$1953' with positive edge clock.
Creating register for signal `\MemoryController.\data_buf_0' using process `\MemoryController.$proc$../../out/ulx3s_minimal/verilog/MemoryController.sv:115$628'.
  created $dff cell `$procdff$1954' with positive edge clock.
Creating register for signal `\MemoryController.\data_buf_1' using process `\MemoryController.$proc$../../out/ulx3s_minimal/verilog/MemoryController.sv:115$628'.
  created $dff cell `$procdff$1955' with positive edge clock.
Creating register for signal `\MemoryController.\data_buf_2' using process `\MemoryController.$proc$../../out/ulx3s_minimal/verilog/MemoryController.sv:115$628'.
  created $dff cell `$procdff$1956' with positive edge clock.
Creating register for signal `\MemoryController.\data_buf_3' using process `\MemoryController.$proc$../../out/ulx3s_minimal/verilog/MemoryController.sv:115$628'.
  created $dff cell `$procdff$1957' with positive edge clock.
Creating register for signal `\MemoryController.\byte_idx' using process `\MemoryController.$proc$../../out/ulx3s_minimal/verilog/MemoryController.sv:115$628'.
  created $dff cell `$procdff$1958' with positive edge clock.
Creating register for signal `\MemoryController.\data_txn_len' using process `\MemoryController.$proc$../../out/ulx3s_minimal/verilog/MemoryController.sv:115$628'.
  created $dff cell `$procdff$1959' with positive edge clock.
Creating register for signal `\MemoryController.\continue_txn' using process `\MemoryController.$proc$../../out/ulx3s_minimal/verilog/MemoryController.sv:115$628'.
  created $dff cell `$procdff$1960' with positive edge clock.
Creating register for signal `\MemoryController.\data_stall' using process `\MemoryController.$proc$../../out/ulx3s_minimal/verilog/MemoryController.sv:115$628'.
  created $dff cell `$procdff$1961' with positive edge clock.
Creating register for signal `\Hutt.\state' using process `\Hutt.$proc$../../out/ulx3s_minimal/verilog/Hutt.sv:145$485'.
  created $dff cell `$procdff$1962' with positive edge clock.
Creating register for signal `\Hutt.\pc' using process `\Hutt.$proc$../../out/ulx3s_minimal/verilog/Hutt.sv:145$485'.
  created $dff cell `$procdff$1963' with positive edge clock.
Creating register for signal `\Hutt.\instr' using process `\Hutt.$proc$../../out/ulx3s_minimal/verilog/Hutt.sv:145$485'.
  created $dff cell `$procdff$1964' with positive edge clock.
Creating register for signal `\Hutt.\loadFunct3' using process `\Hutt.$proc$../../out/ulx3s_minimal/verilog/Hutt.sv:145$485'.
  created $dff cell `$procdff$1965' with positive edge clock.
Creating register for signal `\Hutt.\loadRd' using process `\Hutt.$proc$../../out/ulx3s_minimal/verilog/Hutt.sv:145$485'.
  created $dff cell `$procdff$1966' with positive edge clock.
Creating register for signal `\Hutt.\isLoadOp' using process `\Hutt.$proc$../../out/ulx3s_minimal/verilog/Hutt.sv:145$485'.
  created $dff cell `$procdff$1967' with positive edge clock.
Creating register for signal `\uart_tx.\txd_reg' using process `\uart_tx.$proc$../../out/ulx3s_minimal/verilog/uart_tx.sv:19$422'.
  created $dff cell `$procdff$1968' with positive edge clock.
Creating register for signal `\uart_tx.\data_to_send' using process `\uart_tx.$proc$../../out/ulx3s_minimal/verilog/uart_tx.sv:19$422'.
  created $dff cell `$procdff$1969' with positive edge clock.
Creating register for signal `\uart_tx.\cycle_counter' using process `\uart_tx.$proc$../../out/ulx3s_minimal/verilog/uart_tx.sv:19$422'.
  created $dff cell `$procdff$1970' with positive edge clock.
Creating register for signal `\uart_tx.\fsm_state' using process `\uart_tx.$proc$../../out/ulx3s_minimal/verilog/uart_tx.sv:19$422'.
  created $dff cell `$procdff$1971' with positive edge clock.
Creating register for signal `\SdramBackend.\state' using process `\SdramBackend.$proc$../../out/ulx3s_minimal/verilog/SdramBackend.sv:54$341'.
  created $dff cell `$procdff$1972' with positive edge clock.
Creating register for signal `\SdramBackend.\rdDelCtr' using process `\SdramBackend.$proc$../../out/ulx3s_minimal/verilog/SdramBackend.sv:54$341'.
  created $dff cell `$procdff$1973' with positive edge clock.
Creating register for signal `\SdramBackend.\byteAddr' using process `\SdramBackend.$proc$../../out/ulx3s_minimal/verilog/SdramBackend.sv:54$341'.
  created $dff cell `$procdff$1974' with positive edge clock.
Creating register for signal `\SdramBackend.\lane0' using process `\SdramBackend.$proc$../../out/ulx3s_minimal/verilog/SdramBackend.sv:54$341'.
  created $dff cell `$procdff$1975' with positive edge clock.
Creating register for signal `\SdramBackend.\readWord' using process `\SdramBackend.$proc$../../out/ulx3s_minimal/verilog/SdramBackend.sv:54$341'.
  created $dff cell `$procdff$1976' with positive edge clock.
Creating register for signal `\SdramBackend.\readByteIdx' using process `\SdramBackend.$proc$../../out/ulx3s_minimal/verilog/SdramBackend.sv:54$341'.
  created $dff cell `$procdff$1977' with positive edge clock.
Creating register for signal `\SdramBackend.\writeWord' using process `\SdramBackend.$proc$../../out/ulx3s_minimal/verilog/SdramBackend.sv:54$341'.
  created $dff cell `$procdff$1978' with positive edge clock.
Creating register for signal `\SdramBackend.\wrDelCtr' using process `\SdramBackend.$proc$../../out/ulx3s_minimal/verilog/SdramBackend.sv:54$341'.
  created $dff cell `$procdff$1979' with positive edge clock.
Creating register for signal `\ulx3s_minimal_top.\uo_out_val_gpio_out_sel' using process `\ulx3s_minimal_top.$proc$../../out/ulx3s_minimal/verilog/ulx3s_minimal_top.sv:129$244'.
  created $dff cell `$procdff$1980' with positive edge clock.
Creating register for signal `\ulx3s_minimal_top.\uo_out_val_time_limit' using process `\ulx3s_minimal_top.$proc$../../out/ulx3s_minimal/verilog/ulx3s_minimal_top.sv:129$244'.
  created $dff cell `$procdff$1981' with positive edge clock.
Creating register for signal `\ulx3s_minimal_top.\uo_out_val_debug_baud_divider' using process `\ulx3s_minimal_top.$proc$../../out/ulx3s_minimal/verilog/ulx3s_minimal_top.sv:129$244'.
  created $dff cell `$procdff$1982' with positive edge clock.
Creating register for signal `\ulx3s_minimal_top.\uo_out_val_socRespPending' using process `\ulx3s_minimal_top.$proc$../../out/ulx3s_minimal/verilog/ulx3s_minimal_top.sv:129$244'.
  created $dff cell `$procdff$1983' with positive edge clock.
Creating register for signal `\ulx3s_minimal_top.\uo_out_val_socRespData' using process `\ulx3s_minimal_top.$proc$../../out/ulx3s_minimal/verilog/ulx3s_minimal_top.sv:129$244'.
  created $dff cell `$procdff$1984' with positive edge clock.
Creating register for signal `\ulx3s_minimal_top.\uo_out_val_activeMem' using process `\ulx3s_minimal_top.$proc$../../out/ulx3s_minimal/verilog/ulx3s_minimal_top.sv:129$244'.
  created $dff cell `$procdff$1985' with positive edge clock.
Creating register for signal `\ulx3s_minimal_top.\uo_out_val_activeSoc' using process `\ulx3s_minimal_top.$proc$../../out/ulx3s_minimal/verilog/ulx3s_minimal_top.sv:129$244'.
  created $dff cell `$procdff$1986' with positive edge clock.
Creating register for signal `\ulx3s_minimal_top.\uo_out_val_soc_rst_reg_n' using process `\ulx3s_minimal_top.$proc$../../out/ulx3s_minimal/verilog/ulx3s_minimal_top.sv:120$238'.
  created $dff cell `$procdff$1987' with positive edge clock.

12.5.10. Executing PROC_MEMWR pass (convert process memory writes to cells).

12.5.11. Executing PROC_CLEAN pass (remove empty switches from decision trees).
Found and cleaned up 11 empty switches in `\SdramController.$proc$../../out/ulx3s_minimal/verilog/SdramController.sv:178$969'.
Removing empty process `SdramController.$proc$../../out/ulx3s_minimal/verilog/SdramController.sv:178$969'.
Found and cleaned up 1 empty switch in `\SdramController.$proc$../../out/ulx3s_minimal/verilog/SdramController.sv:149$943'.
Removing empty process `SdramController.$proc$../../out/ulx3s_minimal/verilog/SdramController.sv:149$943'.
Found and cleaned up 1 empty switch in `\SdramController.$proc$../../out/ulx3s_minimal/verilog/SdramController.sv:128$941'.
Removing empty process `SdramController.$proc$../../out/ulx3s_minimal/verilog/SdramController.sv:128$941'.
Found and cleaned up 1 empty switch in `\SdramController.$proc$../../out/ulx3s_minimal/verilog/SdramController.sv:107$939'.
Removing empty process `SdramController.$proc$../../out/ulx3s_minimal/verilog/SdramController.sv:107$939'.
Found and cleaned up 1 empty switch in `\SdramController.$proc$../../out/ulx3s_minimal/verilog/SdramController.sv:84$933'.
Removing empty process `SdramController.$proc$../../out/ulx3s_minimal/verilog/SdramController.sv:84$933'.
Found and cleaned up 1 empty switch in `\SdramController.$proc$../../out/ulx3s_minimal/verilog/SdramController.sv:63$930'.
Removing empty process `SdramController.$proc$../../out/ulx3s_minimal/verilog/SdramController.sv:63$930'.
Found and cleaned up 1 empty switch in `\SdramController.$proc$../../out/ulx3s_minimal/verilog/SdramController.sv:49$928'.
Removing empty process `SdramController.$proc$../../out/ulx3s_minimal/verilog/SdramController.sv:49$928'.
Found and cleaned up 32 empty switches in `\HuttRegFile.$proc$../../out/ulx3s_minimal/verilog/HuttRegFile.sv:184$854'.
Removing empty process `HuttRegFile.$proc$../../out/ulx3s_minimal/verilog/HuttRegFile.sv:184$854'.
Found and cleaned up 1 empty switch in `\HuttRegFile.$proc$../../out/ulx3s_minimal/verilog/HuttRegFile.sv:115$851'.
Removing empty process `HuttRegFile.$proc$../../out/ulx3s_minimal/verilog/HuttRegFile.sv:115$851'.
Found and cleaned up 1 empty switch in `\HuttRegFile.$proc$../../out/ulx3s_minimal/verilog/HuttRegFile.sv:46$850'.
Removing empty process `HuttRegFile.$proc$../../out/ulx3s_minimal/verilog/HuttRegFile.sv:46$850'.
Found and cleaned up 1 empty switch in `\HuttAlu.$proc$../../out/ulx3s_minimal/verilog/HuttAlu.sv:12$840'.
Removing empty process `HuttAlu.$proc$../../out/ulx3s_minimal/verilog/HuttAlu.sv:12$840'.
Found and cleaned up 40 empty switches in `\FlashBootLoader.$proc$../../out/ulx3s_minimal/verilog/FlashBootLoader.sv:109$754'.
Removing empty process `FlashBootLoader.$proc$../../out/ulx3s_minimal/verilog/FlashBootLoader.sv:109$754'.
Found and cleaned up 1 empty switch in `\FlashBootLoader.$proc$../../out/ulx3s_minimal/verilog/FlashBootLoader.sv:62$720'.
Removing empty process `FlashBootLoader.$proc$../../out/ulx3s_minimal/verilog/FlashBootLoader.sv:62$720'.
Found and cleaned up 22 empty switches in `\MemoryController.$proc$../../out/ulx3s_minimal/verilog/MemoryController.sv:115$628'.
Removing empty process `MemoryController.$proc$../../out/ulx3s_minimal/verilog/MemoryController.sv:115$628'.
Found and cleaned up 1 empty switch in `\MemoryController.$proc$../../out/ulx3s_minimal/verilog/MemoryController.sv:85$586'.
Removing empty process `MemoryController.$proc$../../out/ulx3s_minimal/verilog/MemoryController.sv:85$586'.
Found and cleaned up 12 empty switches in `\Hutt.$proc$../../out/ulx3s_minimal/verilog/Hutt.sv:145$485'.
Removing empty process `Hutt.$proc$../../out/ulx3s_minimal/verilog/Hutt.sv:145$485'.
Found and cleaned up 1 empty switch in `\Hutt.$proc$../../out/ulx3s_minimal/verilog/Hutt.sv:122$481'.
Removing empty process `Hutt.$proc$../../out/ulx3s_minimal/verilog/Hutt.sv:122$481'.
Found and cleaned up 1 empty switch in `\Hutt.$proc$../../out/ulx3s_minimal/verilog/Hutt.sv:83$449'.
Removing empty process `Hutt.$proc$../../out/ulx3s_minimal/verilog/Hutt.sv:83$449'.
Found and cleaned up 1 empty switch in `\Hutt.$proc$../../out/ulx3s_minimal/verilog/Hutt.sv:61$445'.
Removing empty process `Hutt.$proc$../../out/ulx3s_minimal/verilog/Hutt.sv:61$445'.
Found and cleaned up 1 empty switch in `\Hutt.$proc$../../out/ulx3s_minimal/verilog/Hutt.sv:40$444'.
Removing empty process `Hutt.$proc$../../out/ulx3s_minimal/verilog/Hutt.sv:40$444'.
Found and cleaned up 7 empty switches in `\uart_tx.$proc$../../out/ulx3s_minimal/verilog/uart_tx.sv:19$422'.
Removing empty process `uart_tx.$proc$../../out/ulx3s_minimal/verilog/uart_tx.sv:19$422'.
Found and cleaned up 35 empty switches in `\SdramBackend.$proc$../../out/ulx3s_minimal/verilog/SdramBackend.sv:54$341'.
Removing empty process `SdramBackend.$proc$../../out/ulx3s_minimal/verilog/SdramBackend.sv:54$341'.
Found and cleaned up 5 empty switches in `\ulx3s_minimal_top.$proc$../../out/ulx3s_minimal/verilog/ulx3s_minimal_top.sv:129$244'.
Removing empty process `ulx3s_minimal_top.$proc$../../out/ulx3s_minimal/verilog/ulx3s_minimal_top.sv:129$244'.
Removing empty process `ulx3s_minimal_top.$proc$../../out/ulx3s_minimal/verilog/ulx3s_minimal_top.sv:120$238'.
Cleaned up 179 empty switches.

12.5.12. Executing OPT_EXPR pass (perform const folding).
Optimizing module SdramController.
<suppressed ~6 debug messages>
Optimizing module HuttRegFile.
<suppressed ~4 debug messages>
Optimizing module HuttAlu.
<suppressed ~1 debug messages>
Optimizing module Ecp5PllWrapper.
Optimizing module FlashBootLoader.
<suppressed ~7 debug messages>
Optimizing module MemoryController.
<suppressed ~5 debug messages>
Optimizing module Hutt.
<suppressed ~5 debug messages>
Optimizing module uart_tx.
<suppressed ~1 debug messages>
Optimizing module SdramBackend.
<suppressed ~4 debug messages>
Optimizing module ulx3s_minimal_top.
<suppressed ~7 debug messages>

12.6. Executing FLATTEN pass (flatten design).
Deleting now unused module SdramController.
Deleting now unused module HuttRegFile.
Deleting now unused module HuttAlu.
Deleting now unused module Ecp5PllWrapper.
Deleting now unused module FlashBootLoader.
Deleting now unused module MemoryController.
Deleting now unused module Hutt.
Deleting now unused module uart_tx.
Deleting now unused module SdramBackend.
<suppressed ~9 debug messages>

12.7. Executing TRIBUF pass.

12.8. Executing DEMINOUT pass (demote inout ports to input or output).

12.9. Executing OPT_EXPR pass (perform const folding).
Optimizing module ulx3s_minimal_top.
<suppressed ~54 debug messages>

12.10. Executing OPT_CLEAN pass (remove unused cells and wires).
Finding unused cells or wires in module \ulx3s_minimal_top..
Removed 14 unused cells and 616 unused wires.
<suppressed ~22 debug messages>

12.11. Executing CHECK pass (checking for obvious problems).
Checking module ulx3s_minimal_top...
Found and reported 0 problems.

12.12. Executing OPT pass (performing simple optimizations).

12.12.1. Executing OPT_EXPR pass (perform const folding).
Optimizing module ulx3s_minimal_top.

12.12.2. Executing OPT_MERGE pass (detect identical cells).
Finding identical cells in module `\ulx3s_minimal_top'.
Computing hashes of 1300 cells of `\ulx3s_minimal_top'.
Finding duplicate cells in `\ulx3s_minimal_top'.
Computing hashes of 1174 cells of `\ulx3s_minimal_top'.
Finding duplicate cells in `\ulx3s_minimal_top'.
Computing hashes of 1156 cells of `\ulx3s_minimal_top'.
Finding duplicate cells in `\ulx3s_minimal_top'.
Computing hashes of 1150 cells of `\ulx3s_minimal_top'.
Finding duplicate cells in `\ulx3s_minimal_top'.
Computing hashes of 1146 cells of `\ulx3s_minimal_top'.
Finding duplicate cells in `\ulx3s_minimal_top'.
Computing hashes of 1143 cells of `\ulx3s_minimal_top'.
Finding duplicate cells in `\ulx3s_minimal_top'.
Computing hashes of 1140 cells of `\ulx3s_minimal_top'.
Finding duplicate cells in `\ulx3s_minimal_top'.
Computing hashes of 1137 cells of `\ulx3s_minimal_top'.
Finding duplicate cells in `\ulx3s_minimal_top'.
Computing hashes of 1135 cells of `\ulx3s_minimal_top'.
Finding duplicate cells in `\ulx3s_minimal_top'.
Computing hashes of 1134 cells of `\ulx3s_minimal_top'.
Finding duplicate cells in `\ulx3s_minimal_top'.
<suppressed ~498 debug messages>
Removed a total of 166 cells.

12.12.3. Executing OPT_MUXTREE pass (detect dead branches in mux trees).
Running muxtree optimizer on module \ulx3s_minimal_top..
  Creating internal representation of mux trees.
  Evaluating internal representation of mux trees.
  Analyzing evaluation results.
    dead port 31/32 on $pmux $flatten\uo_out_val_mem_io_instr_cpu.\regFile.$procmux$1191.
    dead port 31/32 on $pmux $flatten\uo_out_val_mem_io_instr_cpu.\regFile.$procmux$1224.
Removed 2 multiplexer ports.
<suppressed ~1076 debug messages>

12.12.4. Executing OPT_REDUCE pass (consolidate $*mux and $reduce_* inputs).
  Optimizing cells in module \ulx3s_minimal_top.
    New ctrl vector for $pmux cell $flatten\sdramBackend.\sdram.$procmux$1082: { \sdramBackend.sdram._GEN_4 $auto$opt_reduce.cc:137:opt_pmux$1998 \sdramBackend.sdram._GEN_8 \sdramBackend.sdram._dqOe_T $flatten\sdramBackend.\sdram.$procmux$1083_CMP }
    New ctrl vector for $pmux cell $flatten\sdramBackend.\sdram.$procmux$1101: { $auto$opt_reduce.cc:137:opt_pmux$2000 \sdramBackend.sdram._GEN_8 }
  Optimizing cells in module \ulx3s_minimal_top.
Performed a total of 2 changes.

12.12.5. Executing OPT_MERGE pass (detect identical cells).
Finding identical cells in module `\ulx3s_minimal_top'.
Computing hashes of 1136 cells of `\ulx3s_minimal_top'.
Finding duplicate cells in `\ulx3s_minimal_top'.
Computing hashes of 1125 cells of `\ulx3s_minimal_top'.
Finding duplicate cells in `\ulx3s_minimal_top'.
<suppressed ~33 debug messages>
Removed a total of 11 cells.

12.12.6. Executing OPT_DFF pass (perform DFF optimizations).

12.12.7. Executing OPT_CLEAN pass (remove unused cells and wires).
Finding unused cells or wires in module \ulx3s_minimal_top..
Removed 4 unused cells and 179 unused wires.
<suppressed ~6 debug messages>

12.12.8. Executing OPT_EXPR pass (perform const folding).
Optimizing module ulx3s_minimal_top.

12.12.9. Rerunning OPT passes. (Maybe there is more to do..)

12.12.10. Executing OPT_MUXTREE pass (detect dead branches in mux trees).
Running muxtree optimizer on module \ulx3s_minimal_top..
  Creating internal representation of mux trees.
  Evaluating internal representation of mux trees.
  Analyzing evaluation results.
Removed 0 multiplexer ports.
<suppressed ~1063 debug messages>

12.12.11. Executing OPT_REDUCE pass (consolidate $*mux and $reduce_* inputs).
  Optimizing cells in module \ulx3s_minimal_top.
Performed a total of 0 changes.

12.12.12. Executing OPT_MERGE pass (detect identical cells).
Finding identical cells in module `\ulx3s_minimal_top'.
Computing hashes of 1121 cells of `\ulx3s_minimal_top'.
Finding duplicate cells in `\ulx3s_minimal_top'.
Removed a total of 0 cells.

12.12.13. Executing OPT_DFF pass (perform DFF optimizations).

12.12.14. Executing OPT_CLEAN pass (remove unused cells and wires).
Finding unused cells or wires in module \ulx3s_minimal_top..

12.12.15. Executing OPT_EXPR pass (perform const folding).
Optimizing module ulx3s_minimal_top.

12.12.16. Finished fast OPT passes. (There is nothing left to do.)

12.13. Executing FSM pass (extract and optimize FSM).

12.13.1. Executing FSM_DETECT pass (finding FSMs in design).
Not marking ulx3s_minimal_top.sdramBackend.sdram.sdrDqm as FSM state register:
    Register is connected to module port.
    Users of register don't seem to benefit from recoding.
Not marking ulx3s_minimal_top.uo_out_val_mem.state as FSM state register:
    Users of register don't seem to benefit from recoding.
Found FSM state register ulx3s_minimal_top.uo_out_val_mem.state_1.
Found FSM state register ulx3s_minimal_top.uo_out_val_mem_io_instr_cpu.state.

12.13.2. Executing FSM_EXTRACT pass (extracting FSM from design).
Extracting FSM `\uo_out_val_mem.state_1' from module `\ulx3s_minimal_top'.
  found $dff cell for state register: $flatten\uo_out_val_mem.$procdff$1943
  root of input selection tree: $flatten\uo_out_val_mem.$0\state_1[1:0]
  found reset state: 2'00 (guessed from mux tree)
  found ctrl input: \uo_out_val_soc_rst_reg_n
  found state code: 2'00
  found ctrl input: $flatten\uo_out_val_mem.$and$../../out/ulx3s_minimal/verilog/MemoryController.sv:142$632_Y
  found ctrl input: \uo_out_val_mem._GEN_9
  found ctrl input: \uo_out_val_mem._GEN_8
  found state code: 2'01
  found state code: 2'10
  found ctrl output: \uo_out_val_mem._cpuData_readN_T
  found ctrl output: \_uo_out_val_mem_io_cpuData_resp_valid
  found ctrl output: \_uo_out_val_mem_io_cpuData_req_ready
  ctrl inputs: { \uo_out_val_mem._GEN_8 \uo_out_val_mem._GEN_9 $flatten\uo_out_val_mem.$and$../../out/ulx3s_minimal/verilog/MemoryController.sv:142$632_Y \uo_out_val_soc_rst_reg_n }
  ctrl outputs: { \uo_out_val_mem._cpuData_readN_T $flatten\uo_out_val_mem.$0\state_1[1:0] \_uo_out_val_mem_io_cpuData_resp_valid \_uo_out_val_mem_io_cpuData_req_ready }
  transition:       2'00 4'---0 ->       2'00 5'00001
  transition:       2'00 4'0001 ->       2'00 5'00001
  transition:       2'00 4'1001 ->       2'01 5'00101
  transition:       2'00 4'-101 ->       2'10 5'01001
  transition:       2'00 4'--11 ->       2'00 5'00001
  transition:       2'10 4'---0 ->       2'00 5'00010
  transition:       2'10 4'0001 ->       2'10 5'01010
  transition:       2'10 4'1001 ->       2'01 5'00110
  transition:       2'10 4'-101 ->       2'10 5'01010
  transition:       2'10 4'--11 ->       2'00 5'00010
  transition:       2'01 4'---0 ->       2'00 5'10000
  transition:       2'01 4'0001 ->       2'01 5'10100
  transition:       2'01 4'1001 ->       2'01 5'10100
  transition:       2'01 4'-101 ->       2'10 5'11000
  transition:       2'01 4'--11 ->       2'00 5'10000
Extracting FSM `\uo_out_val_mem_io_instr_cpu.state' from module `\ulx3s_minimal_top'.
  found $dff cell for state register: $flatten\uo_out_val_mem_io_instr_cpu.$procdff$1962
  root of input selection tree: $flatten\uo_out_val_mem_io_instr_cpu.$0\state[2:0]
  found reset state: 3'000 (guessed from mux tree)
  found ctrl input: \uo_out_val_soc_rst_reg_n
  found state code: 3'000
  found ctrl input: \uo_out_val_mem.io_instr_req_valid
  found ctrl input: \uo_out_val_mem_io_instr_cpu._GEN_3
  found ctrl input: \uo_out_val_mem_io_instr_cpu._GEN_4
  found ctrl input: \uo_out_val_mem_io_instr_cpu._GEN_7
  found ctrl input: \uo_out_val_mem_io_instr_cpu._GEN_13
  found ctrl input: \_uo_out_val_T_11
  found state code: 3'100
  found ctrl input: \uo_out_val_mem_io_instr_cpu._GEN_5
  found state code: 3'011
  found ctrl input: \uo_out_val_mem_io_instr_cpu._GEN_14
  found state code: 3'010
  found ctrl input: \uo_out_val_mem._GEN_4
  found state code: 3'001
  found ctrl output: \uo_out_val_mem_io_instr_cpu._GEN_8
  found ctrl output: \uo_out_val_mem_io_instr_cpu._GEN_7
  found ctrl output: \uo_out_val_mem_io_instr_cpu._GEN_4
  found ctrl output: \uo_out_val_mem_io_instr_cpu._GEN_3
  found ctrl output: \uo_out_val_mem.io_instr_req_valid
  ctrl inputs: { \uo_out_val_mem_io_instr_cpu._GEN_5 \uo_out_val_mem_io_instr_cpu._GEN_13 \uo_out_val_mem_io_instr_cpu._GEN_14 \uo_out_val_mem._GEN_4 \_uo_out_val_T_11 \uo_out_val_soc_rst_reg_n }
  ctrl outputs: { \uo_out_val_mem_io_instr_cpu._GEN_3 \uo_out_val_mem_io_instr_cpu._GEN_4 \uo_out_val_mem_io_instr_cpu._GEN_7 \uo_out_val_mem_io_instr_cpu._GEN_8 $flatten\uo_out_val_mem_io_instr_cpu.$0\state[2:0] \uo_out_val_mem.io_instr_req_valid }
  transition:      3'000 6'-----0 ->      3'000 8'00000001
  transition:      3'000 6'---0-1 ->      3'000 8'00000001
  transition:      3'000 6'---1-1 ->      3'001 8'00000011
  transition:      3'100 6'-----0 ->      3'000 8'00010000
  transition:      3'100 6'-0---1 ->      3'100 8'00011000
  transition:      3'100 6'-1---1 ->      3'000 8'00010000
  transition:      3'010 6'-----0 ->      3'000 8'01000000
  transition:      3'010 6'0----1 ->      3'000 8'01000000
  transition:      3'010 6'1----1 ->      3'011 8'01000110
  transition:      3'001 6'-----0 ->      3'000 8'10000000
  transition:      3'001 6'--0--1 ->      3'001 8'10000010
  transition:      3'001 6'--1--1 ->      3'010 8'10000100
  transition:      3'011 6'-----0 ->      3'000 8'00100000
  transition:      3'011 6'----01 ->      3'011 8'00100110
  transition:      3'011 6'----11 ->      3'100 8'00101000

12.13.3. Executing FSM_OPT pass (simple optimizations of FSMs).
Optimizing FSM `$fsm$\uo_out_val_mem_io_instr_cpu.state$2006' from module `\ulx3s_minimal_top'.
Optimizing FSM `$fsm$\uo_out_val_mem.state_1$2001' from module `\ulx3s_minimal_top'.
  Merging pattern 4'0001 and 4'1001 from group (2 2 5'10100).
  Merging pattern 4'1001 and 4'0001 from group (2 2 5'10100).

12.13.4. Executing OPT_CLEAN pass (remove unused cells and wires).
Finding unused cells or wires in module \ulx3s_minimal_top..
Removed 24 unused cells and 24 unused wires.
<suppressed ~25 debug messages>

12.13.5. Executing FSM_OPT pass (simple optimizations of FSMs).
Optimizing FSM `$fsm$\uo_out_val_mem.state_1$2001' from module `\ulx3s_minimal_top'.
  Removing unused output signal $flatten\uo_out_val_mem.$0\state_1[1:0] [0].
  Removing unused output signal $flatten\uo_out_val_mem.$0\state_1[1:0] [1].
Optimizing FSM `$fsm$\uo_out_val_mem_io_instr_cpu.state$2006' from module `\ulx3s_minimal_top'.
  Removing unused output signal $flatten\uo_out_val_mem_io_instr_cpu.$0\state[2:0] [0].
  Removing unused output signal $flatten\uo_out_val_mem_io_instr_cpu.$0\state[2:0] [1].
  Removing unused output signal $flatten\uo_out_val_mem_io_instr_cpu.$0\state[2:0] [2].

12.13.6. Executing FSM_RECODE pass (re-assigning FSM state encoding).
Recoding FSM `$fsm$\uo_out_val_mem.state_1$2001' from module `\ulx3s_minimal_top' using `auto' encoding:
  mapping auto encoding to `one-hot` for this FSM.
  00 -> --1
  10 -> -1-
  01 -> 1--
Recoding FSM `$fsm$\uo_out_val_mem_io_instr_cpu.state$2006' from module `\ulx3s_minimal_top' using `auto' encoding:
  mapping auto encoding to `one-hot` for this FSM.
  000 -> ----1
  100 -> ---1-
  010 -> --1--
  001 -> -1---
  011 -> 1----

12.13.7. Executing FSM_INFO pass (dumping all available information on FSM cells).

FSM `$fsm$\uo_out_val_mem.state_1$2001' from module `ulx3s_minimal_top':
-------------------------------------

  Information on FSM $fsm$\uo_out_val_mem.state_1$2001 (\uo_out_val_mem.state_1):

  Number of input signals:    4
  Number of output signals:   3
  Number of state bits:       3

  Input signals:
    0: \uo_out_val_soc_rst_reg_n
    1: $flatten\uo_out_val_mem.$and$../../out/ulx3s_minimal/verilog/MemoryController.sv:142$632_Y
    2: \uo_out_val_mem._GEN_9
    3: \uo_out_val_mem._GEN_8

  Output signals:
    0: \_uo_out_val_mem_io_cpuData_req_ready
    1: \_uo_out_val_mem_io_cpuData_resp_valid
    2: \uo_out_val_mem._cpuData_readN_T

  State encoding:
    0:      3'--1  <RESET STATE>
    1:      3'-1-
    2:      3'1--

  Transition Table (state_in, ctrl_in, state_out, ctrl_out):
      0:     0 4'---0   ->     0 3'001
      1:     0 4'0001   ->     0 3'001
      2:     0 4'--11   ->     0 3'001
      3:     0 4'-101   ->     1 3'001
      4:     0 4'1001   ->     2 3'001
      5:     1 4'---0   ->     0 3'010
      6:     1 4'--11   ->     0 3'010
      7:     1 4'0001   ->     1 3'010
      8:     1 4'-101   ->     1 3'010
      9:     1 4'1001   ->     2 3'010
     10:     2 4'---0   ->     0 3'100
     11:     2 4'--11   ->     0 3'100
     12:     2 4'-101   ->     1 3'100
     13:     2 4'-001   ->     2 3'100

-------------------------------------

FSM `$fsm$\uo_out_val_mem_io_instr_cpu.state$2006' from module `ulx3s_minimal_top':
-------------------------------------

  Information on FSM $fsm$\uo_out_val_mem_io_instr_cpu.state$2006 (\uo_out_val_mem_io_instr_cpu.state):

  Number of input signals:    6
  Number of output signals:   5
  Number of state bits:       5

  Input signals:
    0: \uo_out_val_soc_rst_reg_n
    1: \_uo_out_val_T_11
    2: \uo_out_val_mem._GEN_4
    3: \uo_out_val_mem_io_instr_cpu._GEN_14
    4: \uo_out_val_mem_io_instr_cpu._GEN_13
    5: \uo_out_val_mem_io_instr_cpu._GEN_5

  Output signals:
    0: \uo_out_val_mem.io_instr_req_valid
    1: \uo_out_val_mem_io_instr_cpu._GEN_8
    2: \uo_out_val_mem_io_instr_cpu._GEN_7
    3: \uo_out_val_mem_io_instr_cpu._GEN_4
    4: \uo_out_val_mem_io_instr_cpu._GEN_3

  State encoding:
    0:    5'----1  <RESET STATE>
    1:    5'---1-
    2:    5'--1--
    3:    5'-1---
    4:    5'1----

  Transition Table (state_in, ctrl_in, state_out, ctrl_out):
      0:     0 6'-----0   ->     0 5'00001
      1:     0 6'---0-1   ->     0 5'00001
      2:     0 6'---1-1   ->     3 5'00001
      3:     1 6'-----0   ->     0 5'00010
      4:     1 6'-1---1   ->     0 5'00010
      5:     1 6'-0---1   ->     1 5'00010
      6:     2 6'-----0   ->     0 5'01000
      7:     2 6'0----1   ->     0 5'01000
      8:     2 6'1----1   ->     4 5'01000
      9:     3 6'-----0   ->     0 5'10000
     10:     3 6'--1--1   ->     2 5'10000
     11:     3 6'--0--1   ->     3 5'10000
     12:     4 6'-----0   ->     0 5'00100
     13:     4 6'----11   ->     1 5'00100
     14:     4 6'----01   ->     4 5'00100

-------------------------------------

12.13.8. Executing FSM_MAP pass (mapping FSMs to basic logic).
Mapping FSM `$fsm$\uo_out_val_mem.state_1$2001' from module `\ulx3s_minimal_top'.
Mapping FSM `$fsm$\uo_out_val_mem_io_instr_cpu.state$2006' from module `\ulx3s_minimal_top'.

12.14. Executing OPT pass (performing simple optimizations).

12.14.1. Executing OPT_EXPR pass (perform const folding).
Optimizing module ulx3s_minimal_top.
<suppressed ~2 debug messages>

12.14.2. Executing OPT_MERGE pass (detect identical cells).
Finding identical cells in module `\ulx3s_minimal_top'.
Computing hashes of 1137 cells of `\ulx3s_minimal_top'.
Finding duplicate cells in `\ulx3s_minimal_top'.
Computing hashes of 1135 cells of `\ulx3s_minimal_top'.
Finding duplicate cells in `\ulx3s_minimal_top'.
<suppressed ~6 debug messages>
Removed a total of 2 cells.

12.14.3. Executing OPT_MUXTREE pass (detect dead branches in mux trees).
Running muxtree optimizer on module \ulx3s_minimal_top..
  Creating internal representation of mux trees.
  Evaluating internal representation of mux trees.
  Analyzing evaluation results.
Removed 0 multiplexer ports.
<suppressed ~1047 debug messages>

12.14.4. Executing OPT_REDUCE pass (consolidate $*mux and $reduce_* inputs).
  Optimizing cells in module \ulx3s_minimal_top.
Performed a total of 0 changes.

12.14.5. Executing OPT_MERGE pass (detect identical cells).
Finding identical cells in module `\ulx3s_minimal_top'.
Computing hashes of 1135 cells of `\ulx3s_minimal_top'.
Finding duplicate cells in `\ulx3s_minimal_top'.
Removed a total of 0 cells.

12.14.6. Executing OPT_DFF pass (perform DFF optimizations).
Adding SRST signal on $procdff$1986 ($dff) from module ulx3s_minimal_top (D = $and$../../out/ulx3s_minimal/verilog/ulx3s_minimal_top.sv:160$268_Y, Q = \uo_out_val_activeSoc, rval = 1'0).
Adding SRST signal on $procdff$1985 ($dff) from module ulx3s_minimal_top (D = $and$../../out/ulx3s_minimal/verilog/ulx3s_minimal_top.sv:155$264_Y, Q = \uo_out_val_activeMem, rval = 1'0).
Adding EN signal on $procdff$1984 ($dff) from module ulx3s_minimal_top (D = $ternary$../../out/ulx3s_minimal/verilog/ulx3s_minimal_top.sv:167$279_Y, Q = \uo_out_val_socRespData).
Adding SRST signal on $auto$ff.cc:337:slice$2092 ($dffe) from module ulx3s_minimal_top (D = { $ternary$../../out/ulx3s_minimal/verilog/ulx3s_minimal_top.sv:169$278_Y [6] $ternary$../../out/ulx3s_minimal/verilog/ulx3s_minimal_top.sv:169$278_Y [0] }, Q = { \uo_out_val_socRespData [6] \uo_out_val_socRespData [0] }, rval = 2'00).
Adding SRST signal on $auto$ff.cc:337:slice$2092 ($dffe) from module ulx3s_minimal_top (D = { $ternary$../../out/ulx3s_minimal/verilog/ulx3s_minimal_top.sv:175$275_Y [12:8] $ternary$../../out/ulx3s_minimal/verilog/ulx3s_minimal_top.sv:175$275_Y [5:1] }, Q = { \uo_out_val_socRespData [12:8] \uo_out_val_socRespData [5:1] }, rval = 10'0000000000).
Adding SRST signal on $auto$ff.cc:337:slice$2092 ($dffe) from module ulx3s_minimal_top (D = $ternary$../../out/ulx3s_minimal/verilog/ulx3s_minimal_top.sv:177$274_Y [31:13], Q = \uo_out_val_socRespData [31:13], rval = 19'0000000000000000000).
Adding SRST signal on $auto$ff.cc:337:slice$2092 ($dffe) from module ulx3s_minimal_top (D = $ternary$../../out/ulx3s_minimal/verilog/ulx3s_minimal_top.sv:171$277_Y [7], Q = \uo_out_val_socRespData [7], rval = 1'0).
Adding SRST signal on $procdff$1983 ($dff) from module ulx3s_minimal_top (D = $and$../../out/ulx3s_minimal/verilog/ulx3s_minimal_top.sv:153$259_Y, Q = \uo_out_val_socRespPending, rval = 1'0).
Adding SRST signal on $procdff$1982 ($dff) from module ulx3s_minimal_top (D = $procmux$1857_Y, Q = \uo_out_val_debug_baud_divider, rval = 13'0000011011001).
Adding EN signal on $auto$ff.cc:337:slice$2104 ($sdff) from module ulx3s_minimal_top (D = \_uo_out_val_mem_io_instr_cpu_io_data_req_bits_data [12:0], Q = \uo_out_val_debug_baud_divider).
Adding SRST signal on $procdff$1981 ($dff) from module ulx3s_minimal_top (D = $procmux$1863_Y, Q = \uo_out_val_time_limit, rval = 5'00101).
Adding EN signal on $auto$ff.cc:337:slice$2106 ($sdff) from module ulx3s_minimal_top (D = \_uo_out_val_mem_io_instr_cpu_io_data_req_bits_data [6:2], Q = \uo_out_val_time_limit).
Adding SRST signal on $procdff$1980 ($dff) from module ulx3s_minimal_top (D = $procmux$1868_Y [0], Q = \uo_out_val_gpio_out_sel [0], rval = 1'0).
Adding EN signal on $procdff$1980 ($dff) from module ulx3s_minimal_top (D = $0\uo_out_val_gpio_out_sel[1:0] [1], Q = \uo_out_val_gpio_out_sel [1]).
Adding EN signal on $auto$ff.cc:337:slice$2108 ($sdff) from module ulx3s_minimal_top (D = \_uo_out_val_mem_io_instr_cpu_io_data_req_bits_data [6], Q = \uo_out_val_gpio_out_sel [0]).
Adding EN signal on $flatten\uo_out_val_mem_io_instr_cpu.\regFile.$procdff$1923 ($dff) from module ulx3s_minimal_top (D = \uo_out_val_mem_io_instr_cpu.regFile.io_wData, Q = \uo_out_val_mem_io_instr_cpu.regFile.regs_31).
Adding EN signal on $flatten\uo_out_val_mem_io_instr_cpu.\regFile.$procdff$1922 ($dff) from module ulx3s_minimal_top (D = \uo_out_val_mem_io_instr_cpu.regFile.io_wData, Q = \uo_out_val_mem_io_instr_cpu.regFile.regs_30).
Adding EN signal on $flatten\uo_out_val_mem_io_instr_cpu.\regFile.$procdff$1921 ($dff) from module ulx3s_minimal_top (D = \uo_out_val_mem_io_instr_cpu.regFile.io_wData, Q = \uo_out_val_mem_io_instr_cpu.regFile.regs_29).
Adding EN signal on $flatten\uo_out_val_mem_io_instr_cpu.\regFile.$procdff$1920 ($dff) from module ulx3s_minimal_top (D = \uo_out_val_mem_io_instr_cpu.regFile.io_wData, Q = \uo_out_val_mem_io_instr_cpu.regFile.regs_28).
Adding EN signal on $flatten\uo_out_val_mem_io_instr_cpu.\regFile.$procdff$1919 ($dff) from module ulx3s_minimal_top (D = \uo_out_val_mem_io_instr_cpu.regFile.io_wData, Q = \uo_out_val_mem_io_instr_cpu.regFile.regs_27).
Adding EN signal on $flatten\uo_out_val_mem_io_instr_cpu.\regFile.$procdff$1918 ($dff) from module ulx3s_minimal_top (D = \uo_out_val_mem_io_instr_cpu.regFile.io_wData, Q = \uo_out_val_mem_io_instr_cpu.regFile.regs_26).
Adding EN signal on $flatten\uo_out_val_mem_io_instr_cpu.\regFile.$procdff$1917 ($dff) from module ulx3s_minimal_top (D = \uo_out_val_mem_io_instr_cpu.regFile.io_wData, Q = \uo_out_val_mem_io_instr_cpu.regFile.regs_25).
Adding EN signal on $flatten\uo_out_val_mem_io_instr_cpu.\regFile.$procdff$1916 ($dff) from module ulx3s_minimal_top (D = \uo_out_val_mem_io_instr_cpu.regFile.io_wData, Q = \uo_out_val_mem_io_instr_cpu.regFile.regs_24).
Adding EN signal on $flatten\uo_out_val_mem_io_instr_cpu.\regFile.$procdff$1915 ($dff) from module ulx3s_minimal_top (D = \uo_out_val_mem_io_instr_cpu.regFile.io_wData, Q = \uo_out_val_mem_io_instr_cpu.regFile.regs_23).
Adding EN signal on $flatten\uo_out_val_mem_io_instr_cpu.\regFile.$procdff$1914 ($dff) from module ulx3s_minimal_top (D = \uo_out_val_mem_io_instr_cpu.regFile.io_wData, Q = \uo_out_val_mem_io_instr_cpu.regFile.regs_22).
Adding EN signal on $flatten\uo_out_val_mem_io_instr_cpu.\regFile.$procdff$1913 ($dff) from module ulx3s_minimal_top (D = \uo_out_val_mem_io_instr_cpu.regFile.io_wData, Q = \uo_out_val_mem_io_instr_cpu.regFile.regs_21).
Adding EN signal on $flatten\uo_out_val_mem_io_instr_cpu.\regFile.$procdff$1912 ($dff) from module ulx3s_minimal_top (D = \uo_out_val_mem_io_instr_cpu.regFile.io_wData, Q = \uo_out_val_mem_io_instr_cpu.regFile.regs_20).
Adding EN signal on $flatten\uo_out_val_mem_io_instr_cpu.\regFile.$procdff$1911 ($dff) from module ulx3s_minimal_top (D = \uo_out_val_mem_io_instr_cpu.regFile.io_wData, Q = \uo_out_val_mem_io_instr_cpu.regFile.regs_19).
Adding EN signal on $flatten\uo_out_val_mem_io_instr_cpu.\regFile.$procdff$1910 ($dff) from module ulx3s_minimal_top (D = \uo_out_val_mem_io_instr_cpu.regFile.io_wData, Q = \uo_out_val_mem_io_instr_cpu.regFile.regs_18).
Adding EN signal on $flatten\uo_out_val_mem_io_instr_cpu.\regFile.$procdff$1909 ($dff) from module ulx3s_minimal_top (D = \uo_out_val_mem_io_instr_cpu.regFile.io_wData, Q = \uo_out_val_mem_io_instr_cpu.regFile.regs_17).
Adding EN signal on $flatten\uo_out_val_mem_io_instr_cpu.\regFile.$procdff$1908 ($dff) from module ulx3s_minimal_top (D = \uo_out_val_mem_io_instr_cpu.regFile.io_wData, Q = \uo_out_val_mem_io_instr_cpu.regFile.regs_16).
Adding EN signal on $flatten\uo_out_val_mem_io_instr_cpu.\regFile.$procdff$1907 ($dff) from module ulx3s_minimal_top (D = \uo_out_val_mem_io_instr_cpu.regFile.io_wData, Q = \uo_out_val_mem_io_instr_cpu.regFile.regs_15).
Adding EN signal on $flatten\uo_out_val_mem_io_instr_cpu.\regFile.$procdff$1906 ($dff) from module ulx3s_minimal_top (D = \uo_out_val_mem_io_instr_cpu.regFile.io_wData, Q = \uo_out_val_mem_io_instr_cpu.regFile.regs_14).
Adding EN signal on $flatten\uo_out_val_mem_io_instr_cpu.\regFile.$procdff$1905 ($dff) from module ulx3s_minimal_top (D = \uo_out_val_mem_io_instr_cpu.regFile.io_wData, Q = \uo_out_val_mem_io_instr_cpu.regFile.regs_13).
Adding EN signal on $flatten\uo_out_val_mem_io_instr_cpu.\regFile.$procdff$1904 ($dff) from module ulx3s_minimal_top (D = \uo_out_val_mem_io_instr_cpu.regFile.io_wData, Q = \uo_out_val_mem_io_instr_cpu.regFile.regs_12).
Adding EN signal on $flatten\uo_out_val_mem_io_instr_cpu.\regFile.$procdff$1903 ($dff) from module ulx3s_minimal_top (D = \uo_out_val_mem_io_instr_cpu.regFile.io_wData, Q = \uo_out_val_mem_io_instr_cpu.regFile.regs_11).
Adding EN signal on $flatten\uo_out_val_mem_io_instr_cpu.\regFile.$procdff$1902 ($dff) from module ulx3s_minimal_top (D = \uo_out_val_mem_io_instr_cpu.regFile.io_wData, Q = \uo_out_val_mem_io_instr_cpu.regFile.regs_10).
Adding EN signal on $flatten\uo_out_val_mem_io_instr_cpu.\regFile.$procdff$1901 ($dff) from module ulx3s_minimal_top (D = \uo_out_val_mem_io_instr_cpu.regFile.io_wData, Q = \uo_out_val_mem_io_instr_cpu.regFile.regs_9).
Adding EN signal on $flatten\uo_out_val_mem_io_instr_cpu.\regFile.$procdff$1900 ($dff) from module ulx3s_minimal_top (D = \uo_out_val_mem_io_instr_cpu.regFile.io_wData, Q = \uo_out_val_mem_io_instr_cpu.regFile.regs_8).
Adding EN signal on $flatten\uo_out_val_mem_io_instr_cpu.\regFile.$procdff$1899 ($dff) from module ulx3s_minimal_top (D = \uo_out_val_mem_io_instr_cpu.regFile.io_wData, Q = \uo_out_val_mem_io_instr_cpu.regFile.regs_7).
Adding EN signal on $flatten\uo_out_val_mem_io_instr_cpu.\regFile.$procdff$1898 ($dff) from module ulx3s_minimal_top (D = \uo_out_val_mem_io_instr_cpu.regFile.io_wData, Q = \uo_out_val_mem_io_instr_cpu.regFile.regs_6).
Adding EN signal on $flatten\uo_out_val_mem_io_instr_cpu.\regFile.$procdff$1897 ($dff) from module ulx3s_minimal_top (D = \uo_out_val_mem_io_instr_cpu.regFile.io_wData, Q = \uo_out_val_mem_io_instr_cpu.regFile.regs_5).
Adding EN signal on $flatten\uo_out_val_mem_io_instr_cpu.\regFile.$procdff$1896 ($dff) from module ulx3s_minimal_top (D = \uo_out_val_mem_io_instr_cpu.regFile.io_wData, Q = \uo_out_val_mem_io_instr_cpu.regFile.regs_4).
Adding EN signal on $flatten\uo_out_val_mem_io_instr_cpu.\regFile.$procdff$1895 ($dff) from module ulx3s_minimal_top (D = \uo_out_val_mem_io_instr_cpu.regFile.io_wData, Q = \uo_out_val_mem_io_instr_cpu.regFile.regs_3).
Adding EN signal on $flatten\uo_out_val_mem_io_instr_cpu.\regFile.$procdff$1894 ($dff) from module ulx3s_minimal_top (D = \uo_out_val_mem_io_instr_cpu.regFile.io_wData, Q = \uo_out_val_mem_io_instr_cpu.regFile.regs_2).
Adding EN signal on $flatten\uo_out_val_mem_io_instr_cpu.\regFile.$procdff$1893 ($dff) from module ulx3s_minimal_top (D = \uo_out_val_mem_io_instr_cpu.regFile.io_wData, Q = \uo_out_val_mem_io_instr_cpu.regFile.regs_1).
Adding EN signal on $flatten\uo_out_val_mem_io_instr_cpu.$procdff$1967 ($dff) from module ulx3s_minimal_top (D = \uo_out_val_mem_io_instr_cpu.d_isLoad, Q = \uo_out_val_mem_io_instr_cpu.isLoadOp).
Adding EN signal on $flatten\uo_out_val_mem_io_instr_cpu.$procdff$1966 ($dff) from module ulx3s_minimal_top (D = \uo_out_val_mem_io_instr_cpu.instr [11:7], Q = \uo_out_val_mem_io_instr_cpu.loadRd).
Adding EN signal on $flatten\uo_out_val_mem_io_instr_cpu.$procdff$1965 ($dff) from module ulx3s_minimal_top (D = \uo_out_val_mem_io_instr_cpu.instr [14:12], Q = \uo_out_val_mem_io_instr_cpu.loadFunct3).
Adding SRST signal on $flatten\uo_out_val_mem_io_instr_cpu.$procdff$1964 ($dff) from module ulx3s_minimal_top (D = $flatten\uo_out_val_mem_io_instr_cpu.$procmux$1611_Y, Q = \uo_out_val_mem_io_instr_cpu.instr, rval = 0).
Adding EN signal on $auto$ff.cc:337:slice$2148 ($sdff) from module ulx3s_minimal_top (D = { \uo_out_val_mem.halfwordHi \uo_out_val_mem.halfwordLo }, Q = \uo_out_val_mem_io_instr_cpu.instr).
Adding SRST signal on $flatten\uo_out_val_mem_io_instr_cpu.$procdff$1963 ($dff) from module ulx3s_minimal_top (D = $flatten\uo_out_val_mem_io_instr_cpu.$procmux$1617_Y, Q = \uo_out_val_mem_io_instr_cpu.pc, rval = 0).
Adding EN signal on $auto$ff.cc:337:slice$2150 ($sdff) from module ulx3s_minimal_top (D = $flatten\uo_out_val_mem_io_instr_cpu.$ternary$../../out/ulx3s_minimal/verilog/Hutt.sv:156$496_Y, Q = \uo_out_val_mem_io_instr_cpu.pc).
Adding SRST signal on $flatten\uo_out_val_mem.$procdff$1961 ($dff) from module ulx3s_minimal_top (D = $flatten\uo_out_val_mem.$and$../../out/ulx3s_minimal/verilog/MemoryController.sv:177$666_Y, Q = \uo_out_val_mem.data_stall, rval = 1'0).
Adding SRST signal on $flatten\uo_out_val_mem.$procdff$1960 ($dff) from module ulx3s_minimal_top (D = $flatten\uo_out_val_mem.$and$../../out/ulx3s_minimal/verilog/MemoryController.sv:176$662_Y, Q = \uo_out_val_mem.continue_txn, rval = 1'0).
Adding SRST signal on $flatten\uo_out_val_mem.$procdff$1959 ($dff) from module ulx3s_minimal_top (D = $flatten\uo_out_val_mem.$procmux$1502_Y, Q = \uo_out_val_mem.data_txn_len, rval = 2'11).
Adding EN signal on $auto$ff.cc:337:slice$2154 ($sdff) from module ulx3s_minimal_top (D = { \uo_out_val_mem._data_txn_len_T_1 $flatten\uo_out_val_mem.$or$../../out/ulx3s_minimal/verilog/MemoryController.sv:175$659_Y }, Q = \uo_out_val_mem.data_txn_len).
Adding SRST signal on $flatten\uo_out_val_mem.$procdff$1958 ($dff) from module ulx3s_minimal_top (D = $flatten\uo_out_val_mem.$procmux$1507_Y, Q = \uo_out_val_mem.byte_idx, rval = 2'00).
Adding EN signal on $auto$ff.cc:337:slice$2156 ($sdff) from module ulx3s_minimal_top (D = $flatten\uo_out_val_mem.$ternary$../../out/ulx3s_minimal/verilog/MemoryController.sv:172$656_Y, Q = \uo_out_val_mem.byte_idx).
Adding SRST signal on $flatten\uo_out_val_mem.$procdff$1957 ($dff) from module ulx3s_minimal_top (D = $flatten\uo_out_val_mem.$procmux$1520_Y, Q = \uo_out_val_mem.data_buf_3, rval = 8'00000000).
Adding EN signal on $auto$ff.cc:337:slice$2162 ($sdff) from module ulx3s_minimal_top (D = $flatten\uo_out_val_mem.$procmux$1520_Y, Q = \uo_out_val_mem.data_buf_3).
Adding SRST signal on $flatten\uo_out_val_mem.$procdff$1956 ($dff) from module ulx3s_minimal_top (D = $flatten\uo_out_val_mem.$procmux$1530_Y, Q = \uo_out_val_mem.data_buf_2, rval = 8'00000000).
Adding EN signal on $auto$ff.cc:337:slice$2170 ($sdff) from module ulx3s_minimal_top (D = $flatten\uo_out_val_mem.$procmux$1530_Y, Q = \uo_out_val_mem.data_buf_2).
Adding SRST signal on $flatten\uo_out_val_mem.$procdff$1955 ($dff) from module ulx3s_minimal_top (D = $flatten\uo_out_val_mem.$procmux$1540_Y, Q = \uo_out_val_mem.data_buf_1, rval = 8'00000000).
Adding EN signal on $auto$ff.cc:337:slice$2178 ($sdff) from module ulx3s_minimal_top (D = $flatten\uo_out_val_mem.$procmux$1540_Y, Q = \uo_out_val_mem.data_buf_1).
Adding SRST signal on $flatten\uo_out_val_mem.$procdff$1954 ($dff) from module ulx3s_minimal_top (D = $flatten\uo_out_val_mem.$procmux$1550_Y, Q = \uo_out_val_mem.data_buf_0, rval = 8'00000000).
Adding EN signal on $auto$ff.cc:337:slice$2186 ($sdff) from module ulx3s_minimal_top (D = $flatten\uo_out_val_mem.$procmux$1550_Y, Q = \uo_out_val_mem.data_buf_0).
Adding SRST signal on $flatten\uo_out_val_mem.$procdff$1953 ($dff) from module ulx3s_minimal_top (D = $flatten\uo_out_val_mem.$and$../../out/ulx3s_minimal/verilog/MemoryController.sv:152$642_Y, Q = \uo_out_val_mem.be_write_done, rval = 1'0).
Adding SRST signal on $flatten\uo_out_val_mem.$procdff$1952 ($dff) from module ulx3s_minimal_top (D = \uo_out_val_mem.start_instr, Q = \uo_out_val_mem.started, rval = 1'0).
Adding SRST signal on $flatten\uo_out_val_mem.$procdff$1951 ($dff) from module ulx3s_minimal_top (D = $flatten\uo_out_val_mem.$and$../../out/ulx3s_minimal/verilog/MemoryController.sv:150$641_Y, Q = \uo_out_val_mem.gpu_write_active, rval = 1'0).
Adding SRST signal on $flatten\uo_out_val_mem.$procdff$1950 ($dff) from module ulx3s_minimal_top (D = $flatten\uo_out_val_mem.$and$../../out/ulx3s_minimal/verilog/MemoryController.sv:149$638_Y, Q = \uo_out_val_mem.gpu_active, rval = 1'0).
Adding SRST signal on $flatten\uo_out_val_mem.$procdff$1949 ($dff) from module ulx3s_minimal_top (D = $flatten\uo_out_val_mem.$and$../../out/ulx3s_minimal/verilog/MemoryController.sv:148$635_Y, Q = \uo_out_val_mem.instr_active, rval = 1'0).
Adding EN signal on $flatten\uo_out_val_mem.$procdff$1948 ($dff) from module ulx3s_minimal_top (D = $flatten\uo_out_val_mem.$ternary$../../out/ulx3s_minimal/verilog/MemoryController.sv:194$675_Y, Q = \uo_out_val_mem.resultR).
Adding EN signal on $flatten\uo_out_val_mem.$procdff$1947 ($dff) from module ulx3s_minimal_top (D = { \uo_out_val_mem.io_cpuData_req_bits_data [31:13] \_uo_out_val_mem_io_instr_cpu_io_data_req_bits_data [12:0] }, Q = \uo_out_val_mem.dataR).
Adding EN signal on $flatten\uo_out_val_mem.$procdff$1946 ($dff) from module ulx3s_minimal_top (D = \_uo_out_val_mem_io_instr_cpu_io_data_req_bits_addr [24:0], Q = \uo_out_val_mem.addrR).
Adding EN signal on $flatten\uo_out_val_mem.$procdff$1945 ($dff) from module ulx3s_minimal_top (D = \uo_out_val_mem_io_instr_cpu.instr [13:12], Q = \uo_out_val_mem.sizeR).
Adding EN signal on $flatten\uo_out_val_mem.$procdff$1944 ($dff) from module ulx3s_minimal_top (D = $flatten\uo_out_val_mem.$not$../../out/ulx3s_minimal/verilog/MemoryController.sv:187$670_Y, Q = \uo_out_val_mem.isReadR).
Adding EN signal on $flatten\uo_out_val_mem.$procdff$1941 ($dff) from module ulx3s_minimal_top (D = { \uo_out_val_mem.io_backend_dataOut \uo_out_val_mem.data_buf_0 }, Q = \uo_out_val_mem.halfwordHi).
Adding EN signal on $flatten\uo_out_val_mem.$procdff$1940 ($dff) from module ulx3s_minimal_top (D = { \uo_out_val_mem.io_backend_dataOut \uo_out_val_mem.data_buf_0 }, Q = \uo_out_val_mem.halfwordLo).
Adding EN signal on $flatten\uo_out_val_mem.$procdff$1939 ($dff) from module ulx3s_minimal_top (D = { \uo_out_val_mem_io_instr_cpu.pc [23:2] 1'0 }, Q = \uo_out_val_mem.halfAddrReg).
Adding SRST signal on $flatten\uo_out_val_mem.$procdff$1938 ($dff) from module ulx3s_minimal_top (D = $flatten\uo_out_val_mem.$procmux$1588_Y, Q = \uo_out_val_mem.state, rval = 2'00).
Adding EN signal on $auto$ff.cc:337:slice$2207 ($sdff) from module ulx3s_minimal_top (D = $flatten\uo_out_val_mem.$procmux$1588_Y, Q = \uo_out_val_mem.state).
Adding SRST signal on $flatten\uo_out_val_debug_uart_tx_busy_uartTx.$procdff$1971 ($dff) from module ulx3s_minimal_top (D = $flatten\uo_out_val_debug_uart_tx_busy_uartTx.$procmux$1683_Y [0], Q = \uo_out_val_debug_uart_tx_busy_uartTx.fsm_state [0], rval = 1'0).
Adding SRST signal on $flatten\uo_out_val_debug_uart_tx_busy_uartTx.$procdff$1971 ($dff) from module ulx3s_minimal_top (D = $flatten\uo_out_val_debug_uart_tx_busy_uartTx.$procmux$1680_Y [3:1], Q = \uo_out_val_debug_uart_tx_busy_uartTx.fsm_state [3:1], rval = 3'000).
Adding EN signal on $auto$ff.cc:337:slice$2216 ($sdff) from module ulx3s_minimal_top (D = $flatten\uo_out_val_debug_uart_tx_busy_uartTx.$ternary$../../out/ulx3s_minimal/verilog/uart_tx.sv:39$433_Y [3:1], Q = \uo_out_val_debug_uart_tx_busy_uartTx.fsm_state [3:1]).
Adding EN signal on $auto$ff.cc:337:slice$2215 ($sdff) from module ulx3s_minimal_top (D = $flatten\uo_out_val_debug_uart_tx_busy_uartTx.$procmux$1683_Y [0], Q = \uo_out_val_debug_uart_tx_busy_uartTx.fsm_state [0]).
Adding SRST signal on $flatten\uo_out_val_debug_uart_tx_busy_uartTx.$procdff$1970 ($dff) from module ulx3s_minimal_top (D = $flatten\uo_out_val_debug_uart_tx_busy_uartTx.$procmux$1688_Y, Q = \uo_out_val_debug_uart_tx_busy_uartTx.cycle_counter, rval = 13'0000000000000).
Adding EN signal on $auto$ff.cc:337:slice$2225 ($sdff) from module ulx3s_minimal_top (D = $flatten\uo_out_val_debug_uart_tx_busy_uartTx.$add$../../out/ulx3s_minimal/verilog/uart_tx.sv:35$430_Y, Q = \uo_out_val_debug_uart_tx_busy_uartTx.cycle_counter).
Adding SRST signal on $flatten\uo_out_val_debug_uart_tx_busy_uartTx.$procdff$1969 ($dff) from module ulx3s_minimal_top (D = $flatten\uo_out_val_debug_uart_tx_busy_uartTx.$procmux$1699_Y, Q = \uo_out_val_debug_uart_tx_busy_uartTx.data_to_send, rval = 8'00000000).
Adding EN signal on $auto$ff.cc:337:slice$2231 ($sdff) from module ulx3s_minimal_top (D = $flatten\uo_out_val_debug_uart_tx_busy_uartTx.$procmux$1699_Y, Q = \uo_out_val_debug_uart_tx_busy_uartTx.data_to_send).
Adding SRST signal on $flatten\uo_out_val_debug_uart_tx_busy_uartTx.$procdff$1968 ($dff) from module ulx3s_minimal_top (D = $flatten\uo_out_val_debug_uart_tx_busy_uartTx.$and$../../out/ulx3s_minimal/verilog/uart_tx.sv:27$426_Y, Q = \uo_out_val_debug_uart_tx_busy_uartTx.txd_reg, rval = 1'1).
Adding SRST signal on $flatten\sdramBackend.\sdram.$procdff$1891 ($dff) from module ulx3s_minimal_top (D = \sdramBackend.sdram.casez_tmp_1, Q = \sdramBackend.sdram.sdrAb, rval = 13'0000000000000).
Adding EN signal on $auto$ff.cc:337:slice$2236 ($sdff) from module ulx3s_minimal_top (D = { \sdramBackend.sdram.casez_tmp_1 [12:11] \sdramBackend.sdram.casez_tmp_1 [9:0] }, Q = { \sdramBackend.sdram.sdrAb [12:11] \sdramBackend.sdram.sdrAb [9:0] }).
Adding EN signal on $auto$ff.cc:337:slice$2236 ($sdff) from module ulx3s_minimal_top (D = \sdramBackend.sdram.casez_tmp_1 [10], Q = \sdramBackend.sdram.sdrAb [10]).
Adding SRST signal on $flatten\sdramBackend.\sdram.$procdff$1890 ($dff) from module ulx3s_minimal_top (D = $flatten\sdramBackend.\sdram.$procmux$1037_Y, Q = \sdramBackend.sdram.sysDo, rval = 16'0000000000000000).
Adding EN signal on $auto$ff.cc:337:slice$2249 ($sdff) from module ulx3s_minimal_top (D = { \_bb_15_O \_bb_14_O \_bb_13_O \_bb_12_O \_bb_11_O \_bb_10_O \_bb_9_O \_bb_8_O \_bb_7_O \_bb_6_O \_bb_5_O \_bb_4_O \_bb_3_O \_bb_2_O \_bb_1_O \_bb_O }, Q = \sdramBackend.sdram.sysDo).
Adding SRST signal on $flatten\sdramBackend.\sdram.$procdff$1889 ($dff) from module ulx3s_minimal_top (D = $flatten\sdramBackend.\sdram.$procmux$1046_Y, Q = \sdramBackend.sdram.sysRdy, rval = 1'0).
Adding EN signal on $auto$ff.cc:337:slice$2251 ($sdff) from module ulx3s_minimal_top (D = $flatten\sdramBackend.\sdram.$procmux$1046_Y, Q = \sdramBackend.sdram.sysRdy).
Adding SRST signal on $flatten\sdramBackend.\sdram.$procdff$1888 ($dff) from module ulx3s_minimal_top (D = $flatten\sdramBackend.\sdram.$procmux$1052_Y, Q = \sdramBackend.sdram.sdrDqm, rval = 2'11).
Adding EN signal on $auto$ff.cc:337:slice$2255 ($sdff) from module ulx3s_minimal_top (D = 2'00, Q = \sdramBackend.sdram.sdrDqm).
Adding EN signal on $flatten\sdramBackend.\sdram.$procdff$1887 ($dff) from module ulx3s_minimal_top (D = \sdramBackend.sdram.ab [23:11], Q = \sdramBackend.sdram.opnrow_3).
Adding EN signal on $flatten\sdramBackend.\sdram.$procdff$1886 ($dff) from module ulx3s_minimal_top (D = \sdramBackend.sdram.ab [23:11], Q = \sdramBackend.sdram.opnrow_2).
Adding EN signal on $flatten\sdramBackend.\sdram.$procdff$1885 ($dff) from module ulx3s_minimal_top (D = \sdramBackend.sdram.ab [23:11], Q = \sdramBackend.sdram.opnrow_1).
Adding EN signal on $flatten\sdramBackend.\sdram.$procdff$1884 ($dff) from module ulx3s_minimal_top (D = \sdramBackend.sdram.ab [23:11], Q = \sdramBackend.sdram.opnrow_0).
Adding SRST signal on $flatten\sdramBackend.\sdram.$procdff$1883 ($dff) from module ulx3s_minimal_top (D = $flatten\sdramBackend.\sdram.$procmux$1076_Y, Q = \sdramBackend.sdram.open, rval = 4'0000).
Adding EN signal on $auto$ff.cc:337:slice$2261 ($sdff) from module ulx3s_minimal_top (D = $flatten\sdramBackend.\sdram.$procmux$1073_Y, Q = \sdramBackend.sdram.open).
Adding SRST signal on $flatten\sdramBackend.\sdram.$procdff$1882 ($dff) from module ulx3s_minimal_top (D = \sdramBackend.sdram.casez_tmp_2, Q = \sdramBackend.sdram.dly, rval = 7'0000000).
Adding SRST signal on $flatten\sdramBackend.\sdram.$procdff$1881 ($dff) from module ulx3s_minimal_top (D = $flatten\sdramBackend.\sdram.$add$../../out/ulx3s_minimal/verilog/SdramController.sv:216$994_Y, Q = \sdramBackend.sdram.ctr, rval = 16'0000000000000000).
Adding SRST signal on $flatten\sdramBackend.\sdram.$procdff$1880 ($dff) from module ulx3s_minimal_top (D = \sdramBackend.sdram.casez_tmp_3, Q = \sdramBackend.sdram.next, rval = 3'000).
Adding EN signal on $auto$ff.cc:337:slice$2273 ($sdff) from module ulx3s_minimal_top (D = \sdramBackend.sdram.casez_tmp_3, Q = \sdramBackend.sdram.next).
Adding SRST signal on $flatten\sdramBackend.\sdram.$procdff$1879 ($dff) from module ulx3s_minimal_top (D = \sdramBackend.sdram.casez_tmp_0, Q = \sdramBackend.sdram.sdrCmd, rval = 4'1000).
Adding SRST signal on $flatten\sdramBackend.\sdram.$procdff$1873 ($dff) from module ulx3s_minimal_top (D = \sdramBackend.sdram.casez_tmp_4, Q = \sdramBackend.sdram.state, rval = 3'000).
Adding SRST signal on $flatten\sdramBackend.$procdff$1979 ($dff) from module ulx3s_minimal_top (D = $flatten\sdramBackend.$procmux$1709_Y, Q = \sdramBackend.wrDelCtr, rval = 2'00).
Adding EN signal on $auto$ff.cc:337:slice$2279 ($sdff) from module ulx3s_minimal_top (D = $flatten\sdramBackend.$procmux$1707_Y, Q = \sdramBackend.wrDelCtr).
Adding SRST signal on $flatten\sdramBackend.$procdff$1978 ($dff) from module ulx3s_minimal_top (D = $flatten\sdramBackend.$procmux$1726_Y, Q = \sdramBackend.writeWord, rval = 16'0000000000000000).
Adding EN signal on $auto$ff.cc:337:slice$2287 ($sdff) from module ulx3s_minimal_top (D = $flatten\sdramBackend.$procmux$1726_Y, Q = \sdramBackend.writeWord).
Adding SRST signal on $flatten\sdramBackend.$procdff$1977 ($dff) from module ulx3s_minimal_top (D = $flatten\sdramBackend.$procmux$1735_Y, Q = \sdramBackend.readByteIdx, rval = 1'0).
Adding EN signal on $auto$ff.cc:337:slice$2297 ($sdff) from module ulx3s_minimal_top (D = $flatten\sdramBackend.$procmux$1735_Y, Q = \sdramBackend.readByteIdx).
Adding SRST signal on $flatten\sdramBackend.$procdff$1976 ($dff) from module ulx3s_minimal_top (D = $flatten\sdramBackend.$procmux$1741_Y, Q = \sdramBackend.readWord, rval = 16'0000000000000000).
Adding EN signal on $auto$ff.cc:337:slice$2301 ($sdff) from module ulx3s_minimal_top (D = \sdramBackend.sdram.sysDo, Q = \sdramBackend.readWord).
Adding SRST signal on $flatten\sdramBackend.$procdff$1975 ($dff) from module ulx3s_minimal_top (D = $flatten\sdramBackend.$procmux$1752_Y, Q = \sdramBackend.lane0, rval = 1'0).
Adding EN signal on $auto$ff.cc:337:slice$2303 ($sdff) from module ulx3s_minimal_top (D = $flatten\sdramBackend.$procmux$1750_Y, Q = \sdramBackend.lane0).
Adding SRST signal on $flatten\sdramBackend.$procdff$1974 ($dff) from module ulx3s_minimal_top (D = $flatten\sdramBackend.$procmux$1771_Y, Q = \sdramBackend.byteAddr, rval = 25'0000000000000000000000000).
Adding EN signal on $auto$ff.cc:337:slice$2309 ($sdff) from module ulx3s_minimal_top (D = $flatten\sdramBackend.$procmux$1771_Y, Q = \sdramBackend.byteAddr).
Adding SRST signal on $flatten\sdramBackend.$procdff$1973 ($dff) from module ulx3s_minimal_top (D = $flatten\sdramBackend.$procmux$1786_Y, Q = \sdramBackend.rdDelCtr, rval = 2'00).
Adding EN signal on $auto$ff.cc:337:slice$2321 ($sdff) from module ulx3s_minimal_top (D = $flatten\sdramBackend.$procmux$1786_Y, Q = \sdramBackend.rdDelCtr).
Adding SRST signal on $flatten\sdramBackend.$procdff$1972 ($dff) from module ulx3s_minimal_top (D = $flatten\sdramBackend.$procmux$1840_Y, Q = \sdramBackend.state, rval = 4'0000).
Adding EN signal on $auto$ff.cc:337:slice$2329 ($sdff) from module ulx3s_minimal_top (D = $flatten\sdramBackend.$procmux$1840_Y, Q = \sdramBackend.state).
Adding SRST signal on $flatten\flashBoot.$procdff$1937 ($dff) from module ulx3s_minimal_top (D = $flatten\flashBoot.$procmux$1292_Y, Q = \flashBoot.buf1, rval = 8'00000000).
Adding EN signal on $auto$ff.cc:337:slice$2345 ($sdff) from module ulx3s_minimal_top (D = $flatten\flashBoot.$procmux$1290_Y, Q = \flashBoot.buf1).
Adding SRST signal on $flatten\flashBoot.$procdff$1936 ($dff) from module ulx3s_minimal_top (D = $flatten\flashBoot.$procmux$1298_Y, Q = \flashBoot.buf0, rval = 8'00000000).
Adding EN signal on $auto$ff.cc:337:slice$2355 ($sdff) from module ulx3s_minimal_top (D = \flashBoot.shiftIn, Q = \flashBoot.buf0).
Adding SRST signal on $flatten\flashBoot.$procdff$1935 ($dff) from module ulx3s_minimal_top (D = $flatten\flashBoot.$procmux$1311_Y, Q = \flashBoot.sdramAddr, rval = 25'0000000000000000000000000).
Adding EN signal on $auto$ff.cc:337:slice$2357 ($sdff) from module ulx3s_minimal_top (D = $flatten\flashBoot.$procmux$1309_Y, Q = \flashBoot.sdramAddr).
Adding SRST signal on $flatten\flashBoot.$procdff$1934 ($dff) from module ulx3s_minimal_top (D = $flatten\flashBoot.$procmux$1324_Y, Q = \flashBoot.byteCtr, rval = 0).
Adding EN signal on $auto$ff.cc:337:slice$2367 ($sdff) from module ulx3s_minimal_top (D = $flatten\flashBoot.$procmux$1322_Y, Q = \flashBoot.byteCtr).
Adding SRST signal on $flatten\flashBoot.$procdff$1933 ($dff) from module ulx3s_minimal_top (D = $flatten\flashBoot.$procmux$1334_Y, Q = \flashBoot.firmSize, rval = 0).
Adding EN signal on $auto$ff.cc:337:slice$2377 ($sdff) from module ulx3s_minimal_top (D = $flatten\flashBoot.$procmux$1332_Y, Q = \flashBoot.firmSize).
Adding SRST signal on $flatten\flashBoot.$procdff$1932 ($dff) from module ulx3s_minimal_top (D = $flatten\flashBoot.$procmux$1346_Y, Q = \flashBoot.sizeCtr, rval = 2'00).
Adding EN signal on $auto$ff.cc:337:slice$2385 ($sdff) from module ulx3s_minimal_top (D = $flatten\flashBoot.$procmux$1344_Y, Q = \flashBoot.sizeCtr).
Adding SRST signal on $flatten\flashBoot.$procdff$1931 ($dff) from module ulx3s_minimal_top (D = $flatten\flashBoot.$procmux$1368_Y, Q = \flashBoot.initCtr, rval = 15'000000000000000).
Adding EN signal on $auto$ff.cc:337:slice$2395 ($sdff) from module ulx3s_minimal_top (D = $flatten\flashBoot.$procmux$1368_Y, Q = \flashBoot.initCtr).
Adding SRST signal on $flatten\flashBoot.$procdff$1930 ($dff) from module ulx3s_minimal_top (D = $flatten\flashBoot.$procmux$1397_Y, Q = \flashBoot.bitCtr, rval = 3'000).
Adding SRST signal on $flatten\flashBoot.$procdff$1929 ($dff) from module ulx3s_minimal_top (D = $flatten\flashBoot.$procmux$1402_Y, Q = \flashBoot.shiftIn, rval = 8'00000000).
Adding EN signal on $auto$ff.cc:337:slice$2400 ($sdff) from module ulx3s_minimal_top (D = { \flashBoot.shiftIn [6:0] \flash_miso }, Q = \flashBoot.shiftIn).
Adding SRST signal on $flatten\flashBoot.$procdff$1928 ($dff) from module ulx3s_minimal_top (D = $flatten\flashBoot.$procmux$1459_Y, Q = \flashBoot.shiftOut, rval = 8'00000000).
Adding SRST signal on $flatten\flashBoot.$procdff$1927 ($dff) from module ulx3s_minimal_top (D = $flatten\flashBoot.$and$../../out/ulx3s_minimal/verilog/FlashBootLoader.sv:140$776_Y, Q = \flashBoot.spiClkReg, rval = 1'0).
Adding SRST signal on $flatten\flashBoot.$procdff$1926 ($dff) from module ulx3s_minimal_top (D = $flatten\flashBoot.$add$../../out/ulx3s_minimal/verilog/FlashBootLoader.sv:139$772_Y, Q = \flashBoot.clkDiv, rval = 5'00000).
Adding SRST signal on $flatten\flashBoot.$procdff$1925 ($dff) from module ulx3s_minimal_top (D = $flatten\flashBoot.$ternary$../../out/ulx3s_minimal/verilog/FlashBootLoader.sv:128$771_Y, Q = \flashBoot.csnReg, rval = 1'1).
Adding SRST signal on $flatten\flashBoot.$procdff$1924 ($dff) from module ulx3s_minimal_top (D = \flashBoot.casez_tmp, Q = \flashBoot.state, rval = 4'0000).
Adding EN signal on $auto$ff.cc:337:slice$2410 ($sdff) from module ulx3s_minimal_top (D = \flashBoot.casez_tmp, Q = \flashBoot.state).
Setting constant 0-bit at position 0 on $auto$ff.cc:337:slice$2206 ($dffe) from module ulx3s_minimal_top.

12.14.7. Executing OPT_CLEAN pass (remove unused cells and wires).
Finding unused cells or wires in module \ulx3s_minimal_top..
Removed 130 unused cells and 138 unused wires.
<suppressed ~131 debug messages>

12.14.8. Executing OPT_EXPR pass (perform const folding).
Optimizing module ulx3s_minimal_top.
<suppressed ~18 debug messages>

12.14.9. Rerunning OPT passes. (Maybe there is more to do..)

12.14.10. Executing OPT_MUXTREE pass (detect dead branches in mux trees).
Running muxtree optimizer on module \ulx3s_minimal_top..
  Creating internal representation of mux trees.
  Evaluating internal representation of mux trees.
  Analyzing evaluation results.
Removed 0 multiplexer ports.
<suppressed ~335 debug messages>

12.14.11. Executing OPT_REDUCE pass (consolidate $*mux and $reduce_* inputs).
  Optimizing cells in module \ulx3s_minimal_top.
Performed a total of 0 changes.

12.14.12. Executing OPT_MERGE pass (detect identical cells).
Finding identical cells in module `\ulx3s_minimal_top'.
Computing hashes of 1110 cells of `\ulx3s_minimal_top'.
Finding duplicate cells in `\ulx3s_minimal_top'.
Computing hashes of 1095 cells of `\ulx3s_minimal_top'.
Finding duplicate cells in `\ulx3s_minimal_top'.
Computing hashes of 1094 cells of `\ulx3s_minimal_top'.
Finding duplicate cells in `\ulx3s_minimal_top'.
<suppressed ~48 debug messages>
Removed a total of 16 cells.

12.14.13. Executing OPT_DFF pass (perform DFF optimizations).

12.14.14. Executing OPT_CLEAN pass (remove unused cells and wires).
Finding unused cells or wires in module \ulx3s_minimal_top..
Removed 0 unused cells and 16 unused wires.
<suppressed ~1 debug messages>

12.14.15. Executing OPT_EXPR pass (perform const folding).
Optimizing module ulx3s_minimal_top.

12.14.16. Rerunning OPT passes. (Maybe there is more to do..)

12.14.17. Executing OPT_MUXTREE pass (detect dead branches in mux trees).
Running muxtree optimizer on module \ulx3s_minimal_top..
  Creating internal representation of mux trees.
  Evaluating internal representation of mux trees.
  Analyzing evaluation results.
Removed 0 multiplexer ports.
<suppressed ~335 debug messages>

12.14.18. Executing OPT_REDUCE pass (consolidate $*mux and $reduce_* inputs).
  Optimizing cells in module \ulx3s_minimal_top.
Performed a total of 0 changes.

12.14.19. Executing OPT_MERGE pass (detect identical cells).
Finding identical cells in module `\ulx3s_minimal_top'.
Computing hashes of 1094 cells of `\ulx3s_minimal_top'.
Finding duplicate cells in `\ulx3s_minimal_top'.
Removed a total of 0 cells.

12.14.20. Executing OPT_DFF pass (perform DFF optimizations).

12.14.21. Executing OPT_CLEAN pass (remove unused cells and wires).
Finding unused cells or wires in module \ulx3s_minimal_top..

12.14.22. Executing OPT_EXPR pass (perform const folding).
Optimizing module ulx3s_minimal_top.

12.14.23. Finished fast OPT passes. (There is nothing left to do.)

12.15. Executing WREDUCE pass (reducing word size of cells).
Removed top 1 bits (of 2) from port B of cell ulx3s_minimal_top.$auto$opt_dff.cc:235:make_patterns_logic$2435 ($ne).
Removed top 1 bits (of 2) from port B of cell ulx3s_minimal_top.$auto$opt_dff.cc:235:make_patterns_logic$2431 ($ne).
Removed top 1 bits (of 2) from port B of cell ulx3s_minimal_top.$auto$opt_dff.cc:235:make_patterns_logic$2427 ($ne).
Removed top 1 bits (of 2) from port B of cell ulx3s_minimal_top.$auto$opt_dff.cc:235:make_patterns_logic$2425 ($ne).
Removed top 1 bits (of 2) from port B of cell ulx3s_minimal_top.$auto$opt_dff.cc:235:make_patterns_logic$2423 ($ne).
Removed top 1 bits (of 2) from port B of cell ulx3s_minimal_top.$auto$opt_dff.cc:235:make_patterns_logic$2417 ($ne).
Removed top 1 bits (of 2) from port B of cell ulx3s_minimal_top.$auto$opt_dff.cc:235:make_patterns_logic$2415 ($ne).
Removed top 1 bits (of 2) from port B of cell ulx3s_minimal_top.$auto$opt_dff.cc:235:make_patterns_logic$2380 ($ne).
Removed top 1 bits (of 2) from port B of cell ulx3s_minimal_top.$auto$opt_dff.cc:235:make_patterns_logic$2360 ($ne).
Removed top 2 bits (of 3) from port B of cell ulx3s_minimal_top.$auto$opt_dff.cc:235:make_patterns_logic$2342 ($ne).
Removed top 5 bits (of 6) from port B of cell ulx3s_minimal_top.$auto$opt_dff.cc:235:make_patterns_logic$2340 ($ne).
Removed top 6 bits (of 8) from port B of cell ulx3s_minimal_top.$auto$opt_dff.cc:235:make_patterns_logic$2338 ($ne).
Removed top 2 bits (of 4) from port B of cell ulx3s_minimal_top.$auto$opt_dff.cc:235:make_patterns_logic$2334 ($ne).
Removed top 3 bits (of 5) from port B of cell ulx3s_minimal_top.$auto$opt_dff.cc:235:make_patterns_logic$2332 ($ne).
Removed top 1 bits (of 2) from port B of cell ulx3s_minimal_top.$auto$opt_dff.cc:235:make_patterns_logic$2326 ($ne).
Removed top 2 bits (of 3) from port B of cell ulx3s_minimal_top.$auto$opt_dff.cc:235:make_patterns_logic$2324 ($ne).
Removed top 1 bits (of 2) from port B of cell ulx3s_minimal_top.$auto$opt_dff.cc:235:make_patterns_logic$2318 ($ne).
Removed top 1 bits (of 3) from port B of cell ulx3s_minimal_top.$auto$opt_dff.cc:235:make_patterns_logic$2314 ($ne).
Removed top 2 bits (of 3) from port B of cell ulx3s_minimal_top.$auto$opt_dff.cc:235:make_patterns_logic$2312 ($ne).
Removed top 1 bits (of 2) from port B of cell ulx3s_minimal_top.$auto$opt_dff.cc:235:make_patterns_logic$2300 ($ne).
Removed top 1 bits (of 2) from port B of cell ulx3s_minimal_top.$auto$opt_dff.cc:235:make_patterns_logic$2294 ($ne).
Removed top 2 bits (of 3) from port B of cell ulx3s_minimal_top.$auto$opt_dff.cc:235:make_patterns_logic$2290 ($ne).
Removed top 1 bits (of 2) from port B of cell ulx3s_minimal_top.$auto$opt_dff.cc:235:make_patterns_logic$2112 ($ne).
Removed top 1 bits (of 2) from port B of cell ulx3s_minimal_top.$auto$fsm_map.cc:77:implement_pattern_cache$2082 ($eq).
Removed top 1 bits (of 2) from port B of cell ulx3s_minimal_top.$auto$fsm_map.cc:77:implement_pattern_cache$2077 ($eq).
Removed top 1 bits (of 2) from port B of cell ulx3s_minimal_top.$auto$fsm_map.cc:77:implement_pattern_cache$2064 ($eq).
Removed top 1 bits (of 2) from port B of cell ulx3s_minimal_top.$auto$fsm_map.cc:77:implement_pattern_cache$2055 ($eq).
Removed top 1 bits (of 2) from port B of cell ulx3s_minimal_top.$auto$fsm_map.cc:77:implement_pattern_cache$2047 ($eq).
Removed top 2 bits (of 3) from port B of cell ulx3s_minimal_top.$auto$fsm_map.cc:77:implement_pattern_cache$2036 ($eq).
Removed top 3 bits (of 4) from port B of cell ulx3s_minimal_top.$auto$fsm_map.cc:77:implement_pattern_cache$2027 ($eq).
Removed top 2 bits (of 4) from port B of cell ulx3s_minimal_top.$eq$../../out/ulx3s_minimal/verilog/ulx3s_minimal_top.sv:123$241 ($eq).
Removed top 2 bits (of 4) from port B of cell ulx3s_minimal_top.$eq$../../out/ulx3s_minimal/verilog/ulx3s_minimal_top.sv:169$269 ($eq).
Removed top 1 bits (of 4) from port B of cell ulx3s_minimal_top.$eq$../../out/ulx3s_minimal/verilog/ulx3s_minimal_top.sv:173$271 ($eq).
Removed top 25 bits (of 32) from mux cell ulx3s_minimal_top.$ternary$../../out/ulx3s_minimal/verilog/ulx3s_minimal_top.sv:169$278 ($mux).
Removed top 1 bits (of 4) from port B of cell ulx3s_minimal_top.$eq$../../out/ulx3s_minimal/verilog/ulx3s_minimal_top.sv:269$296 ($eq).
Removed top 23 bits (of 25) from port B of cell ulx3s_minimal_top.$flatten\flashBoot.$add$../../out/ulx3s_minimal/verilog/FlashBootLoader.sv:248$809 ($add).
Removed top 1 bits (of 2) from port B of cell ulx3s_minimal_top.$flatten\flashBoot.$add$../../out/ulx3s_minimal/verilog/FlashBootLoader.sv:232$795 ($add).
Removed top 14 bits (of 15) from port B of cell ulx3s_minimal_top.$flatten\flashBoot.$add$../../out/ulx3s_minimal/verilog/FlashBootLoader.sv:154$777 ($add).
Removed top 4 bits (of 5) from port B of cell ulx3s_minimal_top.$flatten\flashBoot.$add$../../out/ulx3s_minimal/verilog/FlashBootLoader.sv:139$772 ($add).
Removed top 2 bits (of 3) from port B of cell ulx3s_minimal_top.$flatten\flashBoot.$add$../../out/ulx3s_minimal/verilog/FlashBootLoader.sv:102$739 ($add).
Removed top 2 bits (of 5) from port B of cell ulx3s_minimal_top.$flatten\flashBoot.$eq$../../out/ulx3s_minimal/verilog/FlashBootLoader.sv:100$736 ($eq).
Removed top 31 bits (of 39) from port A of cell ulx3s_minimal_top.$flatten\flashBoot.$shl$../../out/ulx3s_minimal/verilog/FlashBootLoader.sv:99$735 ($shl).
Removed top 34 bits (of 39) from port B of cell ulx3s_minimal_top.$flatten\flashBoot.$shl$../../out/ulx3s_minimal/verilog/FlashBootLoader.sv:99$735 ($shl).
Removed top 7 bits (of 39) from port Y of cell ulx3s_minimal_top.$flatten\flashBoot.$shl$../../out/ulx3s_minimal/verilog/FlashBootLoader.sv:99$735 ($shl).
Removed top 1 bits (of 4) from mux cell ulx3s_minimal_top.$flatten\flashBoot.$ternary$../../out/ulx3s_minimal/verilog/FlashBootLoader.sv:85$731 ($mux).
Removed top 30 bits (of 32) from port B of cell ulx3s_minimal_top.$flatten\flashBoot.$add$../../out/ulx3s_minimal/verilog/FlashBootLoader.sv:58$717 ($add).
Removed top 31 bits (of 32) from port B of cell ulx3s_minimal_top.$flatten\flashBoot.$add$../../out/ulx3s_minimal/verilog/FlashBootLoader.sv:51$703 ($add).
Removed top 1 bits (of 4) from port B of cell ulx3s_minimal_top.$flatten\flashBoot.$eq$../../out/ulx3s_minimal/verilog/FlashBootLoader.sv:46$697 ($eq).
Removed top 1 bits (of 4) from port B of cell ulx3s_minimal_top.$flatten\flashBoot.$eq$../../out/ulx3s_minimal/verilog/FlashBootLoader.sv:45$696 ($eq).
Removed top 1 bits (of 4) from port B of cell ulx3s_minimal_top.$flatten\flashBoot.$eq$../../out/ulx3s_minimal/verilog/FlashBootLoader.sv:44$695 ($eq).
Removed top 3 bits (of 15) from port B of cell ulx3s_minimal_top.$flatten\flashBoot.$eq$../../out/ulx3s_minimal/verilog/FlashBootLoader.sv:43$694 ($eq).
Removed top 1 bits (of 4) from port B of cell ulx3s_minimal_top.$flatten\flashBoot.$eq$../../out/ulx3s_minimal/verilog/FlashBootLoader.sv:42$693 ($eq).
Removed top 2 bits (of 4) from port B of cell ulx3s_minimal_top.$flatten\flashBoot.$eq$../../out/ulx3s_minimal/verilog/FlashBootLoader.sv:41$692 ($eq).
Removed top 11 bits (of 15) from port B of cell ulx3s_minimal_top.$flatten\flashBoot.$eq$../../out/ulx3s_minimal/verilog/FlashBootLoader.sv:40$691 ($eq).
Removed top 2 bits (of 4) from port B of cell ulx3s_minimal_top.$flatten\flashBoot.$eq$../../out/ulx3s_minimal/verilog/FlashBootLoader.sv:39$690 ($eq).
Removed top 3 bits (of 4) from port B of cell ulx3s_minimal_top.$flatten\flashBoot.$eq$../../out/ulx3s_minimal/verilog/FlashBootLoader.sv:38$689 ($eq).
Removed top 1 bits (of 15) from port B of cell ulx3s_minimal_top.$flatten\flashBoot.$eq$../../out/ulx3s_minimal/verilog/FlashBootLoader.sv:37$688 ($eq).
Removed top 1 bits (of 5) from port B of cell ulx3s_minimal_top.$flatten\flashBoot.$eq$../../out/ulx3s_minimal/verilog/FlashBootLoader.sv:21$681 ($eq).
Removed top 1 bits (of 2) from port B of cell ulx3s_minimal_top.$flatten\uo_out_val_mem.$procmux$1599_CMP0 ($eq).
Removed top 1 bits (of 2) from port B of cell ulx3s_minimal_top.$flatten\uo_out_val_mem.$eq$../../out/ulx3s_minimal/verilog/MemoryController.sv:197$673 ($eq).
Removed top 1 bits (of 2) from port B of cell ulx3s_minimal_top.$flatten\uo_out_val_mem.$eq$../../out/ulx3s_minimal/verilog/MemoryController.sv:156$645 ($eq).
Removed top 1 bits (of 2) from port B of cell ulx3s_minimal_top.$flatten\uo_out_val_mem.$add$../../out/ulx3s_minimal/verilog/MemoryController.sv:103$604 ($add).
Removed top 1 bits (of 2) from port B of cell ulx3s_minimal_top.$flatten\uo_out_val_mem.$add$../../out/ulx3s_minimal/verilog/MemoryController.sv:86$587 ($add).
Removed top 1 bits (of 2) from port B of cell ulx3s_minimal_top.$flatten\uo_out_val_mem.$eq$../../out/ulx3s_minimal/verilog/MemoryController.sv:38$536 ($eq).
Removed top 27 bits (of 32) from port B of cell ulx3s_minimal_top.$flatten\uo_out_val_mem_io_instr_cpu.\alu.$shr$../../out/ulx3s_minimal/verilog/HuttAlu.sv:27$846 ($shr).
Removed top 27 bits (of 32) from port B of cell ulx3s_minimal_top.$flatten\uo_out_val_mem_io_instr_cpu.\alu.$sshr$../../out/ulx3s_minimal/verilog/HuttAlu.sv:29$847 ($sshr).
Removed top 1 bits (of 4) from port B of cell ulx3s_minimal_top.$flatten\uo_out_val_mem_io_instr_cpu.\alu.$procmux$1265_CMP0 ($eq).
Removed top 1 bits (of 4) from port B of cell ulx3s_minimal_top.$flatten\uo_out_val_mem_io_instr_cpu.\alu.$procmux$1266_CMP0 ($eq).
Removed top 1 bits (of 4) from port B of cell ulx3s_minimal_top.$flatten\uo_out_val_mem_io_instr_cpu.\alu.$procmux$1267_CMP0 ($eq).
Removed top 1 bits (of 4) from port B of cell ulx3s_minimal_top.$flatten\uo_out_val_mem_io_instr_cpu.\alu.$procmux$1268_CMP0 ($eq).
Removed top 2 bits (of 4) from port B of cell ulx3s_minimal_top.$flatten\uo_out_val_mem_io_instr_cpu.\alu.$procmux$1269_CMP0 ($eq).
Removed top 2 bits (of 4) from port B of cell ulx3s_minimal_top.$flatten\uo_out_val_mem_io_instr_cpu.\alu.$procmux$1270_CMP0 ($eq).
Removed top 3 bits (of 4) from port B of cell ulx3s_minimal_top.$flatten\uo_out_val_mem_io_instr_cpu.\alu.$procmux$1271_CMP0 ($eq).
Removed top 4 bits (of 5) from port B of cell ulx3s_minimal_top.$flatten\uo_out_val_mem_io_instr_cpu.\regFile.$eq$../../out/ulx3s_minimal/verilog/HuttRegFile.sv:187$858 ($eq).
Removed top 3 bits (of 5) from port B of cell ulx3s_minimal_top.$flatten\uo_out_val_mem_io_instr_cpu.\regFile.$eq$../../out/ulx3s_minimal/verilog/HuttRegFile.sv:189$860 ($eq).
Removed top 3 bits (of 5) from port B of cell ulx3s_minimal_top.$flatten\uo_out_val_mem_io_instr_cpu.\regFile.$eq$../../out/ulx3s_minimal/verilog/HuttRegFile.sv:191$862 ($eq).
Removed top 2 bits (of 5) from port B of cell ulx3s_minimal_top.$flatten\uo_out_val_mem_io_instr_cpu.\regFile.$eq$../../out/ulx3s_minimal/verilog/HuttRegFile.sv:193$864 ($eq).
Removed top 2 bits (of 5) from port B of cell ulx3s_minimal_top.$flatten\uo_out_val_mem_io_instr_cpu.\regFile.$eq$../../out/ulx3s_minimal/verilog/HuttRegFile.sv:195$866 ($eq).
Removed top 2 bits (of 5) from port B of cell ulx3s_minimal_top.$flatten\uo_out_val_mem_io_instr_cpu.\regFile.$eq$../../out/ulx3s_minimal/verilog/HuttRegFile.sv:197$868 ($eq).
Removed top 2 bits (of 5) from port B of cell ulx3s_minimal_top.$flatten\uo_out_val_mem_io_instr_cpu.\regFile.$eq$../../out/ulx3s_minimal/verilog/HuttRegFile.sv:199$870 ($eq).
Removed top 1 bits (of 5) from port B of cell ulx3s_minimal_top.$flatten\uo_out_val_mem_io_instr_cpu.\regFile.$eq$../../out/ulx3s_minimal/verilog/HuttRegFile.sv:201$872 ($eq).
Removed top 1 bits (of 5) from port B of cell ulx3s_minimal_top.$flatten\uo_out_val_mem_io_instr_cpu.\regFile.$eq$../../out/ulx3s_minimal/verilog/HuttRegFile.sv:203$874 ($eq).
Removed top 1 bits (of 5) from port B of cell ulx3s_minimal_top.$flatten\uo_out_val_mem_io_instr_cpu.\regFile.$eq$../../out/ulx3s_minimal/verilog/HuttRegFile.sv:205$876 ($eq).
Removed top 1 bits (of 5) from port B of cell ulx3s_minimal_top.$flatten\uo_out_val_mem_io_instr_cpu.\regFile.$eq$../../out/ulx3s_minimal/verilog/HuttRegFile.sv:207$878 ($eq).
Removed top 1 bits (of 5) from port B of cell ulx3s_minimal_top.$flatten\uo_out_val_mem_io_instr_cpu.\regFile.$eq$../../out/ulx3s_minimal/verilog/HuttRegFile.sv:209$880 ($eq).
Removed top 1 bits (of 5) from port B of cell ulx3s_minimal_top.$flatten\uo_out_val_mem_io_instr_cpu.\regFile.$eq$../../out/ulx3s_minimal/verilog/HuttRegFile.sv:211$882 ($eq).
Removed top 1 bits (of 5) from port B of cell ulx3s_minimal_top.$flatten\uo_out_val_mem_io_instr_cpu.\regFile.$eq$../../out/ulx3s_minimal/verilog/HuttRegFile.sv:213$884 ($eq).
Removed top 1 bits (of 5) from port B of cell ulx3s_minimal_top.$flatten\uo_out_val_mem_io_instr_cpu.\regFile.$eq$../../out/ulx3s_minimal/verilog/HuttRegFile.sv:215$886 ($eq).
Removed top 1 bits (of 5) from port B of cell ulx3s_minimal_top.$flatten\uo_out_val_mem_io_instr_cpu.\regFile.$procmux$1207_CMP0 ($eq).
Removed top 1 bits (of 5) from port B of cell ulx3s_minimal_top.$flatten\uo_out_val_mem_io_instr_cpu.\regFile.$procmux$1208_CMP0 ($eq).
Removed top 1 bits (of 5) from port B of cell ulx3s_minimal_top.$flatten\uo_out_val_mem_io_instr_cpu.\regFile.$procmux$1209_CMP0 ($eq).
Removed top 1 bits (of 5) from port B of cell ulx3s_minimal_top.$flatten\uo_out_val_mem_io_instr_cpu.\regFile.$procmux$1210_CMP0 ($eq).
Removed top 1 bits (of 5) from port B of cell ulx3s_minimal_top.$flatten\uo_out_val_mem_io_instr_cpu.\regFile.$procmux$1211_CMP0 ($eq).
Removed top 1 bits (of 5) from port B of cell ulx3s_minimal_top.$flatten\uo_out_val_mem_io_instr_cpu.\regFile.$procmux$1212_CMP0 ($eq).
Removed top 1 bits (of 5) from port B of cell ulx3s_minimal_top.$flatten\uo_out_val_mem_io_instr_cpu.\regFile.$procmux$1213_CMP0 ($eq).
Removed top 1 bits (of 5) from port B of cell ulx3s_minimal_top.$flatten\uo_out_val_mem_io_instr_cpu.\regFile.$procmux$1214_CMP0 ($eq).
Removed top 2 bits (of 5) from port B of cell ulx3s_minimal_top.$flatten\uo_out_val_mem_io_instr_cpu.\regFile.$procmux$1215_CMP0 ($eq).
Removed top 2 bits (of 5) from port B of cell ulx3s_minimal_top.$flatten\uo_out_val_mem_io_instr_cpu.\regFile.$procmux$1216_CMP0 ($eq).
Removed top 2 bits (of 5) from port B of cell ulx3s_minimal_top.$flatten\uo_out_val_mem_io_instr_cpu.\regFile.$procmux$1217_CMP0 ($eq).
Removed top 2 bits (of 5) from port B of cell ulx3s_minimal_top.$flatten\uo_out_val_mem_io_instr_cpu.\regFile.$procmux$1218_CMP0 ($eq).
Removed top 3 bits (of 5) from port B of cell ulx3s_minimal_top.$flatten\uo_out_val_mem_io_instr_cpu.\regFile.$procmux$1219_CMP0 ($eq).
Removed top 3 bits (of 5) from port B of cell ulx3s_minimal_top.$flatten\uo_out_val_mem_io_instr_cpu.\regFile.$procmux$1220_CMP0 ($eq).
Removed top 4 bits (of 5) from port B of cell ulx3s_minimal_top.$flatten\uo_out_val_mem_io_instr_cpu.\regFile.$procmux$1221_CMP0 ($eq).
Removed top 1 bits (of 5) from port B of cell ulx3s_minimal_top.$flatten\uo_out_val_mem_io_instr_cpu.\regFile.$procmux$1240_CMP0 ($eq).
Removed top 1 bits (of 5) from port B of cell ulx3s_minimal_top.$flatten\uo_out_val_mem_io_instr_cpu.\regFile.$procmux$1241_CMP0 ($eq).
Removed top 1 bits (of 5) from port B of cell ulx3s_minimal_top.$flatten\uo_out_val_mem_io_instr_cpu.\regFile.$procmux$1242_CMP0 ($eq).
Removed top 1 bits (of 5) from port B of cell ulx3s_minimal_top.$flatten\uo_out_val_mem_io_instr_cpu.\regFile.$procmux$1243_CMP0 ($eq).
Removed top 1 bits (of 5) from port B of cell ulx3s_minimal_top.$flatten\uo_out_val_mem_io_instr_cpu.\regFile.$procmux$1244_CMP0 ($eq).
Removed top 1 bits (of 5) from port B of cell ulx3s_minimal_top.$flatten\uo_out_val_mem_io_instr_cpu.\regFile.$procmux$1245_CMP0 ($eq).
Removed top 1 bits (of 5) from port B of cell ulx3s_minimal_top.$flatten\uo_out_val_mem_io_instr_cpu.\regFile.$procmux$1246_CMP0 ($eq).
Removed top 1 bits (of 5) from port B of cell ulx3s_minimal_top.$flatten\uo_out_val_mem_io_instr_cpu.\regFile.$procmux$1247_CMP0 ($eq).
Removed top 2 bits (of 5) from port B of cell ulx3s_minimal_top.$flatten\uo_out_val_mem_io_instr_cpu.\regFile.$procmux$1248_CMP0 ($eq).
Removed top 2 bits (of 5) from port B of cell ulx3s_minimal_top.$flatten\uo_out_val_mem_io_instr_cpu.\regFile.$procmux$1249_CMP0 ($eq).
Removed top 2 bits (of 5) from port B of cell ulx3s_minimal_top.$flatten\uo_out_val_mem_io_instr_cpu.\regFile.$procmux$1250_CMP0 ($eq).
Removed top 2 bits (of 5) from port B of cell ulx3s_minimal_top.$flatten\uo_out_val_mem_io_instr_cpu.\regFile.$procmux$1251_CMP0 ($eq).
Removed top 3 bits (of 5) from port B of cell ulx3s_minimal_top.$flatten\uo_out_val_mem_io_instr_cpu.\regFile.$procmux$1252_CMP0 ($eq).
Removed top 3 bits (of 5) from port B of cell ulx3s_minimal_top.$flatten\uo_out_val_mem_io_instr_cpu.\regFile.$procmux$1253_CMP0 ($eq).
Removed top 4 bits (of 5) from port B of cell ulx3s_minimal_top.$flatten\uo_out_val_mem_io_instr_cpu.\regFile.$procmux$1254_CMP0 ($eq).
Removed top 1 bits (of 3) from port B of cell ulx3s_minimal_top.$flatten\uo_out_val_mem_io_instr_cpu.$procmux$1665_CMP0 ($eq).
Removed top 1 bits (of 3) from port B of cell ulx3s_minimal_top.$flatten\uo_out_val_mem_io_instr_cpu.$procmux$1664_CMP0 ($eq).
Removed top 2 bits (of 3) from port B of cell ulx3s_minimal_top.$flatten\uo_out_val_mem_io_instr_cpu.$procmux$1657_CMP0 ($eq).
Removed top 2 bits (of 3) from port B of cell ulx3s_minimal_top.$flatten\uo_out_val_mem_io_instr_cpu.$procmux$1650_CMP0 ($eq).
Removed top 31 bits (of 63) from port A of cell ulx3s_minimal_top.$flatten\uo_out_val_mem_io_instr_cpu.\alu.$shl$../../out/ulx3s_minimal/verilog/HuttAlu.sv:11$839 ($shl).
Removed top 31 bits (of 63) from port Y of cell ulx3s_minimal_top.$flatten\uo_out_val_mem_io_instr_cpu.\alu.$shl$../../out/ulx3s_minimal/verilog/HuttAlu.sv:11$839 ($shl).
Removed top 29 bits (of 32) from port B of cell ulx3s_minimal_top.$flatten\uo_out_val_mem_io_instr_cpu.$add$../../out/ulx3s_minimal/verilog/Hutt.sv:103$455 ($add).
Removed top 7 bits (of 12) from mux cell ulx3s_minimal_top.$flatten\uo_out_val_mem_io_instr_cpu.$ternary$../../out/ulx3s_minimal/verilog/Hutt.sv:37$443 ($mux).
Removed top 1 bits (of 7) from port B of cell ulx3s_minimal_top.$flatten\uo_out_val_mem_io_instr_cpu.$eq$../../out/ulx3s_minimal/verilog/Hutt.sv:36$442 ($eq).
Removed top 2 bits (of 7) from port B of cell ulx3s_minimal_top.$flatten\uo_out_val_mem_io_instr_cpu.$eq$../../out/ulx3s_minimal/verilog/Hutt.sv:35$441 ($eq).
Removed top 1 bits (of 7) from port B of cell ulx3s_minimal_top.$flatten\uo_out_val_mem_io_instr_cpu.$eq$../../out/ulx3s_minimal/verilog/Hutt.sv:34$440 ($eq).
Removed top 5 bits (of 7) from port B of cell ulx3s_minimal_top.$flatten\uo_out_val_mem_io_instr_cpu.$eq$../../out/ulx3s_minimal/verilog/Hutt.sv:33$439 ($eq).
Removed top 2 bits (of 7) from port B of cell ulx3s_minimal_top.$flatten\uo_out_val_mem_io_instr_cpu.$eq$../../out/ulx3s_minimal/verilog/Hutt.sv:30$436 ($eq).
Removed top 1 bits (of 7) from port B of cell ulx3s_minimal_top.$flatten\uo_out_val_mem_io_instr_cpu.$eq$../../out/ulx3s_minimal/verilog/Hutt.sv:29$435 ($eq).
Removed top 3 bits (of 4) from mux cell ulx3s_minimal_top.$flatten\uo_out_val_debug_uart_tx_busy_uartTx.$procmux$1683 ($mux).
Removed top 3 bits (of 4) from mux cell ulx3s_minimal_top.$flatten\uo_out_val_debug_uart_tx_busy_uartTx.$procmux$1680 ($mux).
Removed top 3 bits (of 4) from port B of cell ulx3s_minimal_top.$flatten\uo_out_val_debug_uart_tx_busy_uartTx.$add$../../out/ulx3s_minimal/verilog/uart_tx.sv:39$432 ($add).
Removed top 12 bits (of 13) from port B of cell ulx3s_minimal_top.$flatten\uo_out_val_debug_uart_tx_busy_uartTx.$add$../../out/ulx3s_minimal/verilog/uart_tx.sv:35$430 ($add).
Removed top 3 bits (of 4) from port B of cell ulx3s_minimal_top.$flatten\uo_out_val_debug_uart_tx_busy_uartTx.$ne$../../out/ulx3s_minimal/verilog/uart_tx.sv:27$423 ($ne).
Removed top 8 bits (of 16) from port B of cell ulx3s_minimal_top.$flatten\sdramBackend.\sdram.$gt$../../out/ulx3s_minimal/verilog/SdramController.sv:44$925 ($gt).
Removed top 2 bits (of 4) from port B of cell ulx3s_minimal_top.$flatten\sdramBackend.\sdram.$shr$../../out/ulx3s_minimal/verilog/SdramController.sv:47$927 ($shr).
Removed top 3 bits (of 4) from port Y of cell ulx3s_minimal_top.$flatten\sdramBackend.\sdram.$shr$../../out/ulx3s_minimal/verilog/SdramController.sv:47$927 ($shr).
Removed top 1 bits (of 4) from mux cell ulx3s_minimal_top.$flatten\sdramBackend.\sdram.$ternary$../../out/ulx3s_minimal/verilog/SdramController.sv:74$931 ($mux).
Removed top 1 bits (of 4) from mux cell ulx3s_minimal_top.$flatten\sdramBackend.\sdram.$ternary$../../out/ulx3s_minimal/verilog/SdramController.sv:74$932 ($mux).
Removed top 6 bits (of 7) from port B of cell ulx3s_minimal_top.$flatten\sdramBackend.\sdram.$sub$../../out/ulx3s_minimal/verilog/SdramController.sv:106$938 ($sub).
Removed top 6 bits (of 7) from mux cell ulx3s_minimal_top.$flatten\sdramBackend.\sdram.$ternary$../../out/ulx3s_minimal/verilog/SdramController.sv:118$940 ($mux).
Removed top 2 bits (of 3) from mux cell ulx3s_minimal_top.$flatten\sdramBackend.\sdram.$ternary$../../out/ulx3s_minimal/verilog/SdramController.sv:139$942 ($mux).
Removed top 4 bits (of 16) from port B of cell ulx3s_minimal_top.$flatten\sdramBackend.\sdram.$eq$../../out/ulx3s_minimal/verilog/SdramController.sv:152$944 ($eq).
Removed top 1 bits (of 3) from mux cell ulx3s_minimal_top.$flatten\sdramBackend.\sdram.$ternary$../../out/ulx3s_minimal/verilog/SdramController.sv:160$949 ($mux).
Removed top 2 bits (of 3) from port B of cell ulx3s_minimal_top.$flatten\sdramBackend.\sdram.$eq$../../out/ulx3s_minimal/verilog/SdramController.sv:170$956 ($eq).
Removed top 1 bits (of 3) from port B of cell ulx3s_minimal_top.$flatten\sdramBackend.\sdram.$eq$../../out/ulx3s_minimal/verilog/SdramController.sv:171$957 ($eq).
Removed top 1 bits (of 3) from port B of cell ulx3s_minimal_top.$flatten\sdramBackend.\sdram.$eq$../../out/ulx3s_minimal/verilog/SdramController.sv:172$958 ($eq).
Removed top 1 bits (of 2) from port B of cell ulx3s_minimal_top.$flatten\sdramBackend.\sdram.$eq$../../out/ulx3s_minimal/verilog/SdramController.sv:188$978 ($eq).
Removed top 15 bits (of 16) from port B of cell ulx3s_minimal_top.$flatten\sdramBackend.\sdram.$add$../../out/ulx3s_minimal/verilog/SdramController.sv:216$994 ($add).
Removed top 3 bits (of 4) from port A of cell ulx3s_minimal_top.$flatten\sdramBackend.\sdram.$shl$../../out/ulx3s_minimal/verilog/SdramController.sv:231$1001 ($shl).
Removed top 2 bits (of 4) from port B of cell ulx3s_minimal_top.$flatten\sdramBackend.\sdram.$shl$../../out/ulx3s_minimal/verilog/SdramController.sv:231$1001 ($shl).
Removed top 1 bits (of 2) from port B of cell ulx3s_minimal_top.$flatten\sdramBackend.$add$../../out/ulx3s_minimal/verilog/SdramBackend.sv:158$380 ($add).
Removed top 23 bits (of 25) from port B of cell ulx3s_minimal_top.$flatten\sdramBackend.$add$../../out/ulx3s_minimal/verilog/SdramBackend.sv:130$360 ($add).
Removed top 1 bits (of 2) from port B of cell ulx3s_minimal_top.$flatten\sdramBackend.$add$../../out/ulx3s_minimal/verilog/SdramBackend.sv:91$349 ($add).
Removed top 1 bits (of 4) from port B of cell ulx3s_minimal_top.$flatten\sdramBackend.$eq$../../out/ulx3s_minimal/verilog/SdramBackend.sv:53$340 ($eq).
Removed top 1 bits (of 4) from port B of cell ulx3s_minimal_top.$flatten\sdramBackend.$eq$../../out/ulx3s_minimal/verilog/SdramBackend.sv:46$329 ($eq).
Removed top 1 bits (of 4) from port B of cell ulx3s_minimal_top.$flatten\sdramBackend.$eq$../../out/ulx3s_minimal/verilog/SdramBackend.sv:43$327 ($eq).
Removed top 1 bits (of 4) from port B of cell ulx3s_minimal_top.$flatten\sdramBackend.$eq$../../out/ulx3s_minimal/verilog/SdramBackend.sv:42$326 ($eq).
Removed top 2 bits (of 4) from port B of cell ulx3s_minimal_top.$flatten\sdramBackend.$eq$../../out/ulx3s_minimal/verilog/SdramBackend.sv:39$323 ($eq).
Removed top 2 bits (of 4) from port B of cell ulx3s_minimal_top.$flatten\sdramBackend.$eq$../../out/ulx3s_minimal/verilog/SdramBackend.sv:38$322 ($eq).
Removed top 3 bits (of 4) from port B of cell ulx3s_minimal_top.$flatten\sdramBackend.$eq$../../out/ulx3s_minimal/verilog/SdramBackend.sv:37$321 ($eq).
Removed top 24 bits (of 32) from mux cell ulx3s_minimal_top.$ternary$../../out/ulx3s_minimal/verilog/ulx3s_minimal_top.sv:171$277 ($mux).
Removed top 24 bits (of 32) from mux cell ulx3s_minimal_top.$ternary$../../out/ulx3s_minimal/verilog/ulx3s_minimal_top.sv:173$276 ($mux).
Removed top 19 bits (of 32) from mux cell ulx3s_minimal_top.$ternary$../../out/ulx3s_minimal/verilog/ulx3s_minimal_top.sv:175$275 ($mux).
Removed top 1 bits (of 4) from wire ulx3s_minimal_top.$flatten\flashBoot.$ternary$../../out/ulx3s_minimal/verilog/FlashBootLoader.sv:85$731_Y.
Removed top 6 bits (of 7) from wire ulx3s_minimal_top.$flatten\sdramBackend.\sdram.$ternary$../../out/ulx3s_minimal/verilog/SdramController.sv:118$940_Y.
Removed top 2 bits (of 3) from wire ulx3s_minimal_top.$flatten\sdramBackend.\sdram.$ternary$../../out/ulx3s_minimal/verilog/SdramController.sv:139$942_Y.
Removed top 1 bits (of 3) from wire ulx3s_minimal_top.$flatten\sdramBackend.\sdram.$ternary$../../out/ulx3s_minimal/verilog/SdramController.sv:160$949_Y.
Removed top 1 bits (of 4) from wire ulx3s_minimal_top.$flatten\sdramBackend.\sdram.$ternary$../../out/ulx3s_minimal/verilog/SdramController.sv:74$931_Y.
Removed top 1 bits (of 4) from wire ulx3s_minimal_top.$flatten\sdramBackend.\sdram.$ternary$../../out/ulx3s_minimal/verilog/SdramController.sv:74$932_Y.
Removed top 3 bits (of 4) from wire ulx3s_minimal_top.$flatten\uo_out_val_debug_uart_tx_busy_uartTx.$procmux$1680_Y.
Removed top 3 bits (of 4) from wire ulx3s_minimal_top.$flatten\uo_out_val_debug_uart_tx_busy_uartTx.$procmux$1683_Y.
Removed top 25 bits (of 32) from wire ulx3s_minimal_top.$ternary$../../out/ulx3s_minimal/verilog/ulx3s_minimal_top.sv:169$278_Y.
Removed top 24 bits (of 32) from wire ulx3s_minimal_top.$ternary$../../out/ulx3s_minimal/verilog/ulx3s_minimal_top.sv:171$277_Y.
Removed top 26 bits (of 32) from wire ulx3s_minimal_top.$ternary$../../out/ulx3s_minimal/verilog/ulx3s_minimal_top.sv:173$276_Y.
Removed top 19 bits (of 32) from wire ulx3s_minimal_top.$ternary$../../out/ulx3s_minimal/verilog/ulx3s_minimal_top.sv:175$275_Y.
Removed top 5 bits (of 32) from wire ulx3s_minimal_top.$ternary$../../out/ulx3s_minimal/verilog/ulx3s_minimal_top.sv:177$274_Y.

12.16. Executing PEEPOPT pass (run peephole optimizers).

12.17. Executing OPT_CLEAN pass (remove unused cells and wires).
Finding unused cells or wires in module \ulx3s_minimal_top..
Removed 0 unused cells and 13 unused wires.
<suppressed ~1 debug messages>

12.18. Executing SHARE pass (SAT-based resource sharing).
Found 4 cells in module ulx3s_minimal_top that may be considered for resource sharing.
  Analyzing resource sharing options for $flatten\uo_out_val_mem_io_instr_cpu.\alu.$sshr$../../out/ulx3s_minimal/verilog/HuttAlu.sv:29$847 ($sshr):
    Found 1 activation_patterns using ctrl signal { \uo_out_val_mem_io_instr_cpu.d_isLui \uo_out_val_mem_io_instr_cpu.d_isAuipc \uo_out_val_mem_io_instr_cpu._GEN_12 $flatten\uo_out_val_mem_io_instr_cpu.$or$../../out/ulx3s_minimal/verilog/Hutt.sv:207$522_Y $flatten\uo_out_val_mem_io_instr_cpu.\alu.$procmux$1265_CMP }.
    No candidates found.
  Analyzing resource sharing options for $flatten\uo_out_val_mem_io_instr_cpu.\alu.$shr$../../out/ulx3s_minimal/verilog/HuttAlu.sv:27$846 ($shr):
    Found 1 activation_patterns using ctrl signal { \uo_out_val_mem_io_instr_cpu.d_isLui \uo_out_val_mem_io_instr_cpu.d_isAuipc \uo_out_val_mem_io_instr_cpu._GEN_12 $flatten\uo_out_val_mem_io_instr_cpu.$or$../../out/ulx3s_minimal/verilog/Hutt.sv:207$522_Y $flatten\uo_out_val_mem_io_instr_cpu.\alu.$procmux$1266_CMP }.
    No candidates found.
  Analyzing resource sharing options for $flatten\uo_out_val_mem_io_instr_cpu.\alu.$shl$../../out/ulx3s_minimal/verilog/HuttAlu.sv:11$839 ($shl):
    Found 1 activation_patterns using ctrl signal { \uo_out_val_mem_io_instr_cpu.d_isLui \uo_out_val_mem_io_instr_cpu.d_isAuipc \uo_out_val_mem_io_instr_cpu._GEN_12 $flatten\uo_out_val_mem_io_instr_cpu.$or$../../out/ulx3s_minimal/verilog/Hutt.sv:207$522_Y $flatten\uo_out_val_mem_io_instr_cpu.\alu.$procmux$1270_CMP }.
    No candidates found.
  Analyzing resource sharing options for $flatten\flashBoot.$shl$../../out/ulx3s_minimal/verilog/FlashBootLoader.sv:99$735 ($shl):
    Found 1 activation_patterns using ctrl signal \flashBoot._GEN_11.
    No candidates found.

12.19. Executing TECHMAP pass (map to technology primitives).

12.19.1. Executing Verilog-2005 frontend: /nix/store/26cgz59r0qz6d0y2malp3qs7198lbp21-yosys-0.62/bin/../share/yosys/cmp2lut.v
Parsing Verilog input from `/nix/store/26cgz59r0qz6d0y2malp3qs7198lbp21-yosys-0.62/bin/../share/yosys/cmp2lut.v' to AST representation.
Generating RTLIL representation for module `\_90_lut_cmp_'.
Successfully finished Verilog frontend.

12.19.2. Continuing TECHMAP pass.
Using template $paramod$fd3a338331ce77d5c60504e1108b754e9b73ee37\_90_lut_cmp_ for cells of type $lt.
No more expansions possible.
<suppressed ~196 debug messages>

12.20. Executing OPT_EXPR pass (perform const folding).
Optimizing module ulx3s_minimal_top.

12.21. Executing OPT_CLEAN pass (remove unused cells and wires).
Finding unused cells or wires in module \ulx3s_minimal_top..
Removed 0 unused cells and 3 unused wires.
<suppressed ~1 debug messages>

12.22. Executing TECHMAP pass (map to technology primitives).

12.22.1. Executing Verilog-2005 frontend: /nix/store/26cgz59r0qz6d0y2malp3qs7198lbp21-yosys-0.62/bin/../share/yosys/mul2dsp.v
Parsing Verilog input from `/nix/store/26cgz59r0qz6d0y2malp3qs7198lbp21-yosys-0.62/bin/../share/yosys/mul2dsp.v' to AST representation.
Generating RTLIL representation for module `\_80_mul'.
Generating RTLIL representation for module `\_90_soft_mul'.
Successfully finished Verilog frontend.

12.22.2. Continuing TECHMAP pass.
No more expansions possible.
<suppressed ~4 debug messages>

12.23. Executing TECHMAP pass (map to technology primitives).

12.23.1. Executing Verilog-2005 frontend: /nix/store/26cgz59r0qz6d0y2malp3qs7198lbp21-yosys-0.62/bin/../share/yosys/lattice/dsp_map_18x18.v
Parsing Verilog input from `/nix/store/26cgz59r0qz6d0y2malp3qs7198lbp21-yosys-0.62/bin/../share/yosys/lattice/dsp_map_18x18.v' to AST representation.
Generating RTLIL representation for module `$__MUL18X18'.
Successfully finished Verilog frontend.

12.23.2. Continuing TECHMAP pass.
No more expansions possible.
<suppressed ~3 debug messages>

12.24. Executing ALUMACC pass (create $alu and $macc cells).
Extracting $alu and $macc cells in module ulx3s_minimal_top:
  creating $macc model for $flatten\flashBoot.$add$../../out/ulx3s_minimal/verilog/FlashBootLoader.sv:102$739 ($add).
  creating $macc model for $flatten\flashBoot.$add$../../out/ulx3s_minimal/verilog/FlashBootLoader.sv:139$772 ($add).
  creating $macc model for $flatten\flashBoot.$add$../../out/ulx3s_minimal/verilog/FlashBootLoader.sv:154$777 ($add).
  creating $macc model for $flatten\flashBoot.$add$../../out/ulx3s_minimal/verilog/FlashBootLoader.sv:232$795 ($add).
  creating $macc model for $flatten\flashBoot.$add$../../out/ulx3s_minimal/verilog/FlashBootLoader.sv:248$809 ($add).
  creating $macc model for $flatten\flashBoot.$add$../../out/ulx3s_minimal/verilog/FlashBootLoader.sv:51$703 ($add).
  creating $macc model for $flatten\flashBoot.$add$../../out/ulx3s_minimal/verilog/FlashBootLoader.sv:58$717 ($add).
  creating $macc model for $flatten\sdramBackend.$add$../../out/ulx3s_minimal/verilog/SdramBackend.sv:130$360 ($add).
  creating $macc model for $flatten\sdramBackend.$add$../../out/ulx3s_minimal/verilog/SdramBackend.sv:158$380 ($add).
  creating $macc model for $flatten\sdramBackend.$add$../../out/ulx3s_minimal/verilog/SdramBackend.sv:91$349 ($add).
  creating $macc model for $flatten\sdramBackend.$sub$../../out/ulx3s_minimal/verilog/SdramBackend.sv:140$369 ($sub).
  creating $macc model for $flatten\sdramBackend.\sdram.$add$../../out/ulx3s_minimal/verilog/SdramController.sv:216$994 ($add).
  creating $macc model for $flatten\sdramBackend.\sdram.$sub$../../out/ulx3s_minimal/verilog/SdramController.sv:106$938 ($sub).
  creating $macc model for $flatten\uo_out_val_debug_uart_tx_busy_uartTx.$add$../../out/ulx3s_minimal/verilog/uart_tx.sv:35$430 ($add).
  creating $macc model for $flatten\uo_out_val_debug_uart_tx_busy_uartTx.$add$../../out/ulx3s_minimal/verilog/uart_tx.sv:39$432 ($add).
  creating $macc model for $flatten\uo_out_val_mem.$add$../../out/ulx3s_minimal/verilog/MemoryController.sv:103$604 ($add).
  creating $macc model for $flatten\uo_out_val_mem.$add$../../out/ulx3s_minimal/verilog/MemoryController.sv:86$587 ($add).
  creating $macc model for $flatten\uo_out_val_mem_io_instr_cpu.$add$../../out/ulx3s_minimal/verilog/Hutt.sv:103$455 ($add).
  creating $macc model for $flatten\uo_out_val_mem_io_instr_cpu.$add$../../out/ulx3s_minimal/verilog/Hutt.sv:143$483 ($add).
  creating $macc model for $flatten\uo_out_val_mem_io_instr_cpu.$add$../../out/ulx3s_minimal/verilog/Hutt.sv:159$490 ($add).
  creating $macc model for $flatten\uo_out_val_mem_io_instr_cpu.$add$../../out/ulx3s_minimal/verilog/Hutt.sv:161$493 ($add).
  creating $macc model for $flatten\uo_out_val_mem_io_instr_cpu.$add$../../out/ulx3s_minimal/verilog/Hutt.sv:211$523 ($add).
  creating $macc model for $flatten\uo_out_val_mem_io_instr_cpu.$add$../../out/ulx3s_minimal/verilog/Hutt.sv:227$534 ($add).
  creating $macc model for $flatten\uo_out_val_mem_io_instr_cpu.\alu.$add$../../out/ulx3s_minimal/verilog/HuttAlu.sv:15$841 ($add).
  creating $macc model for $flatten\uo_out_val_mem_io_instr_cpu.\alu.$sub$../../out/ulx3s_minimal/verilog/HuttAlu.sv:17$842 ($sub).
  creating $alu model for $macc $flatten\uo_out_val_mem_io_instr_cpu.\alu.$sub$../../out/ulx3s_minimal/verilog/HuttAlu.sv:17$842.
  creating $alu model for $macc $flatten\uo_out_val_mem_io_instr_cpu.\alu.$add$../../out/ulx3s_minimal/verilog/HuttAlu.sv:15$841.
  creating $alu model for $macc $flatten\uo_out_val_mem_io_instr_cpu.$add$../../out/ulx3s_minimal/verilog/Hutt.sv:227$534.
  creating $alu model for $macc $flatten\uo_out_val_mem_io_instr_cpu.$add$../../out/ulx3s_minimal/verilog/Hutt.sv:211$523.
  creating $alu model for $macc $flatten\uo_out_val_mem_io_instr_cpu.$add$../../out/ulx3s_minimal/verilog/Hutt.sv:161$493.
  creating $alu model for $macc $flatten\uo_out_val_mem_io_instr_cpu.$add$../../out/ulx3s_minimal/verilog/Hutt.sv:159$490.
  creating $alu model for $macc $flatten\uo_out_val_mem_io_instr_cpu.$add$../../out/ulx3s_minimal/verilog/Hutt.sv:143$483.
  creating $alu model for $macc $flatten\uo_out_val_mem_io_instr_cpu.$add$../../out/ulx3s_minimal/verilog/Hutt.sv:103$455.
  creating $alu model for $macc $flatten\uo_out_val_mem.$add$../../out/ulx3s_minimal/verilog/MemoryController.sv:86$587.
  creating $alu model for $macc $flatten\uo_out_val_mem.$add$../../out/ulx3s_minimal/verilog/MemoryController.sv:103$604.
  creating $alu model for $macc $flatten\uo_out_val_debug_uart_tx_busy_uartTx.$add$../../out/ulx3s_minimal/verilog/uart_tx.sv:39$432.
  creating $alu model for $macc $flatten\uo_out_val_debug_uart_tx_busy_uartTx.$add$../../out/ulx3s_minimal/verilog/uart_tx.sv:35$430.
  creating $alu model for $macc $flatten\sdramBackend.\sdram.$sub$../../out/ulx3s_minimal/verilog/SdramController.sv:106$938.
  creating $alu model for $macc $flatten\sdramBackend.\sdram.$add$../../out/ulx3s_minimal/verilog/SdramController.sv:216$994.
  creating $alu model for $macc $flatten\sdramBackend.$sub$../../out/ulx3s_minimal/verilog/SdramBackend.sv:140$369.
  creating $alu model for $macc $flatten\sdramBackend.$add$../../out/ulx3s_minimal/verilog/SdramBackend.sv:91$349.
  creating $alu model for $macc $flatten\sdramBackend.$add$../../out/ulx3s_minimal/verilog/SdramBackend.sv:158$380.
  creating $alu model for $macc $flatten\sdramBackend.$add$../../out/ulx3s_minimal/verilog/SdramBackend.sv:130$360.
  creating $alu model for $macc $flatten\flashBoot.$add$../../out/ulx3s_minimal/verilog/FlashBootLoader.sv:58$717.
  creating $alu model for $macc $flatten\flashBoot.$add$../../out/ulx3s_minimal/verilog/FlashBootLoader.sv:51$703.
  creating $alu model for $macc $flatten\flashBoot.$add$../../out/ulx3s_minimal/verilog/FlashBootLoader.sv:248$809.
  creating $alu model for $macc $flatten\flashBoot.$add$../../out/ulx3s_minimal/verilog/FlashBootLoader.sv:232$795.
  creating $alu model for $macc $flatten\flashBoot.$add$../../out/ulx3s_minimal/verilog/FlashBootLoader.sv:154$777.
  creating $alu model for $macc $flatten\flashBoot.$add$../../out/ulx3s_minimal/verilog/FlashBootLoader.sv:139$772.
  creating $alu model for $macc $flatten\flashBoot.$add$../../out/ulx3s_minimal/verilog/FlashBootLoader.sv:102$739.
  creating $alu model for $flatten\flashBoot.$ge$../../out/ulx3s_minimal/verilog/FlashBootLoader.sv:59$718 ($ge): new $alu
  creating $alu model for $flatten\sdramBackend.\sdram.$gt$../../out/ulx3s_minimal/verilog/SdramController.sv:44$925 ($gt): new $alu
  creating $alu model for $flatten\uo_out_val_debug_uart_tx_busy_uartTx.$ge$../../out/ulx3s_minimal/verilog/uart_tx.sv:16$417 ($ge): new $alu
  creating $alu model for $flatten\uo_out_val_mem_io_instr_cpu.$ge$../../out/ulx3s_minimal/verilog/Hutt.sv:82$447 ($ge): new $alu
  creating $alu model for $flatten\uo_out_val_mem_io_instr_cpu.$ge$../../out/ulx3s_minimal/verilog/Hutt.sv:96$453 ($ge): merged with $flatten\uo_out_val_mem_io_instr_cpu.$ge$../../out/ulx3s_minimal/verilog/Hutt.sv:82$447.
  creating $alu model for $flatten\uo_out_val_mem_io_instr_cpu.$lt$../../out/ulx3s_minimal/verilog/Hutt.sv:94$452 ($lt): merged with $flatten\uo_out_val_mem_io_instr_cpu.$ge$../../out/ulx3s_minimal/verilog/Hutt.sv:82$447.
  creating $alu model for $flatten\uo_out_val_mem_io_instr_cpu.$lt$../../out/ulx3s_minimal/verilog/Hutt.sv:98$454 ($lt): merged with $flatten\uo_out_val_mem_io_instr_cpu.$ge$../../out/ulx3s_minimal/verilog/Hutt.sv:82$447.
  creating $alu model for $flatten\uo_out_val_mem_io_instr_cpu.\alu.$lt$../../out/ulx3s_minimal/verilog/HuttAlu.sv:21$843 ($lt): merged with $flatten\uo_out_val_mem_io_instr_cpu.\alu.$sub$../../out/ulx3s_minimal/verilog/HuttAlu.sv:17$842.
  creating $alu model for $flatten\uo_out_val_mem_io_instr_cpu.\alu.$lt$../../out/ulx3s_minimal/verilog/HuttAlu.sv:23$844 ($lt): merged with $flatten\uo_out_val_mem_io_instr_cpu.\alu.$sub$../../out/ulx3s_minimal/verilog/HuttAlu.sv:17$842.
  creating $alu model for $flatten\uo_out_val_mem_io_instr_cpu.$eq$../../out/ulx3s_minimal/verilog/Hutt.sv:86$450 ($eq): merged with $flatten\uo_out_val_mem_io_instr_cpu.$ge$../../out/ulx3s_minimal/verilog/Hutt.sv:82$447.
  creating $alu model for $flatten\uo_out_val_mem_io_instr_cpu.$ne$../../out/ulx3s_minimal/verilog/Hutt.sv:88$451 ($ne): merged with $flatten\uo_out_val_mem_io_instr_cpu.$ge$../../out/ulx3s_minimal/verilog/Hutt.sv:82$447.
  creating $alu cell for $flatten\uo_out_val_mem_io_instr_cpu.$ge$../../out/ulx3s_minimal/verilog/Hutt.sv:82$447, $flatten\uo_out_val_mem_io_instr_cpu.$ge$../../out/ulx3s_minimal/verilog/Hutt.sv:96$453, $flatten\uo_out_val_mem_io_instr_cpu.$lt$../../out/ulx3s_minimal/verilog/Hutt.sv:94$452, $flatten\uo_out_val_mem_io_instr_cpu.$lt$../../out/ulx3s_minimal/verilog/Hutt.sv:98$454, $flatten\uo_out_val_mem_io_instr_cpu.$eq$../../out/ulx3s_minimal/verilog/Hutt.sv:86$450, $flatten\uo_out_val_mem_io_instr_cpu.$ne$../../out/ulx3s_minimal/verilog/Hutt.sv:88$451: $auto$alumacc.cc:512:replace_alu$2461
  creating $alu cell for $flatten\uo_out_val_debug_uart_tx_busy_uartTx.$ge$../../out/ulx3s_minimal/verilog/uart_tx.sv:16$417: $auto$alumacc.cc:512:replace_alu$2486
  creating $alu cell for $flatten\sdramBackend.\sdram.$gt$../../out/ulx3s_minimal/verilog/SdramController.sv:44$925: $auto$alumacc.cc:512:replace_alu$2499
  creating $alu cell for $flatten\flashBoot.$ge$../../out/ulx3s_minimal/verilog/FlashBootLoader.sv:59$718: $auto$alumacc.cc:512:replace_alu$2510
  creating $alu cell for $flatten\flashBoot.$add$../../out/ulx3s_minimal/verilog/FlashBootLoader.sv:102$739: $auto$alumacc.cc:512:replace_alu$2523
  creating $alu cell for $flatten\flashBoot.$add$../../out/ulx3s_minimal/verilog/FlashBootLoader.sv:139$772: $auto$alumacc.cc:512:replace_alu$2526
  creating $alu cell for $flatten\flashBoot.$add$../../out/ulx3s_minimal/verilog/FlashBootLoader.sv:154$777: $auto$alumacc.cc:512:replace_alu$2529
  creating $alu cell for $flatten\flashBoot.$add$../../out/ulx3s_minimal/verilog/FlashBootLoader.sv:232$795: $auto$alumacc.cc:512:replace_alu$2532
  creating $alu cell for $flatten\flashBoot.$add$../../out/ulx3s_minimal/verilog/FlashBootLoader.sv:248$809: $auto$alumacc.cc:512:replace_alu$2535
  creating $alu cell for $flatten\flashBoot.$add$../../out/ulx3s_minimal/verilog/FlashBootLoader.sv:51$703: $auto$alumacc.cc:512:replace_alu$2538
  creating $alu cell for $flatten\flashBoot.$add$../../out/ulx3s_minimal/verilog/FlashBootLoader.sv:58$717: $auto$alumacc.cc:512:replace_alu$2541
  creating $alu cell for $flatten\sdramBackend.$add$../../out/ulx3s_minimal/verilog/SdramBackend.sv:130$360: $auto$alumacc.cc:512:replace_alu$2544
  creating $alu cell for $flatten\sdramBackend.$add$../../out/ulx3s_minimal/verilog/SdramBackend.sv:158$380: $auto$alumacc.cc:512:replace_alu$2547
  creating $alu cell for $flatten\sdramBackend.$add$../../out/ulx3s_minimal/verilog/SdramBackend.sv:91$349: $auto$alumacc.cc:512:replace_alu$2550
  creating $alu cell for $flatten\sdramBackend.$sub$../../out/ulx3s_minimal/verilog/SdramBackend.sv:140$369: $auto$alumacc.cc:512:replace_alu$2553
  creating $alu cell for $flatten\sdramBackend.\sdram.$add$../../out/ulx3s_minimal/verilog/SdramController.sv:216$994: $auto$alumacc.cc:512:replace_alu$2556
  creating $alu cell for $flatten\sdramBackend.\sdram.$sub$../../out/ulx3s_minimal/verilog/SdramController.sv:106$938: $auto$alumacc.cc:512:replace_alu$2559
  creating $alu cell for $flatten\uo_out_val_debug_uart_tx_busy_uartTx.$add$../../out/ulx3s_minimal/verilog/uart_tx.sv:35$430: $auto$alumacc.cc:512:replace_alu$2562
  creating $alu cell for $flatten\uo_out_val_debug_uart_tx_busy_uartTx.$add$../../out/ulx3s_minimal/verilog/uart_tx.sv:39$432: $auto$alumacc.cc:512:replace_alu$2565
  creating $alu cell for $flatten\uo_out_val_mem.$add$../../out/ulx3s_minimal/verilog/MemoryController.sv:103$604: $auto$alumacc.cc:512:replace_alu$2568
  creating $alu cell for $flatten\uo_out_val_mem.$add$../../out/ulx3s_minimal/verilog/MemoryController.sv:86$587: $auto$alumacc.cc:512:replace_alu$2571
  creating $alu cell for $flatten\uo_out_val_mem_io_instr_cpu.$add$../../out/ulx3s_minimal/verilog/Hutt.sv:103$455: $auto$alumacc.cc:512:replace_alu$2574
  creating $alu cell for $flatten\uo_out_val_mem_io_instr_cpu.$add$../../out/ulx3s_minimal/verilog/Hutt.sv:143$483: $auto$alumacc.cc:512:replace_alu$2577
  creating $alu cell for $flatten\uo_out_val_mem_io_instr_cpu.$add$../../out/ulx3s_minimal/verilog/Hutt.sv:159$490: $auto$alumacc.cc:512:replace_alu$2580
  creating $alu cell for $flatten\uo_out_val_mem_io_instr_cpu.$add$../../out/ulx3s_minimal/verilog/Hutt.sv:161$493: $auto$alumacc.cc:512:replace_alu$2583
  creating $alu cell for $flatten\uo_out_val_mem_io_instr_cpu.$add$../../out/ulx3s_minimal/verilog/Hutt.sv:211$523: $auto$alumacc.cc:512:replace_alu$2586
  creating $alu cell for $flatten\uo_out_val_mem_io_instr_cpu.$add$../../out/ulx3s_minimal/verilog/Hutt.sv:227$534: $auto$alumacc.cc:512:replace_alu$2589
  creating $alu cell for $flatten\uo_out_val_mem_io_instr_cpu.\alu.$add$../../out/ulx3s_minimal/verilog/HuttAlu.sv:15$841: $auto$alumacc.cc:512:replace_alu$2592
  creating $alu cell for $flatten\uo_out_val_mem_io_instr_cpu.\alu.$sub$../../out/ulx3s_minimal/verilog/HuttAlu.sv:17$842, $flatten\uo_out_val_mem_io_instr_cpu.\alu.$lt$../../out/ulx3s_minimal/verilog/HuttAlu.sv:21$843, $flatten\uo_out_val_mem_io_instr_cpu.\alu.$lt$../../out/ulx3s_minimal/verilog/HuttAlu.sv:23$844: $auto$alumacc.cc:512:replace_alu$2595
  created 29 $alu and 0 $macc cells.

12.25. Executing OPT pass (performing simple optimizations).

12.25.1. Executing OPT_EXPR pass (perform const folding).
Optimizing module ulx3s_minimal_top.
<suppressed ~2 debug messages>

12.25.2. Executing OPT_MERGE pass (detect identical cells).
Finding identical cells in module `\ulx3s_minimal_top'.
Computing hashes of 1114 cells of `\ulx3s_minimal_top'.
Finding duplicate cells in `\ulx3s_minimal_top'.
Removed a total of 0 cells.

12.25.3. Executing OPT_MUXTREE pass (detect dead branches in mux trees).
Running muxtree optimizer on module \ulx3s_minimal_top..
  Creating internal representation of mux trees.
  Evaluating internal representation of mux trees.
  Analyzing evaluation results.
Removed 0 multiplexer ports.
<suppressed ~335 debug messages>

12.25.4. Executing OPT_REDUCE pass (consolidate $*mux and $reduce_* inputs).
  Optimizing cells in module \ulx3s_minimal_top.
    New input vector for $reduce_or cell $auto$opt_dff.cc:277:combine_resets$2229: { $auto$fsm_map.cc:74:implement_pattern_cache$2017 $auto$rtlil.cc:3340:ReduceAnd$2492 $auto$rtlil.cc:3337:Not$2496 }
  Optimizing cells in module \ulx3s_minimal_top.
Performed a total of 1 changes.

12.25.5. Executing OPT_MERGE pass (detect identical cells).
Finding identical cells in module `\ulx3s_minimal_top'.
Computing hashes of 1114 cells of `\ulx3s_minimal_top'.
Finding duplicate cells in `\ulx3s_minimal_top'.
Computing hashes of 1113 cells of `\ulx3s_minimal_top'.
Finding duplicate cells in `\ulx3s_minimal_top'.
<suppressed ~3 debug messages>
Removed a total of 1 cells.

12.25.6. Executing OPT_DFF pass (perform DFF optimizations).

12.25.7. Executing OPT_CLEAN pass (remove unused cells and wires).
Finding unused cells or wires in module \ulx3s_minimal_top..
Removed 1 unused cells and 14 unused wires.
<suppressed ~3 debug messages>

12.25.8. Executing OPT_EXPR pass (perform const folding).
Optimizing module ulx3s_minimal_top.

12.25.9. Rerunning OPT passes. (Maybe there is more to do..)

12.25.10. Executing OPT_MUXTREE pass (detect dead branches in mux trees).
Running muxtree optimizer on module \ulx3s_minimal_top..
  Creating internal representation of mux trees.
  Evaluating internal representation of mux trees.
  Analyzing evaluation results.
Removed 0 multiplexer ports.
<suppressed ~337 debug messages>

12.25.11. Executing OPT_REDUCE pass (consolidate $*mux and $reduce_* inputs).
  Optimizing cells in module \ulx3s_minimal_top.
Performed a total of 0 changes.

12.25.12. Executing OPT_MERGE pass (detect identical cells).
Finding identical cells in module `\ulx3s_minimal_top'.
Computing hashes of 1112 cells of `\ulx3s_minimal_top'.
Finding duplicate cells in `\ulx3s_minimal_top'.
Removed a total of 0 cells.

12.25.13. Executing OPT_DFF pass (perform DFF optimizations).

12.25.14. Executing OPT_CLEAN pass (remove unused cells and wires).
Finding unused cells or wires in module \ulx3s_minimal_top..

12.25.15. Executing OPT_EXPR pass (perform const folding).
Optimizing module ulx3s_minimal_top.

12.25.16. Finished fast OPT passes. (There is nothing left to do.)

12.26. Executing MEMORY pass.

12.26.1. Executing OPT_MEM pass (optimize memories).
Performed a total of 0 transformations.

12.26.2. Executing OPT_MEM_PRIORITY pass (removing unnecessary memory write priority relations).
Performed a total of 0 transformations.

12.26.3. Executing OPT_MEM_FEEDBACK pass (finding memory read-to-write feedback paths).

12.26.4. Executing MEMORY_BMUX2ROM pass (converting muxes to ROMs).

12.26.5. Executing MEMORY_DFF pass (merging $dff cells to $memrd).

12.26.6. Executing OPT_CLEAN pass (remove unused cells and wires).
Finding unused cells or wires in module \ulx3s_minimal_top..

12.26.7. Executing MEMORY_SHARE pass (consolidating $memrd/$memwr cells).

12.26.8. Executing OPT_MEM_WIDEN pass (optimize memories where all ports are wide).
Performed a total of 0 transformations.

12.26.9. Executing OPT_CLEAN pass (remove unused cells and wires).
Finding unused cells or wires in module \ulx3s_minimal_top..

12.26.10. Executing MEMORY_COLLECT pass (generating $mem cells).

12.27. Executing OPT_CLEAN pass (remove unused cells and wires).
Finding unused cells or wires in module \ulx3s_minimal_top..

12.28. Executing MEMORY_LIBMAP pass (mapping memories to cells).

12.29. Executing TECHMAP pass (map to technology primitives).

12.29.1. Executing Verilog-2005 frontend: /nix/store/26cgz59r0qz6d0y2malp3qs7198lbp21-yosys-0.62/bin/../share/yosys/lattice/lutrams_map_trellis.v
Parsing Verilog input from `/nix/store/26cgz59r0qz6d0y2malp3qs7198lbp21-yosys-0.62/bin/../share/yosys/lattice/lutrams_map_trellis.v' to AST representation.
Generating RTLIL representation for module `$__TRELLIS_DPR16X4_'.
Successfully finished Verilog frontend.

12.29.2. Executing Verilog-2005 frontend: /nix/store/26cgz59r0qz6d0y2malp3qs7198lbp21-yosys-0.62/bin/../share/yosys/lattice/brams_map_16kd.v
Parsing Verilog input from `/nix/store/26cgz59r0qz6d0y2malp3qs7198lbp21-yosys-0.62/bin/../share/yosys/lattice/brams_map_16kd.v' to AST representation.
Generating RTLIL representation for module `$__DP16KD_'.
Generating RTLIL representation for module `$__PDPW16KD_'.
Successfully finished Verilog frontend.

12.29.3. Continuing TECHMAP pass.
No more expansions possible.
<suppressed ~5 debug messages>

12.30. Executing OPT pass (performing simple optimizations).

12.30.1. Executing OPT_EXPR pass (perform const folding).
Optimizing module ulx3s_minimal_top.
<suppressed ~98 debug messages>

12.30.2. Executing OPT_MERGE pass (detect identical cells).
Finding identical cells in module `\ulx3s_minimal_top'.
Computing hashes of 1057 cells of `\ulx3s_minimal_top'.
Finding duplicate cells in `\ulx3s_minimal_top'.
Removed a total of 0 cells.

12.30.3. Executing OPT_DFF pass (perform DFF optimizations).
Adding EN signal on $auto$ff.cc:337:slice$2368 ($sdffe) from module ulx3s_minimal_top (D = $flatten\flashBoot.$procmux$1322_Y [0], Q = \flashBoot.byteCtr [0]).
Adding EN signal on $auto$ff.cc:337:slice$2358 ($sdffe) from module ulx3s_minimal_top (D = $flatten\flashBoot.$procmux$1309_Y [0], Q = \flashBoot.sdramAddr [0]).
Adding EN signal on $auto$ff.cc:337:slice$2310 ($sdffe) from module ulx3s_minimal_top (D = $flatten\sdramBackend.$procmux$1771_Y [0], Q = \sdramBackend.byteAddr [0]).
Adding EN signal on $auto$ff.cc:337:slice$2151 ($sdffe) from module ulx3s_minimal_top (D = $flatten\uo_out_val_mem_io_instr_cpu.$ternary$../../out/ulx3s_minimal/verilog/Hutt.sv:156$496_Y [1], Q = \uo_out_val_mem_io_instr_cpu.pc [1]).
Adding EN signal on $auto$ff.cc:337:slice$2151 ($sdffe) from module ulx3s_minimal_top (D = $flatten\uo_out_val_mem_io_instr_cpu.$ternary$../../out/ulx3s_minimal/verilog/Hutt.sv:156$496_Y [0], Q = \uo_out_val_mem_io_instr_cpu.pc [0]).

12.30.4. Executing OPT_CLEAN pass (remove unused cells and wires).
Finding unused cells or wires in module \ulx3s_minimal_top..
Removed 3 unused cells and 57 unused wires.
<suppressed ~4 debug messages>

12.30.5. Rerunning OPT passes. (Removed registers in this run.)

12.30.6. Executing OPT_EXPR pass (perform const folding).
Optimizing module ulx3s_minimal_top.
<suppressed ~5 debug messages>

12.30.7. Executing OPT_MERGE pass (detect identical cells).
Finding identical cells in module `\ulx3s_minimal_top'.
Computing hashes of 1068 cells of `\ulx3s_minimal_top'.
Finding duplicate cells in `\ulx3s_minimal_top'.
Computing hashes of 1066 cells of `\ulx3s_minimal_top'.
Finding duplicate cells in `\ulx3s_minimal_top'.
<suppressed ~6 debug messages>
Removed a total of 2 cells.

12.30.8. Executing OPT_DFF pass (perform DFF optimizations).

12.30.9. Executing OPT_CLEAN pass (remove unused cells and wires).
Finding unused cells or wires in module \ulx3s_minimal_top..
Removed 0 unused cells and 5 unused wires.
<suppressed ~1 debug messages>

12.30.10. Finished fast OPT passes.

12.31. Executing MEMORY_MAP pass (converting memories to logic and flip-flops).

12.32. Executing OPT pass (performing simple optimizations).

12.32.1. Executing OPT_EXPR pass (perform const folding).
Optimizing module ulx3s_minimal_top.

12.32.2. Executing OPT_MERGE pass (detect identical cells).
Finding identical cells in module `\ulx3s_minimal_top'.
Computing hashes of 1066 cells of `\ulx3s_minimal_top'.
Finding duplicate cells in `\ulx3s_minimal_top'.
Removed a total of 0 cells.

12.32.3. Executing OPT_MUXTREE pass (detect dead branches in mux trees).
Running muxtree optimizer on module \ulx3s_minimal_top..
  Creating internal representation of mux trees.
  Evaluating internal representation of mux trees.
  Analyzing evaluation results.
Removed 0 multiplexer ports.
<suppressed ~280 debug messages>

12.32.4. Executing OPT_REDUCE pass (consolidate $*mux and $reduce_* inputs).
  Optimizing cells in module \ulx3s_minimal_top.
    New input vector for $reduce_and cell $auto$opt_dff.cc:252:make_patterns_logic$2740: { \flashBoot._GEN_12 $auto$opt_dff.cc:234:make_patterns_logic$2359 $auto$opt_dff.cc:234:make_patterns_logic$2361 $auto$rtlil.cc:3337:Not$2364 }
    Consolidated identical input bits for $mux cell $flatten\flashBoot.$ternary$../../out/ulx3s_minimal/verilog/FlashBootLoader.sv:85$731:
      Old ports: A=3'011, B=3'100, Y=$auto$wreduce.cc:514:run$2441 [2:0]
      New ports: A=2'01, B=2'10, Y={ $auto$wreduce.cc:514:run$2441 [2] $auto$wreduce.cc:514:run$2441 [0] }
      New connections: $auto$wreduce.cc:514:run$2441 [1] = $auto$wreduce.cc:514:run$2441 [0]
    Consolidated identical input bits for $mux cell $flatten\sdramBackend.$procmux$1794:
      Old ports: A=4'0000, B=4'0011, Y=$flatten\sdramBackend.$procmux$1794_Y
      New ports: A=1'0, B=1'1, Y=$flatten\sdramBackend.$procmux$1794_Y [0]
      New connections: $flatten\sdramBackend.$procmux$1794_Y [3:1] = { 2'00 $flatten\sdramBackend.$procmux$1794_Y [0] }
    Consolidated identical input bits for $mux cell $flatten\sdramBackend.$procmux$1814:
      Old ports: A=4'0001, B=4'0000, Y=$flatten\sdramBackend.$procmux$1814_Y
      New ports: A=1'1, B=1'0, Y=$flatten\sdramBackend.$procmux$1814_Y [0]
      New connections: $flatten\sdramBackend.$procmux$1814_Y [3:1] = 3'000
    Consolidated identical input bits for $mux cell $flatten\sdramBackend.$procmux$1822:
      Old ports: A=4'0111, B=4'1000, Y=$flatten\sdramBackend.$procmux$1822_Y
      New ports: A=2'01, B=2'10, Y={ $flatten\sdramBackend.$procmux$1822_Y [3] $flatten\sdramBackend.$procmux$1822_Y [0] }
      New connections: $flatten\sdramBackend.$procmux$1822_Y [2:1] = { $flatten\sdramBackend.$procmux$1822_Y [0] $flatten\sdramBackend.$procmux$1822_Y [0] }
    Consolidated identical input bits for $mux cell $flatten\sdramBackend.$procmux$1830:
      Old ports: A=4'0010, B=4'0111, Y=$flatten\sdramBackend.$procmux$1830_Y
      New ports: A=1'0, B=1'1, Y=$flatten\sdramBackend.$procmux$1830_Y [0]
      New connections: $flatten\sdramBackend.$procmux$1830_Y [3:1] = { 1'0 $flatten\sdramBackend.$procmux$1830_Y [0] 1'1 }
    Consolidated identical input bits for $mux cell $flatten\sdramBackend.$procmux$1838:
      Old ports: A=4'0100, B=4'0001, Y=$flatten\sdramBackend.$procmux$1838_Y
      New ports: A=2'10, B=2'01, Y={ $flatten\sdramBackend.$procmux$1838_Y [2] $flatten\sdramBackend.$procmux$1838_Y [0] }
      New connections: { $flatten\sdramBackend.$procmux$1838_Y [3] $flatten\sdramBackend.$procmux$1838_Y [1] } = 2'00
    Consolidated identical input bits for $mux cell $flatten\sdramBackend.\sdram.$ternary$../../out/ulx3s_minimal/verilog/SdramController.sv:152$945:
      Old ports: A=3'001, B={ \sdramBackend.sdram._GEN_0 2'00 }, Y=$flatten\sdramBackend.\sdram.$ternary$../../out/ulx3s_minimal/verilog/SdramController.sv:152$945_Y
      New ports: A=2'01, B={ \sdramBackend.sdram._GEN_0 1'0 }, Y={ $flatten\sdramBackend.\sdram.$ternary$../../out/ulx3s_minimal/verilog/SdramController.sv:152$945_Y [2] $flatten\sdramBackend.\sdram.$ternary$../../out/ulx3s_minimal/verilog/SdramController.sv:152$945_Y [0] }
      New connections: $flatten\sdramBackend.\sdram.$ternary$../../out/ulx3s_minimal/verilog/SdramController.sv:152$945_Y [1] = 1'0
    Consolidated identical input bits for $mux cell $flatten\sdramBackend.\sdram.$ternary$../../out/ulx3s_minimal/verilog/SdramController.sv:160$949:
      Old ports: A=2'11, B={ $flatten\sdramBackend.\sdram.$not$../../out/ulx3s_minimal/verilog/SdramController.sv:160$948_Y 1'1 }, Y=$auto$wreduce.cc:514:run$2444 [1:0]
      New ports: A=1'1, B=$flatten\sdramBackend.\sdram.$not$../../out/ulx3s_minimal/verilog/SdramController.sv:160$948_Y, Y=$auto$wreduce.cc:514:run$2444 [1]
      New connections: $auto$wreduce.cc:514:run$2444 [0] = 1'1
    Consolidated identical input bits for $mux cell $flatten\sdramBackend.\sdram.$ternary$../../out/ulx3s_minimal/verilog/SdramController.sv:164$950:
      Old ports: A=3'110, B=3'000, Y=$flatten\sdramBackend.\sdram.$ternary$../../out/ulx3s_minimal/verilog/SdramController.sv:164$950_Y
      New ports: A=1'1, B=1'0, Y=$flatten\sdramBackend.\sdram.$ternary$../../out/ulx3s_minimal/verilog/SdramController.sv:164$950_Y [1]
      New connections: { $flatten\sdramBackend.\sdram.$ternary$../../out/ulx3s_minimal/verilog/SdramController.sv:164$950_Y [2] $flatten\sdramBackend.\sdram.$ternary$../../out/ulx3s_minimal/verilog/SdramController.sv:164$950_Y [0] } = { $flatten\sdramBackend.\sdram.$ternary$../../out/ulx3s_minimal/verilog/SdramController.sv:164$950_Y [1] 1'0 }
    Consolidated identical input bits for $mux cell $flatten\sdramBackend.\sdram.$ternary$../../out/ulx3s_minimal/verilog/SdramController.sv:96$936:
      Old ports: A=13'xx0xxxxxxxxxx, B={ 4'0000 \sdramBackend.sdram.ab [8:0] }, Y=$flatten\sdramBackend.\sdram.$ternary$../../out/ulx3s_minimal/verilog/SdramController.sv:96$936_Y
      New ports: A=10'x, B={ 1'0 \sdramBackend.sdram.ab [8:0] }, Y=$flatten\sdramBackend.\sdram.$ternary$../../out/ulx3s_minimal/verilog/SdramController.sv:96$936_Y [9:0]
      New connections: $flatten\sdramBackend.\sdram.$ternary$../../out/ulx3s_minimal/verilog/SdramController.sv:96$936_Y [12:10] = { $flatten\sdramBackend.\sdram.$ternary$../../out/ulx3s_minimal/verilog/SdramController.sv:96$936_Y [9] $flatten\sdramBackend.\sdram.$ternary$../../out/ulx3s_minimal/verilog/SdramController.sv:96$936_Y [9] 1'0 }
    Consolidated identical input bits for $mux cell $flatten\uo_out_val_mem.$ternary$../../out/ulx3s_minimal/verilog/MemoryController.sv:194$675:
      Old ports: A={ \uo_out_val_mem.data_buf_3 \uo_out_val_mem.data_buf_2 \uo_out_val_mem.data_buf_1 \uo_out_val_mem.data_buf_0 }, B={ \uo_out_val_mem.io_backend_dataOut \uo_out_val_mem.data_buf_2 $flatten\uo_out_val_mem.$ternary$../../out/ulx3s_minimal/verilog/MemoryController.sv:197$674_Y $flatten\uo_out_val_mem.$ternary$../../out/ulx3s_minimal/verilog/MemoryController.sv:198$672_Y }, Y=$flatten\uo_out_val_mem.$ternary$../../out/ulx3s_minimal/verilog/MemoryController.sv:194$675_Y
      New ports: A={ \uo_out_val_mem.data_buf_3 \uo_out_val_mem.data_buf_1 \uo_out_val_mem.data_buf_0 }, B={ \uo_out_val_mem.io_backend_dataOut $flatten\uo_out_val_mem.$ternary$../../out/ulx3s_minimal/verilog/MemoryController.sv:197$674_Y $flatten\uo_out_val_mem.$ternary$../../out/ulx3s_minimal/verilog/MemoryController.sv:198$672_Y }, Y={ $flatten\uo_out_val_mem.$ternary$../../out/ulx3s_minimal/verilog/MemoryController.sv:194$675_Y [31:24] $flatten\uo_out_val_mem.$ternary$../../out/ulx3s_minimal/verilog/MemoryController.sv:194$675_Y [15:0] }
      New connections: $flatten\uo_out_val_mem.$ternary$../../out/ulx3s_minimal/verilog/MemoryController.sv:194$675_Y [23:16] = \uo_out_val_mem.data_buf_2
    Consolidated identical input bits for $pmux cell $flatten\uo_out_val_mem_io_instr_cpu.$procmux$1647:
      Old ports: A=\uo_out_val_mem_io_instr_cpu.io_data_resp_bits, B={ \uo_out_val_mem_io_instr_cpu.io_data_resp_bits [7] \uo_out_val_mem_io_instr_cpu.io_data_resp_bits [7] \uo_out_val_mem_io_instr_cpu.io_data_resp_bits [7] \uo_out_val_mem_io_instr_cpu.io_data_resp_bits [7] \uo_out_val_mem_io_instr_cpu.io_data_resp_bits [7] \uo_out_val_mem_io_instr_cpu.io_data_resp_bits [7] \uo_out_val_mem_io_instr_cpu.io_data_resp_bits [7] \uo_out_val_mem_io_instr_cpu.io_data_resp_bits [7] \uo_out_val_mem_io_instr_cpu.io_data_resp_bits [7] \uo_out_val_mem_io_instr_cpu.io_data_resp_bits [7] \uo_out_val_mem_io_instr_cpu.io_data_resp_bits [7] \uo_out_val_mem_io_instr_cpu.io_data_resp_bits [7] \uo_out_val_mem_io_instr_cpu.io_data_resp_bits [7] \uo_out_val_mem_io_instr_cpu.io_data_resp_bits [7] \uo_out_val_mem_io_instr_cpu.io_data_resp_bits [7] \uo_out_val_mem_io_instr_cpu.io_data_resp_bits [7] \uo_out_val_mem_io_instr_cpu.io_data_resp_bits [7] \uo_out_val_mem_io_instr_cpu.io_data_resp_bits [7] \uo_out_val_mem_io_instr_cpu.io_data_resp_bits [7] \uo_out_val_mem_io_instr_cpu.io_data_resp_bits [7] \uo_out_val_mem_io_instr_cpu.io_data_resp_bits [7] \uo_out_val_mem_io_instr_cpu.io_data_resp_bits [7] \uo_out_val_mem_io_instr_cpu.io_data_resp_bits [7] \uo_out_val_mem_io_instr_cpu.io_data_resp_bits [7] \uo_out_val_mem_io_instr_cpu.io_data_resp_bits [7:0] \uo_out_val_mem_io_instr_cpu.io_data_resp_bits [15] \uo_out_val_mem_io_instr_cpu.io_data_resp_bits [15] \uo_out_val_mem_io_instr_cpu.io_data_resp_bits [15] \uo_out_val_mem_io_instr_cpu.io_data_resp_bits [15] \uo_out_val_mem_io_instr_cpu.io_data_resp_bits [15] \uo_out_val_mem_io_instr_cpu.io_data_resp_bits [15] \uo_out_val_mem_io_instr_cpu.io_data_resp_bits [15] \uo_out_val_mem_io_instr_cpu.io_data_resp_bits [15] \uo_out_val_mem_io_instr_cpu.io_data_resp_bits [15] \uo_out_val_mem_io_instr_cpu.io_data_resp_bits [15] \uo_out_val_mem_io_instr_cpu.io_data_resp_bits [15] \uo_out_val_mem_io_instr_cpu.io_data_resp_bits [15] \uo_out_val_mem_io_instr_cpu.io_data_resp_bits [15] \uo_out_val_mem_io_instr_cpu.io_data_resp_bits [15] \uo_out_val_mem_io_instr_cpu.io_data_resp_bits [15] \uo_out_val_mem_io_instr_cpu.io_data_resp_bits [15] \uo_out_val_mem_io_instr_cpu.io_data_resp_bits [15:0] 24'000000000000000000000000 \uo_out_val_mem_io_instr_cpu.io_data_resp_bits [7:0] 16'0000000000000000 \uo_out_val_mem_io_instr_cpu.io_data_resp_bits [15:0] }, Y=\uo_out_val_mem_io_instr_cpu.casez_tmp_2
      New ports: A=\uo_out_val_mem_io_instr_cpu.io_data_resp_bits [31:8], B={ \uo_out_val_mem_io_instr_cpu.io_data_resp_bits [7] \uo_out_val_mem_io_instr_cpu.io_data_resp_bits [7] \uo_out_val_mem_io_instr_cpu.io_data_resp_bits [7] \uo_out_val_mem_io_instr_cpu.io_data_resp_bits [7] \uo_out_val_mem_io_instr_cpu.io_data_resp_bits [7] \uo_out_val_mem_io_instr_cpu.io_data_resp_bits [7] \uo_out_val_mem_io_instr_cpu.io_data_resp_bits [7] \uo_out_val_mem_io_instr_cpu.io_data_resp_bits [7] \uo_out_val_mem_io_instr_cpu.io_data_resp_bits [7] \uo_out_val_mem_io_instr_cpu.io_data_resp_bits [7] \uo_out_val_mem_io_instr_cpu.io_data_resp_bits [7] \uo_out_val_mem_io_instr_cpu.io_data_resp_bits [7] \uo_out_val_mem_io_instr_cpu.io_data_resp_bits [7] \uo_out_val_mem_io_instr_cpu.io_data_resp_bits [7] \uo_out_val_mem_io_instr_cpu.io_data_resp_bits [7] \uo_out_val_mem_io_instr_cpu.io_data_resp_bits [7] \uo_out_val_mem_io_instr_cpu.io_data_resp_bits [7] \uo_out_val_mem_io_instr_cpu.io_data_resp_bits [7] \uo_out_val_mem_io_instr_cpu.io_data_resp_bits [7] \uo_out_val_mem_io_instr_cpu.io_data_resp_bits [7] \uo_out_val_mem_io_instr_cpu.io_data_resp_bits [7] \uo_out_val_mem_io_instr_cpu.io_data_resp_bits [7] \uo_out_val_mem_io_instr_cpu.io_data_resp_bits [7] \uo_out_val_mem_io_instr_cpu.io_data_resp_bits [7] \uo_out_val_mem_io_instr_cpu.io_data_resp_bits [15] \uo_out_val_mem_io_instr_cpu.io_data_resp_bits [15] \uo_out_val_mem_io_instr_cpu.io_data_resp_bits [15] \uo_out_val_mem_io_instr_cpu.io_data_resp_bits [15] \uo_out_val_mem_io_instr_cpu.io_data_resp_bits [15] \uo_out_val_mem_io_instr_cpu.io_data_resp_bits [15] \uo_out_val_mem_io_instr_cpu.io_data_resp_bits [15] \uo_out_val_mem_io_instr_cpu.io_data_resp_bits [15] \uo_out_val_mem_io_instr_cpu.io_data_resp_bits [15] \uo_out_val_mem_io_instr_cpu.io_data_resp_bits [15] \uo_out_val_mem_io_instr_cpu.io_data_resp_bits [15] \uo_out_val_mem_io_instr_cpu.io_data_resp_bits [15] \uo_out_val_mem_io_instr_cpu.io_data_resp_bits [15] \uo_out_val_mem_io_instr_cpu.io_data_resp_bits [15] \uo_out_val_mem_io_instr_cpu.io_data_resp_bits [15] \uo_out_val_mem_io_instr_cpu.io_data_resp_bits [15] \uo_out_val_mem_io_instr_cpu.io_data_resp_bits [15:8] 40'0000000000000000000000000000000000000000 \uo_out_val_mem_io_instr_cpu.io_data_resp_bits [15:8] }, Y=\uo_out_val_mem_io_instr_cpu.casez_tmp_2 [31:8]
      New connections: \uo_out_val_mem_io_instr_cpu.casez_tmp_2 [7:0] = \uo_out_val_mem_io_instr_cpu.io_data_resp_bits [7:0]
    Consolidated identical input bits for $mux cell $flatten\uo_out_val_mem_io_instr_cpu.$ternary$../../out/ulx3s_minimal/verilog/Hutt.sv:160$494:
      Old ports: A={ \uo_out_val_mem_io_instr_cpu._pcPlus4_T [31:2] 2'x }, B={ $flatten\uo_out_val_mem_io_instr_cpu.$add$../../out/ulx3s_minimal/verilog/Hutt.sv:161$493_Y [31:1] 1'x }, Y=$flatten\uo_out_val_mem_io_instr_cpu.$ternary$../../out/ulx3s_minimal/verilog/Hutt.sv:160$494_Y
      New ports: A={ \uo_out_val_mem_io_instr_cpu._pcPlus4_T [31:2] 1'x }, B=$flatten\uo_out_val_mem_io_instr_cpu.$add$../../out/ulx3s_minimal/verilog/Hutt.sv:161$493_Y [31:1], Y=$flatten\uo_out_val_mem_io_instr_cpu.$ternary$../../out/ulx3s_minimal/verilog/Hutt.sv:160$494_Y [31:1]
      New connections: $flatten\uo_out_val_mem_io_instr_cpu.$ternary$../../out/ulx3s_minimal/verilog/Hutt.sv:160$494_Y [0] = 1'x
    Consolidated identical input bits for $mux cell $ternary$../../out/ulx3s_minimal/verilog/ulx3s_minimal_top.sv:177$274:
      Old ports: A=32'11111111111111111111111111111111, B={ 25'0000000000000000000000000 \uo_out_val_time_limit 2'11 }, Y=$auto$wreduce.cc:514:run$2453
      New ports: A=6'111111, B={ 1'0 \uo_out_val_time_limit }, Y=$auto$wreduce.cc:514:run$2453 [7:2]
      New connections: { $auto$wreduce.cc:514:run$2453 [31:8] $auto$wreduce.cc:514:run$2453 [1:0] } = { $auto$wreduce.cc:514:run$2453 [7] $auto$wreduce.cc:514:run$2453 [7] $auto$wreduce.cc:514:run$2453 [7] $auto$wreduce.cc:514:run$2453 [7] $auto$wreduce.cc:514:run$2453 [7] $auto$wreduce.cc:514:run$2453 [7] $auto$wreduce.cc:514:run$2453 [7] $auto$wreduce.cc:514:run$2453 [7] $auto$wreduce.cc:514:run$2453 [7] $auto$wreduce.cc:514:run$2453 [7] $auto$wreduce.cc:514:run$2453 [7] $auto$wreduce.cc:514:run$2453 [7] $auto$wreduce.cc:514:run$2453 [7] $auto$wreduce.cc:514:run$2453 [7] $auto$wreduce.cc:514:run$2453 [7] $auto$wreduce.cc:514:run$2453 [7] $auto$wreduce.cc:514:run$2453 [7] $auto$wreduce.cc:514:run$2453 [7] $auto$wreduce.cc:514:run$2453 [7] $auto$wreduce.cc:514:run$2453 [7] $auto$wreduce.cc:514:run$2453 [7] $auto$wreduce.cc:514:run$2453 [7] $auto$wreduce.cc:514:run$2453 [7] $auto$wreduce.cc:514:run$2453 [7] 2'11 }
  Optimizing cells in module \ulx3s_minimal_top.
    Consolidated identical input bits for $mux cell $flatten\sdramBackend.$procmux$1797:
      Old ports: A=$flatten\sdramBackend.$procmux$1794_Y, B={ 1'0 $flatten\sdramBackend.$not$../../out/ulx3s_minimal/verilog/SdramBackend.sv:115$350_Y 2'00 }, Y=$flatten\sdramBackend.$procmux$1797_Y
      New ports: A={ 1'0 $flatten\sdramBackend.$procmux$1794_Y [0] }, B={ $flatten\sdramBackend.$not$../../out/ulx3s_minimal/verilog/SdramBackend.sv:115$350_Y 1'0 }, Y={ $flatten\sdramBackend.$procmux$1797_Y [2] $flatten\sdramBackend.$procmux$1797_Y [0] }
      New connections: { $flatten\sdramBackend.$procmux$1797_Y [3] $flatten\sdramBackend.$procmux$1797_Y [1] } = { 1'0 $flatten\sdramBackend.$procmux$1797_Y [0] }
    Consolidated identical input bits for $mux cell $flatten\sdramBackend.\sdram.$ternary$../../out/ulx3s_minimal/verilog/SdramController.sv:152$946:
      Old ports: A=$flatten\sdramBackend.\sdram.$ternary$../../out/ulx3s_minimal/verilog/SdramController.sv:152$945_Y, B={ 2'00 $flatten\sdramBackend.\sdram.$eq$../../out/ulx3s_minimal/verilog/SdramController.sv:152$944_Y }, Y=$flatten\sdramBackend.\sdram.$ternary$../../out/ulx3s_minimal/verilog/SdramController.sv:152$946_Y
      New ports: A={ $flatten\sdramBackend.\sdram.$ternary$../../out/ulx3s_minimal/verilog/SdramController.sv:152$945_Y [2] $flatten\sdramBackend.\sdram.$ternary$../../out/ulx3s_minimal/verilog/SdramController.sv:152$945_Y [0] }, B={ 1'0 $flatten\sdramBackend.\sdram.$eq$../../out/ulx3s_minimal/verilog/SdramController.sv:152$944_Y }, Y={ $flatten\sdramBackend.\sdram.$ternary$../../out/ulx3s_minimal/verilog/SdramController.sv:152$946_Y [2] $flatten\sdramBackend.\sdram.$ternary$../../out/ulx3s_minimal/verilog/SdramController.sv:152$946_Y [0] }
      New connections: $flatten\sdramBackend.\sdram.$ternary$../../out/ulx3s_minimal/verilog/SdramController.sv:152$946_Y [1] = 1'0
    Consolidated identical input bits for $mux cell $flatten\uo_out_val_mem_io_instr_cpu.$ternary$../../out/ulx3s_minimal/verilog/Hutt.sv:158$495:
      Old ports: A=$flatten\uo_out_val_mem_io_instr_cpu.$ternary$../../out/ulx3s_minimal/verilog/Hutt.sv:160$494_Y, B={ $flatten\uo_out_val_mem_io_instr_cpu.$add$../../out/ulx3s_minimal/verilog/Hutt.sv:159$490_Y [31:1] 1'x }, Y=$flatten\uo_out_val_mem_io_instr_cpu.$ternary$../../out/ulx3s_minimal/verilog/Hutt.sv:158$495_Y
      New ports: A=$flatten\uo_out_val_mem_io_instr_cpu.$ternary$../../out/ulx3s_minimal/verilog/Hutt.sv:160$494_Y [31:1], B=$flatten\uo_out_val_mem_io_instr_cpu.$add$../../out/ulx3s_minimal/verilog/Hutt.sv:159$490_Y [31:1], Y=$flatten\uo_out_val_mem_io_instr_cpu.$ternary$../../out/ulx3s_minimal/verilog/Hutt.sv:158$495_Y [31:1]
      New connections: $flatten\uo_out_val_mem_io_instr_cpu.$ternary$../../out/ulx3s_minimal/verilog/Hutt.sv:158$495_Y [0] = 1'x
  Optimizing cells in module \ulx3s_minimal_top.
Performed a total of 18 changes.

12.32.5. Executing OPT_MERGE pass (detect identical cells).
Finding identical cells in module `\ulx3s_minimal_top'.
Computing hashes of 1066 cells of `\ulx3s_minimal_top'.
Finding duplicate cells in `\ulx3s_minimal_top'.
Removed a total of 0 cells.

12.32.6. Executing OPT_DFF pass (perform DFF optimizations).

12.32.7. Executing OPT_CLEAN pass (remove unused cells and wires).
Finding unused cells or wires in module \ulx3s_minimal_top..

12.32.8. Executing OPT_EXPR pass (perform const folding).
Optimizing module ulx3s_minimal_top.
<suppressed ~3 debug messages>

12.32.9. Rerunning OPT passes. (Maybe there is more to do..)

12.32.10. Executing OPT_MUXTREE pass (detect dead branches in mux trees).
Running muxtree optimizer on module \ulx3s_minimal_top..
  Creating internal representation of mux trees.
  Evaluating internal representation of mux trees.
  Analyzing evaluation results.
Removed 0 multiplexer ports.
<suppressed ~272 debug messages>

12.32.11. Executing OPT_REDUCE pass (consolidate $*mux and $reduce_* inputs).
  Optimizing cells in module \ulx3s_minimal_top.
Performed a total of 0 changes.

12.32.12. Executing OPT_MERGE pass (detect identical cells).
Finding identical cells in module `\ulx3s_minimal_top'.
Computing hashes of 1063 cells of `\ulx3s_minimal_top'.
Finding duplicate cells in `\ulx3s_minimal_top'.
Removed a total of 0 cells.

12.32.13. Executing OPT_DFF pass (perform DFF optimizations).

12.32.14. Executing OPT_CLEAN pass (remove unused cells and wires).
Finding unused cells or wires in module \ulx3s_minimal_top..
Removed 0 unused cells and 3 unused wires.
<suppressed ~1 debug messages>

12.32.15. Executing OPT_EXPR pass (perform const folding).
Optimizing module ulx3s_minimal_top.

12.32.16. Rerunning OPT passes. (Maybe there is more to do..)

12.32.17. Executing OPT_MUXTREE pass (detect dead branches in mux trees).
Running muxtree optimizer on module \ulx3s_minimal_top..
  Creating internal representation of mux trees.
  Evaluating internal representation of mux trees.
  Analyzing evaluation results.
Removed 0 multiplexer ports.
<suppressed ~272 debug messages>

12.32.18. Executing OPT_REDUCE pass (consolidate $*mux and $reduce_* inputs).
  Optimizing cells in module \ulx3s_minimal_top.
Performed a total of 0 changes.

12.32.19. Executing OPT_MERGE pass (detect identical cells).
Finding identical cells in module `\ulx3s_minimal_top'.
Computing hashes of 1063 cells of `\ulx3s_minimal_top'.
Finding duplicate cells in `\ulx3s_minimal_top'.
Removed a total of 0 cells.

12.32.20. Executing OPT_DFF pass (perform DFF optimizations).

12.32.21. Executing OPT_CLEAN pass (remove unused cells and wires).
Finding unused cells or wires in module \ulx3s_minimal_top..

12.32.22. Executing OPT_EXPR pass (perform const folding).
Optimizing module ulx3s_minimal_top.

12.32.23. Finished fast OPT passes. (There is nothing left to do.)

12.33. Executing TECHMAP pass (map to technology primitives).

12.33.1. Executing Verilog-2005 frontend: /nix/store/26cgz59r0qz6d0y2malp3qs7198lbp21-yosys-0.62/bin/../share/yosys/techmap.v
Parsing Verilog input from `/nix/store/26cgz59r0qz6d0y2malp3qs7198lbp21-yosys-0.62/bin/../share/yosys/techmap.v' to AST representation.
Generating RTLIL representation for module `\_90_simplemap_bool_ops'.
Generating RTLIL representation for module `\_90_simplemap_reduce_ops'.
Generating RTLIL representation for module `\_90_simplemap_logic_ops'.
Generating RTLIL representation for module `\_90_simplemap_compare_ops'.
Generating RTLIL representation for module `\_90_simplemap_various'.
Generating RTLIL representation for module `\_90_simplemap_registers'.
Generating RTLIL representation for module `\_90_shift_ops_shr_shl_sshl_sshr'.
Generating RTLIL representation for module `\_90_shift_shiftx'.
Generating RTLIL representation for module `\_90_fa'.
Generating RTLIL representation for module `\_90_lcu_brent_kung'.
Generating RTLIL representation for module `\_90_alu'.
Generating RTLIL representation for module `\_90_macc'.
Generating RTLIL representation for module `\_90_alumacc'.
Generating RTLIL representation for module `$__div_mod_u'.
Generating RTLIL representation for module `$__div_mod_trunc'.
Generating RTLIL representation for module `\_90_div'.
Generating RTLIL representation for module `\_90_mod'.
Generating RTLIL representation for module `$__div_mod_floor'.
Generating RTLIL representation for module `\_90_divfloor'.
Generating RTLIL representation for module `\_90_modfloor'.
Generating RTLIL representation for module `\_90_pow'.
Generating RTLIL representation for module `\_90_pmux'.
Generating RTLIL representation for module `\_90_demux'.
Generating RTLIL representation for module `\_90_lut'.
Generating RTLIL representation for module `$connect'.
Generating RTLIL representation for module `$input_port'.
Successfully finished Verilog frontend.

12.33.2. Executing Verilog-2005 frontend: /nix/store/26cgz59r0qz6d0y2malp3qs7198lbp21-yosys-0.62/bin/../share/yosys/lattice/arith_map_ccu2c.v
Parsing Verilog input from `/nix/store/26cgz59r0qz6d0y2malp3qs7198lbp21-yosys-0.62/bin/../share/yosys/lattice/arith_map_ccu2c.v' to AST representation.
Generating RTLIL representation for module `\_80_ccu2c_alu'.
Successfully finished Verilog frontend.

12.33.3. Continuing TECHMAP pass.
Using extmapper simplemap for cells of type $sdffe.
Using extmapper simplemap for cells of type $reduce_and.
Using extmapper simplemap for cells of type $not.
Using extmapper simplemap for cells of type $reduce_bool.
Using extmapper simplemap for cells of type $xor.
Using template $paramod$fbc7873bff55778c0b3173955b7e4bce1d9d6834\_80_ccu2c_alu for cells of type $alu.
Using template $paramod$d7c91f8d4ce389beb1bd34b271e05fae2549a2a8\_80_ccu2c_alu for cells of type $alu.
Using template $paramod$6fc37af1c109ae54e8aed83fcd995c12d378ce93\_80_ccu2c_alu for cells of type $alu.
Using template $paramod$ebf89ea36a793f0f77858f212141d47c833068ad\_80_ccu2c_alu for cells of type $alu.
Using template $paramod$44a13d10af618e7fbe7b9aad2f6151ffcee1e2fa\_80_ccu2c_alu for cells of type $alu.
Using template $paramod$175e67c02b86e96b1288b9dc100122520d7240d8\_90_alu for cells of type $alu.
Using template $paramod$32a7b7b86c07519b7537abc18e96f0331f97914d\_90_alu for cells of type $alu.
Using template $paramod$215440792383f7884e57d9c95f84e9552d0bf4ac\_80_ccu2c_alu for cells of type $alu.
Using template $paramod$10ed987432f06055e5279101f9ec60a49861b43c\_80_ccu2c_alu for cells of type $alu.
Using template $paramod$2af30114e9bd4ccb04dad757b3f0a8f6bf0615b0\_80_ccu2c_alu for cells of type $alu.
Using template $paramod$fc972a7a46956c1788f3cb5257b53c8f1df2d0cc\_90_alu for cells of type $alu.
Using template $paramod$79aa992f2eb7f354d4aaf651790713cf239111fa\_80_ccu2c_alu for cells of type $alu.
Using template $paramod$788c3d57e5abb3a3f89aea6d4acd665be37f4e9b\_80_ccu2c_alu for cells of type $alu.
Using template $paramod$6a42b6fefed750f8a1c58eab59479d960557103c\_80_ccu2c_alu for cells of type $alu.
Using template $paramod$3b7577489eb4433b1d5620cab7f3794743dee5ea\_80_ccu2c_alu for cells of type $alu.
Using template $paramod$672a140277c71df8314410f22acc08d55222c3c7\_80_ccu2c_alu for cells of type $alu.
Using template $paramod$3ef7d3dd227da7627a99c5e5a6a4deb817573e39\_90_alu for cells of type $alu.
Using extmapper simplemap for cells of type $reduce_or.
Using extmapper simplemap for cells of type $or.
Using template $paramod$4dff3869348509aa1010f36fd3c126ffcb6bd22f\_80_ccu2c_alu for cells of type $alu.
Using template $paramod$2780480d52179e2db572a6e5133edf36e733d32e\_80_ccu2c_alu for cells of type $alu.
Using extmapper simplemap for cells of type $dffe.
Using extmapper simplemap for cells of type $ne.
Using extmapper simplemap for cells of type $sdff.
Using extmapper simplemap for cells of type $sdffce.
Using extmapper simplemap for cells of type $and.
Using extmapper simplemap for cells of type $eq.
Using extmapper simplemap for cells of type $dff.
Using extmapper simplemap for cells of type $mux.
Using template $paramod$9398518f3a66906c93ac7eaad9a961f31111e0c1\_90_pmux for cells of type $pmux.
Using template $paramod$constmap:8e66d8dd60fcf7e3a5815ef17e34f47dda9b68c1$paramod$1e183f40592f784597ca01082787fdab10a410bd\_90_shift_ops_shr_shl_sshl_sshr for cells of type $shl.
Using extmapper simplemap for cells of type $logic_not.
Using template $paramod$645fe0cc96ae5edb83bff90cc2c78f4a20ca3e3c\_90_pmux for cells of type $pmux.
Using template $paramod$constmap:4621fcf06a436d1e2a4080e2ed9866a7d07a6e07$paramod$feecc7a0dbd012970970f2858f15e786e251f677\_90_shift_ops_shr_shl_sshl_sshr for cells of type $shr.
Using template $paramod$constmap:4621fcf06a436d1e2a4080e2ed9866a7d07a6e07$paramod$e765c459d3029c22a22a27989e94858fd9ebfa9c\_90_shift_ops_shr_shl_sshl_sshr for cells of type $sshr.
Using template $paramod$constmap:4621fcf06a436d1e2a4080e2ed9866a7d07a6e07$paramod$335cfd09f1afa8139c4aafcbbe5f361887b79c5e\_90_shift_ops_shr_shl_sshl_sshr for cells of type $shl.
Using template $paramod$104d3d1e82b09b030a785dad8a5e608a6d4401f7\_90_pmux for cells of type $pmux.
Using template $paramod$b1b84ea6577090e4343ab204585f770b9ac9f33b\_90_pmux for cells of type $pmux.
Using template $paramod$33afdd83bf3811dac2de7a968d39eea5718691bc\_90_pmux for cells of type $pmux.
Using template $paramod$2407ada40cc3dda6c6015be2b49b748cddb5a800\_90_pmux for cells of type $pmux.
Using template $paramod$19e9557905baa9d3741d0daa66e2ef076e9bab7d\_90_pmux for cells of type $pmux.
Using extmapper simplemap for cells of type $lut.
Using template $paramod$constmap:1ef046be63c9541309f2f19c4ef998a798f64488$paramod$b73ff74bc0c5fc1214d99ceeb32fa1e470941ca6\_90_shift_ops_shr_shl_sshl_sshr for cells of type $shr.
Using template $paramod$constmap:66d421c313e4e958be776b99540ac2de3b59fdbc$paramod$77562a466236eb4a6d905351a0995599b75075cb\_90_shift_ops_shr_shl_sshl_sshr for cells of type $shl.
Using template $paramod$56f7ce6d87f8add68ca646dc02d7695a3189f8e5\_90_pmux for cells of type $pmux.
Using template $paramod$85df5dc01c7df96a7d8e5f1fdf76ce9ac452af63\_90_pmux for cells of type $pmux.
Using template $paramod$b756e651b7db7aeb455331d9a2df073db93fcc2e\_90_pmux for cells of type $pmux.
Using template $paramod$0c16c00f0f574905a99617e9ad4871dd8ff9dbb0\_90_pmux for cells of type $pmux.
Using template $paramod$20d3ee62d72123142eb855d7ddafd835e31ba009\_90_pmux for cells of type $pmux.
Using template $paramod$22d60a7641dca782b2290912c8e26f3c8b9c52b2\_90_pmux for cells of type $pmux.
Using extmapper simplemap for cells of type $logic_or.
Using extmapper simplemap for cells of type $logic_and.
Using extmapper simplemap for cells of type $pos.
Using template $paramod\_90_fa\WIDTH=32'00000000000000000000000000000010 for cells of type $fa.
Using template $paramod\_90_lcu_brent_kung\WIDTH=32'00000000000000000000000000000010 for cells of type $lcu.
Using template $paramod\_90_fa\WIDTH=32'00000000000000000000000000000100 for cells of type $fa.
Using template $paramod\_90_lcu_brent_kung\WIDTH=32'00000000000000000000000000000100 for cells of type $lcu.
Using template $paramod\_90_fa\WIDTH=32'00000000000000000000000000000001 for cells of type $fa.
Using template $paramod\_90_lcu_brent_kung\WIDTH=32'00000000000000000000000000000001 for cells of type $lcu.
Using template $paramod\_90_fa\WIDTH=32'00000000000000000000000000000011 for cells of type $fa.
Using template $paramod\_90_lcu_brent_kung\WIDTH=32'00000000000000000000000000000011 for cells of type $lcu.
No more expansions possible.
<suppressed ~5679 debug messages>

12.34. Executing OPT pass (performing simple optimizations).

12.34.1. Executing OPT_EXPR pass (perform const folding).
Optimizing module ulx3s_minimal_top.
<suppressed ~3430 debug messages>

12.34.2. Executing OPT_MERGE pass (detect identical cells).
Finding identical cells in module `\ulx3s_minimal_top'.
Computing hashes of 12355 cells of `\ulx3s_minimal_top'.
Finding duplicate cells in `\ulx3s_minimal_top'.
Computing hashes of 11401 cells of `\ulx3s_minimal_top'.
Finding duplicate cells in `\ulx3s_minimal_top'.
Computing hashes of 11129 cells of `\ulx3s_minimal_top'.
Finding duplicate cells in `\ulx3s_minimal_top'.
Computing hashes of 11047 cells of `\ulx3s_minimal_top'.
Finding duplicate cells in `\ulx3s_minimal_top'.
Computing hashes of 11027 cells of `\ulx3s_minimal_top'.
Finding duplicate cells in `\ulx3s_minimal_top'.
Computing hashes of 11026 cells of `\ulx3s_minimal_top'.
Finding duplicate cells in `\ulx3s_minimal_top'.
<suppressed ~3987 debug messages>
Removed a total of 1329 cells.

12.34.3. Executing OPT_DFF pass (perform DFF optimizations).

12.34.4. Executing OPT_CLEAN pass (remove unused cells and wires).
Finding unused cells or wires in module \ulx3s_minimal_top..
Removed 930 unused cells and 3847 unused wires.
<suppressed ~931 debug messages>

12.34.5. Finished fast OPT passes.

12.35. Executing OPT_CLEAN pass (remove unused cells and wires).
Finding unused cells or wires in module \ulx3s_minimal_top..

12.36. Executing DFFLEGALIZE pass (convert FFs to types supported by the target).

12.37. Executing OPT_MERGE pass (detect identical cells).
Finding identical cells in module `\ulx3s_minimal_top'.
Computing hashes of 10529 cells of `\ulx3s_minimal_top'.
Finding duplicate cells in `\ulx3s_minimal_top'.
Computing hashes of 10103 cells of `\ulx3s_minimal_top'.
Finding duplicate cells in `\ulx3s_minimal_top'.
Computing hashes of 10102 cells of `\ulx3s_minimal_top'.
Finding duplicate cells in `\ulx3s_minimal_top'.
<suppressed ~1281 debug messages>
Removed a total of 427 cells.

12.38. Executing TECHMAP pass (map to technology primitives).

12.38.1. Executing Verilog-2005 frontend: /nix/store/26cgz59r0qz6d0y2malp3qs7198lbp21-yosys-0.62/bin/../share/yosys/lattice/cells_map_trellis.v
Parsing Verilog input from `/nix/store/26cgz59r0qz6d0y2malp3qs7198lbp21-yosys-0.62/bin/../share/yosys/lattice/cells_map_trellis.v' to AST representation.
Generating RTLIL representation for module `$_DFF_N_'.
Generating RTLIL representation for module `$_DFF_P_'.
Generating RTLIL representation for module `$_DFFE_NN_'.
Generating RTLIL representation for module `$_DFFE_PN_'.
Generating RTLIL representation for module `$_DFFE_NP_'.
Generating RTLIL representation for module `$_DFFE_PP_'.
Generating RTLIL representation for module `$_DFF_NP0_'.
Generating RTLIL representation for module `$_DFF_NP1_'.
Generating RTLIL representation for module `$_DFF_PP0_'.
Generating RTLIL representation for module `$_DFF_PP1_'.
Generating RTLIL representation for module `$_SDFF_NP0_'.
Generating RTLIL representation for module `$_SDFF_NP1_'.
Generating RTLIL representation for module `$_SDFF_PP0_'.
Generating RTLIL representation for module `$_SDFF_PP1_'.
Generating RTLIL representation for module `$_DFFE_NP0P_'.
Generating RTLIL representation for module `$_DFFE_NP1P_'.
Generating RTLIL representation for module `$_DFFE_PP0P_'.
Generating RTLIL representation for module `$_DFFE_PP1P_'.
Generating RTLIL representation for module `$_DFFE_NP0N_'.
Generating RTLIL representation for module `$_DFFE_NP1N_'.
Generating RTLIL representation for module `$_DFFE_PP0N_'.
Generating RTLIL representation for module `$_DFFE_PP1N_'.
Generating RTLIL representation for module `$_SDFFE_NP0P_'.
Generating RTLIL representation for module `$_SDFFE_NP1P_'.
Generating RTLIL representation for module `$_SDFFE_PP0P_'.
Generating RTLIL representation for module `$_SDFFE_PP1P_'.
Generating RTLIL representation for module `$_SDFFE_NP0N_'.
Generating RTLIL representation for module `$_SDFFE_NP1N_'.
Generating RTLIL representation for module `$_SDFFE_PP0N_'.
Generating RTLIL representation for module `$_SDFFE_PP1N_'.
Generating RTLIL representation for module `$_ALDFF_NP_'.
Generating RTLIL representation for module `$_ALDFF_PP_'.
Generating RTLIL representation for module `$_ALDFFE_NPN_'.
Generating RTLIL representation for module `$_ALDFFE_NPP_'.
Generating RTLIL representation for module `$_ALDFFE_PPN_'.
Generating RTLIL representation for module `$_ALDFFE_PPP_'.
Generating RTLIL representation for module `\FD1P3AX'.
Generating RTLIL representation for module `\FD1P3AY'.
Generating RTLIL representation for module `\FD1P3BX'.
Generating RTLIL representation for module `\FD1P3DX'.
Generating RTLIL representation for module `\FD1P3IX'.
Generating RTLIL representation for module `\FD1P3JX'.
Generating RTLIL representation for module `\FD1S3AX'.
Generating RTLIL representation for module `\FD1S3AY'.
Generating RTLIL representation for module `\FD1S3BX'.
Generating RTLIL representation for module `\FD1S3DX'.
Generating RTLIL representation for module `\FD1S3IX'.
Generating RTLIL representation for module `\FD1S3JX'.
Generating RTLIL representation for module `\IFS1P3BX'.
Generating RTLIL representation for module `\IFS1P3DX'.
Generating RTLIL representation for module `\IFS1P3IX'.
Generating RTLIL representation for module `\IFS1P3JX'.
Generating RTLIL representation for module `\OFS1P3BX'.
Generating RTLIL representation for module `\OFS1P3DX'.
Generating RTLIL representation for module `\OFS1P3IX'.
Generating RTLIL representation for module `\OFS1P3JX'.
Generating RTLIL representation for module `\IB'.
Generating RTLIL representation for module `\IBPU'.
Generating RTLIL representation for module `\IBPD'.
Generating RTLIL representation for module `\OB'.
Generating RTLIL representation for module `\OBZ'.
Generating RTLIL representation for module `\OBZPU'.
Generating RTLIL representation for module `\OBZPD'.
Generating RTLIL representation for module `\OBCO'.
Generating RTLIL representation for module `\BB'.
Generating RTLIL representation for module `\BBPU'.
Generating RTLIL representation for module `\BBPD'.
Generating RTLIL representation for module `\ILVDS'.
Generating RTLIL representation for module `\OLVDS'.
Successfully finished Verilog frontend.

12.38.2. Continuing TECHMAP pass.
Using template $paramod$_DFF_P_\_TECHMAP_WIREINIT_Q_=1'x for cells of type $_DFF_P_.
Using template $_SDFFE_PP0P_ for cells of type $_SDFFE_PP0P_.
Using template $paramod$_DFF_N_\_TECHMAP_WIREINIT_Q_=1'x for cells of type $_DFF_N_.
Using template $_SDFF_PP0_ for cells of type $_SDFF_PP0_.
Using template $_SDFFE_PP0N_ for cells of type $_SDFFE_PP0N_.
Using template $_SDFFE_PP1N_ for cells of type $_SDFFE_PP1N_.
Using template $paramod$_DFFE_PP_\_TECHMAP_WIREINIT_Q_=1'x for cells of type $_DFFE_PP_.
Using template $paramod$_DFFE_PN_\_TECHMAP_WIREINIT_Q_=1'x for cells of type $_DFFE_PN_.
Using template $_SDFFE_PP1P_ for cells of type $_SDFFE_PP1P_.
Using template $_SDFF_PP1_ for cells of type $_SDFF_PP1_.
Using template BB for cells of type BB.
No more expansions possible.
<suppressed ~1840 debug messages>

12.39. Executing OPT_EXPR pass (perform const folding).
Optimizing module ulx3s_minimal_top.
<suppressed ~17 debug messages>

12.40. Executing SIMPLEMAP pass (map simple cells to gate primitives).

12.41. Executing LATTICE_GSR pass (implement FF init values).
Handling GSR in ulx3s_minimal_top.

12.42. Executing ATTRMVCP pass (move or copy attributes).

12.43. Executing OPT_CLEAN pass (remove unused cells and wires).
Finding unused cells or wires in module \ulx3s_minimal_top..
Removed 0 unused cells and 9383 unused wires.
<suppressed ~1 debug messages>

12.44. Executing TECHMAP pass (map to technology primitives).

12.44.1. Executing Verilog-2005 frontend: /nix/store/26cgz59r0qz6d0y2malp3qs7198lbp21-yosys-0.62/bin/../share/yosys/lattice/latches_map.v
Parsing Verilog input from `/nix/store/26cgz59r0qz6d0y2malp3qs7198lbp21-yosys-0.62/bin/../share/yosys/lattice/latches_map.v' to AST representation.
Generating RTLIL representation for module `$_DLATCH_N_'.
Generating RTLIL representation for module `$_DLATCH_P_'.
Successfully finished Verilog frontend.

12.44.2. Continuing TECHMAP pass.
No more expansions possible.
<suppressed ~4 debug messages>

12.45. Executing ABC9 pass.

12.45.1. Executing ABC9_OPS pass (helper functions for ABC9).

12.45.2. Executing ABC9_OPS pass (helper functions for ABC9).

12.45.3. Executing SCC pass (detecting logic loops).
Found an SCC: $auto$simplemap.cc:106:simplemap_bitop$15741 $auto$simplemap.cc:256:simplemap_logbin$15704 $auto$simplemap.cc:256:simplemap_logbin$15703 $auto$ff.cc:337:slice$4596 $auto$simplemap.cc:106:simplemap_bitop$15740 $auto$ff.cc:337:slice$4595 $auto$simplemap.cc:157:simplemap_reduce$3795 $auto$simplemap.cc:106:simplemap_bitop$15739 $auto$ff.cc:337:slice$4594 $auto$simplemap.cc:106:simplemap_bitop$15738 $auto$ff.cc:337:slice$4593 $auto$simplemap.cc:157:simplemap_reduce$3802 $auto$simplemap.cc:157:simplemap_reduce$3799 $auto$simplemap.cc:157:simplemap_reduce$3794 $auto$simplemap.cc:106:simplemap_bitop$15737 $auto$ff.cc:337:slice$4592 $auto$simplemap.cc:106:simplemap_bitop$15736 $auto$ff.cc:337:slice$4591 $auto$simplemap.cc:157:simplemap_reduce$3793 $auto$simplemap.cc:106:simplemap_bitop$15735 $auto$ff.cc:337:slice$4590 $auto$simplemap.cc:106:simplemap_bitop$15734 $auto$ff.cc:337:slice$4589 $auto$simplemap.cc:157:simplemap_reduce$3798 $auto$simplemap.cc:157:simplemap_reduce$3792 $auto$simplemap.cc:106:simplemap_bitop$15733 $auto$ff.cc:337:slice$4588 $auto$simplemap.cc:106:simplemap_bitop$15732 $auto$ff.cc:337:slice$4587 $auto$simplemap.cc:157:simplemap_reduce$3791 $auto$simplemap.cc:106:simplemap_bitop$15731 $auto$ff.cc:337:slice$4586 $auto$simplemap.cc:106:simplemap_bitop$15730 $auto$ff.cc:337:slice$4585 $auto$simplemap.cc:157:simplemap_reduce$3797 $auto$simplemap.cc:157:simplemap_reduce$3790 $auto$simplemap.cc:106:simplemap_bitop$15729 $auto$simplemap.cc:46:simplemap_not$3805 $auto$simplemap.cc:256:simplemap_logbin$15701 $auto$simplemap.cc:256:simplemap_logbin$15702 $auto$alumacc.cc:512:replace_alu$2486.slice[10].ccu2c_i $auto$alumacc.cc:512:replace_alu$2486.slice[8].ccu2c_i $auto$alumacc.cc:512:replace_alu$2486.slice[6].ccu2c_i $auto$alumacc.cc:512:replace_alu$2486.slice[4].ccu2c_i $auto$alumacc.cc:512:replace_alu$2486.slice[2].ccu2c_i $auto$alumacc.cc:512:replace_alu$2486.slice[0].ccu2c_i $auto$ff.cc:337:slice$4584 $auto$simplemap.cc:157:simplemap_reduce$4600 $auto$simplemap.cc:157:simplemap_reduce$4598 $auto$simplemap.cc:46:simplemap_not$3787 $auto$simplemap.cc:106:simplemap_bitop$3788 $auto$simplemap.cc:157:simplemap_reduce$3804 $auto$simplemap.cc:157:simplemap_reduce$3801
Found an SCC: $auto$ff.cc:337:slice$4614 $auto$ff.cc:337:slice$4613 $auto$simplemap.cc:157:simplemap_reduce$5967 $auto$simplemap.cc:106:simplemap_bitop$8002 $auto$simplemap.cc:157:simplemap_reduce$8004
Found an SCC: $auto$ff.cc:337:slice$4606 $auto$simplemap.cc:198:logic_reduce$12427 $auto$ff.cc:337:slice$4605 $auto$simplemap.cc:227:simplemap_lognot$12430 $auto$simplemap.cc:198:logic_reduce$12429 $auto$simplemap.cc:198:logic_reduce$12426 $auto$ff.cc:337:slice$4604 $auto$simplemap.cc:157:simplemap_reduce$4608
Found an SCC: $auto$ff.cc:337:slice$4025 $auto$opt_expr.cc:609:replace_const_cells$22829 $auto$ff.cc:337:slice$4024 $auto$opt_expr.cc:609:replace_const_cells$22831 $auto$ff.cc:337:slice$4023 $auto$simplemap.cc:46:simplemap_not$15432 $auto$ff.cc:337:slice$4022 $auto$simplemap.cc:157:simplemap_reduce$7748 $auto$simplemap.cc:46:simplemap_not$15431 $auto$ff.cc:337:slice$4021 $auto$simplemap.cc:157:simplemap_reduce$4019 $auto$simplemap.cc:106:simplemap_bitop$6957 $auto$simplemap.cc:227:simplemap_lognot$7755 $auto$simplemap.cc:157:simplemap_reduce$7753 $auto$simplemap.cc:157:simplemap_reduce$7751 $auto$simplemap.cc:157:simplemap_reduce$7749
Found 4 SCCs in module ulx3s_minimal_top.
Found 4 SCCs.

12.45.4. Executing ABC9_OPS pass (helper functions for ABC9).

12.45.5. Executing TECHMAP pass (map to technology primitives).

12.45.5.1. Executing Verilog-2005 frontend: /nix/store/26cgz59r0qz6d0y2malp3qs7198lbp21-yosys-0.62/bin/../share/yosys/techmap.v
Parsing Verilog input from `/nix/store/26cgz59r0qz6d0y2malp3qs7198lbp21-yosys-0.62/bin/../share/yosys/techmap.v' to AST representation.
Generating RTLIL representation for module `\_90_simplemap_bool_ops'.
Generating RTLIL representation for module `\_90_simplemap_reduce_ops'.
Generating RTLIL representation for module `\_90_simplemap_logic_ops'.
Generating RTLIL representation for module `\_90_simplemap_compare_ops'.
Generating RTLIL representation for module `\_90_simplemap_various'.
Generating RTLIL representation for module `\_90_simplemap_registers'.
Generating RTLIL representation for module `\_90_shift_ops_shr_shl_sshl_sshr'.
Generating RTLIL representation for module `\_90_shift_shiftx'.
Generating RTLIL representation for module `\_90_fa'.
Generating RTLIL representation for module `\_90_lcu_brent_kung'.
Generating RTLIL representation for module `\_90_alu'.
Generating RTLIL representation for module `\_90_macc'.
Generating RTLIL representation for module `\_90_alumacc'.
Generating RTLIL representation for module `$__div_mod_u'.
Generating RTLIL representation for module `$__div_mod_trunc'.
Generating RTLIL representation for module `\_90_div'.
Generating RTLIL representation for module `\_90_mod'.
Generating RTLIL representation for module `$__div_mod_floor'.
Generating RTLIL representation for module `\_90_divfloor'.
Generating RTLIL representation for module `\_90_modfloor'.
Generating RTLIL representation for module `\_90_pow'.
Generating RTLIL representation for module `\_90_pmux'.
Generating RTLIL representation for module `\_90_demux'.
Generating RTLIL representation for module `\_90_lut'.
Generating RTLIL representation for module `$connect'.
Generating RTLIL representation for module `$input_port'.
Successfully finished Verilog frontend.

12.45.5.2. Continuing TECHMAP pass.
No more expansions possible.
<suppressed ~166 debug messages>

12.45.6. Executing OPT pass (performing simple optimizations).

12.45.6.1. Executing OPT_EXPR pass (perform const folding).

12.45.6.2. Executing OPT_MERGE pass (detect identical cells).
Removed a total of 0 cells.

12.45.6.3. Executing OPT_MUXTREE pass (detect dead branches in mux trees).
Removed 0 multiplexer ports.

12.45.6.4. Executing OPT_REDUCE pass (consolidate $*mux and $reduce_* inputs).
Performed a total of 0 changes.

12.45.6.5. Executing OPT_MERGE pass (detect identical cells).
Removed a total of 0 cells.

12.45.6.6. Executing OPT_DFF pass (perform DFF optimizations).

12.45.6.7. Executing OPT_CLEAN pass (remove unused cells and wires).

12.45.6.8. Executing OPT_EXPR pass (perform const folding).

12.45.6.9. Finished fast OPT passes. (There is nothing left to do.)

12.45.7. Executing TECHMAP pass (map to technology primitives).

12.45.7.1. Executing Verilog-2005 frontend: /nix/store/26cgz59r0qz6d0y2malp3qs7198lbp21-yosys-0.62/bin/../share/yosys/abc9_map.v
Parsing Verilog input from `/nix/store/26cgz59r0qz6d0y2malp3qs7198lbp21-yosys-0.62/bin/../share/yosys/abc9_map.v' to AST representation.
Successfully finished Verilog frontend.

12.45.7.2. Continuing TECHMAP pass.
No more expansions possible.
<suppressed ~2 debug messages>

12.45.8. Executing Verilog-2005 frontend: /nix/store/26cgz59r0qz6d0y2malp3qs7198lbp21-yosys-0.62/bin/../share/yosys/abc9_model.v
Parsing Verilog input from `/nix/store/26cgz59r0qz6d0y2malp3qs7198lbp21-yosys-0.62/bin/../share/yosys/abc9_model.v' to AST representation.
Generating RTLIL representation for module `$__ABC9_DELAY'.
Generating RTLIL representation for module `$__ABC9_SCC_BREAKER'.
Generating RTLIL representation for module `$__DFF_N__$abc9_flop'.
Generating RTLIL representation for module `$__DFF_P__$abc9_flop'.
Successfully finished Verilog frontend.

12.45.9. Executing ABC9_OPS pass (helper functions for ABC9).
<suppressed ~2 debug messages>

12.45.10. Executing ABC9_OPS pass (helper functions for ABC9).

12.45.11. Executing ABC9_OPS pass (helper functions for ABC9).
<suppressed ~2 debug messages>

12.45.12. Executing TECHMAP pass (map to technology primitives).

12.45.12.1. Executing Verilog-2005 frontend: /nix/store/26cgz59r0qz6d0y2malp3qs7198lbp21-yosys-0.62/bin/../share/yosys/techmap.v
Parsing Verilog input from `/nix/store/26cgz59r0qz6d0y2malp3qs7198lbp21-yosys-0.62/bin/../share/yosys/techmap.v' to AST representation.
Generating RTLIL representation for module `\_90_simplemap_bool_ops'.
Generating RTLIL representation for module `\_90_simplemap_reduce_ops'.
Generating RTLIL representation for module `\_90_simplemap_logic_ops'.
Generating RTLIL representation for module `\_90_simplemap_compare_ops'.
Generating RTLIL representation for module `\_90_simplemap_various'.
Generating RTLIL representation for module `\_90_simplemap_registers'.
Generating RTLIL representation for module `\_90_shift_ops_shr_shl_sshl_sshr'.
Generating RTLIL representation for module `\_90_shift_shiftx'.
Generating RTLIL representation for module `\_90_fa'.
Generating RTLIL representation for module `\_90_lcu_brent_kung'.
Generating RTLIL representation for module `\_90_alu'.
Generating RTLIL representation for module `\_90_macc'.
Generating RTLIL representation for module `\_90_alumacc'.
Generating RTLIL representation for module `$__div_mod_u'.
Generating RTLIL representation for module `$__div_mod_trunc'.
Generating RTLIL representation for module `\_90_div'.
Generating RTLIL representation for module `\_90_mod'.
Generating RTLIL representation for module `$__div_mod_floor'.
Generating RTLIL representation for module `\_90_divfloor'.
Generating RTLIL representation for module `\_90_modfloor'.
Generating RTLIL representation for module `\_90_pow'.
Generating RTLIL representation for module `\_90_pmux'.
Generating RTLIL representation for module `\_90_demux'.
Generating RTLIL representation for module `\_90_lut'.
Generating RTLIL representation for module `$connect'.
Generating RTLIL representation for module `$input_port'.
Successfully finished Verilog frontend.

12.45.12.2. Continuing TECHMAP pass.
Using template $paramod$838872d5a4bab89607f53482b205c0fd50d8b82e\CCU2C for cells of type $paramod$838872d5a4bab89607f53482b205c0fd50d8b82e\CCU2C.
Using extmapper simplemap for cells of type $or.
Using extmapper simplemap for cells of type $and.
Using extmapper simplemap for cells of type $not.
Using extmapper simplemap for cells of type $xor.
Using template $paramod\LUT2\INIT=4'1010 for cells of type LUT2.
Using template $paramod\LUT4\INIT=16'1001011010101010 for cells of type LUT4.
Using extmapper simplemap for cells of type $mux.
No more expansions possible.
<suppressed ~205 debug messages>

12.45.13. Executing OPT pass (performing simple optimizations).

12.45.13.1. Executing OPT_EXPR pass (perform const folding).
Optimizing module ulx3s_minimal_top.
<suppressed ~18 debug messages>

12.45.13.2. Executing OPT_MERGE pass (detect identical cells).
Finding identical cells in module `\ulx3s_minimal_top'.
Computing hashes of 59 cells of `\ulx3s_minimal_top'.
Finding duplicate cells in `\ulx3s_minimal_top'.
Computing hashes of 57 cells of `\ulx3s_minimal_top'.
Finding duplicate cells in `\ulx3s_minimal_top'.
<suppressed ~6 debug messages>
Removed a total of 2 cells.

12.45.13.3. Executing OPT_MUXTREE pass (detect dead branches in mux trees).
Running muxtree optimizer on module \ulx3s_minimal_top..
  Creating internal representation of mux trees.
  No muxes found in this module.
Removed 0 multiplexer ports.

12.45.13.4. Executing OPT_REDUCE pass (consolidate $*mux and $reduce_* inputs).
  Optimizing cells in module \ulx3s_minimal_top.
Performed a total of 0 changes.

12.45.13.5. Executing OPT_MERGE pass (detect identical cells).
Finding identical cells in module `\ulx3s_minimal_top'.
Computing hashes of 57 cells of `\ulx3s_minimal_top'.
Finding duplicate cells in `\ulx3s_minimal_top'.
Removed a total of 0 cells.

12.45.13.6. Executing OPT_DFF pass (perform DFF optimizations).

12.45.13.7. Executing OPT_CLEAN pass (remove unused cells and wires).
Finding unused cells or wires in module \ulx3s_minimal_top..
Removed 0 unused cells and 55 unused wires.
<suppressed ~1 debug messages>

12.45.13.8. Executing OPT_EXPR pass (perform const folding).
Optimizing module ulx3s_minimal_top.

12.45.13.9. Rerunning OPT passes. (Maybe there is more to do..)

12.45.13.10. Executing OPT_MUXTREE pass (detect dead branches in mux trees).
Running muxtree optimizer on module \ulx3s_minimal_top..
  Creating internal representation of mux trees.
  No muxes found in this module.
Removed 0 multiplexer ports.

12.45.13.11. Executing OPT_REDUCE pass (consolidate $*mux and $reduce_* inputs).
  Optimizing cells in module \ulx3s_minimal_top.
Performed a total of 0 changes.

12.45.13.12. Executing OPT_MERGE pass (detect identical cells).
Finding identical cells in module `\ulx3s_minimal_top'.
Computing hashes of 57 cells of `\ulx3s_minimal_top'.
Finding duplicate cells in `\ulx3s_minimal_top'.
Removed a total of 0 cells.

12.45.13.13. Executing OPT_DFF pass (perform DFF optimizations).

12.45.13.14. Executing OPT_CLEAN pass (remove unused cells and wires).
Finding unused cells or wires in module \ulx3s_minimal_top..

12.45.13.15. Executing OPT_EXPR pass (perform const folding).
Optimizing module ulx3s_minimal_top.

12.45.13.16. Finished fast OPT passes. (There is nothing left to do.)

12.45.14. Executing AIGMAP pass (map logic to AIG).
Module ulx3s_minimal_top: replaced 18 cells with 120 new cells, skipped 39 cells.
  replaced 3 cell types:
      14 $_MUX_
       2 $_OR_
       2 $_XOR_
  not replaced 3 cell types:
       4 $_AND_
       4 $_NOT_
      31 $specify2

12.45.15. Executing AIGMAP pass (map logic to AIG).
Module ulx3s_minimal_top: replaced 4938 cells with 25388 new cells, skipped 5148 cells.
  replaced 4 cell types:
    1703 $_MUX_
       1 $_ORNOT_
    3058 $_OR_
     176 $_XOR_
  not replaced 9 cell types:
    2685 $_AND_
     476 $_NOT_
       1 $__ABC9_SCC_BREAKER
       9 $scopeinfo
    1709 TRELLIS_FF
       1 USRMCLK
      16 TRELLIS_IO
       1 EHXPLLL
     250 $paramod$838872d5a4bab89607f53482b205c0fd50d8b82e\CCU2C

12.45.15.1. Executing ABC9_OPS pass (helper functions for ABC9).

12.45.15.2. Executing ABC9_OPS pass (helper functions for ABC9).

12.45.15.3. Executing XAIGER backend.
<suppressed ~11 debug messages>
Extracted 11381 AND gates and 31617 wires from module `ulx3s_minimal_top' to a netlist network with 1758 inputs and 835 outputs.

12.45.15.4. Executing ABC9_EXE pass (technology mapping using ABC9).

12.45.15.5. Executing ABC9.
Running ABC command: "<yosys-exe-dir>/yosys-abc" -s -f <abc-temp-dir>/abc.script 2>&1
ABC: ======== ABC command line "source <abc-temp-dir>/abc.script"
ABC: + read_lut <abc-temp-dir>/input.lut 
ABC: + read_box <abc-temp-dir>/input.box 
ABC: + &read <abc-temp-dir>/input.xaig 
ABC: + &ps 
ABC: <abc-temp-dir>/input : i/o =   1758/    835  and =    9982  lev =   38 (3.43)  mem = 0.20 MB  box = 250  bb = 0
ABC: Warning: AIG with boxes has internal fanout in 0 complex flops and 2 carries.
ABC: + &scorr 
ABC: Warning: The network is combinational.
ABC: + &sweep 
ABC: + &dc2 
ABC: + &dch -f -r 
ABC: + &ps 
ABC: <abc-temp-dir>/input : i/o =   1758/    835  and =   15032  lev =   64 (2.85)  mem = 0.26 MB  ch = 1234  box = 250  bb = 0
ABC: cst =       0  cls =   1001  lit =    1234  unused =   15305  proof =     0
ABC: Warning: AIG with boxes has internal fanout in 0 complex flops and 2 carries.
ABC: + &if -W 300 -v 
ABC: K = 7. Memory (bytes): Truth =    0. Cut =   64. Obj =  148. Set =  672. CutMin = no
ABC: Node =   15032.  Ch =  1001.  Total mem =    3.23 MB. Peak cut mem =    0.26 MB.
ABC: P:  Del = 5885.00.  Ar =   15845.0.  Edge =    18791.  Cut =   240198.  T =     0.06 sec
ABC: P:  Del = 5885.00.  Ar =   15960.0.  Edge =    18754.  Cut =   237618.  T =     0.06 sec
ABC: P:  Del = 5885.00.  Ar =    9928.0.  Edge =    15918.  Cut =   485892.  T =     0.12 sec
ABC: F:  Del = 5885.00.  Ar =    7368.0.  Edge =    14377.  Cut =   290412.  T =     0.08 sec
ABC: A:  Del = 5885.00.  Ar =    6591.0.  Edge =    12912.  Cut =   283969.  T =     0.11 sec
ABC: A:  Del = 5885.00.  Ar =    6503.0.  Edge =    12823.  Cut =   284283.  T =     0.11 sec
ABC: Total time =     0.55 sec
ABC: + &write -n <abc-temp-dir>/output.aig 
ABC: + &mfs 
ABC: + &ps -l 
ABC: <abc-temp-dir>/input : i/o =   1758/    835  and =   11450  lev =   34 (3.11)  mem = 0.22 MB  box = 250  bb = 0
ABC: Mapping (K=7)  :  lut =   3081  edge =   12641  lev =   12 (1.59)  levB =   25  mem = 0.14 MB
ABC: LUT = 3081 : 2=535 17.4 %  3=544 17.7 %  4=908 29.5 %  5=530 17.2 %  6=291 9.4 %  7=273 8.9 %  Ave = 4.10
ABC: Warning: AIG with boxes has internal fanout in 0 complex flops and 2 carries.
ABC: + &write -n <abc-temp-dir>/output.aig 
ABC: + time 
ABC: elapse: 2.94 seconds, total: 2.94 seconds

12.45.15.6. Executing AIGER frontend.
<suppressed ~5198 debug messages>
Removed 15119 unused cells and 20938 unused wires.

12.45.15.7. Executing ABC9_OPS pass (helper functions for ABC9).
ABC RESULTS:              $lut cells:     3088
ABC RESULTS:   $paramod$838872d5a4bab89607f53482b205c0fd50d8b82e\CCU2C cells:      250
ABC RESULTS:           input signals:      116
ABC RESULTS:          output signals:      233
Removing temp directory.

12.45.16. Executing TECHMAP pass (map to technology primitives).

12.45.16.1. Executing Verilog-2005 frontend: /nix/store/26cgz59r0qz6d0y2malp3qs7198lbp21-yosys-0.62/bin/../share/yosys/abc9_unmap.v
Parsing Verilog input from `/nix/store/26cgz59r0qz6d0y2malp3qs7198lbp21-yosys-0.62/bin/../share/yosys/abc9_unmap.v' to AST representation.
Generating RTLIL representation for module `$__DFF_x__$abc9_flop'.
Generating RTLIL representation for module `$__ABC9_SCC_BREAKER'.
Successfully finished Verilog frontend.

12.45.16.2. Continuing TECHMAP pass.
Using template $paramod$__ABC9_SCC_BREAKER\WIDTH=32'00000000000000000000000000000100 for cells of type $__ABC9_SCC_BREAKER.
Using template $paramod$838872d5a4bab89607f53482b205c0fd50d8b82e\CCU2C for cells of type $paramod$838872d5a4bab89607f53482b205c0fd50d8b82e\CCU2C.
No more expansions possible.
<suppressed ~268 debug messages>
Removed 212 unused cells and 32583 unused wires.

12.46. Executing TECHMAP pass (map to technology primitives).

12.46.1. Executing Verilog-2005 frontend: /nix/store/26cgz59r0qz6d0y2malp3qs7198lbp21-yosys-0.62/bin/../share/yosys/lattice/cells_map_trellis.v
Parsing Verilog input from `/nix/store/26cgz59r0qz6d0y2malp3qs7198lbp21-yosys-0.62/bin/../share/yosys/lattice/cells_map_trellis.v' to AST representation.
Generating RTLIL representation for module `$_DFF_N_'.
Generating RTLIL representation for module `$_DFF_P_'.
Generating RTLIL representation for module `$_DFFE_NN_'.
Generating RTLIL representation for module `$_DFFE_PN_'.
Generating RTLIL representation for module `$_DFFE_NP_'.
Generating RTLIL representation for module `$_DFFE_PP_'.
Generating RTLIL representation for module `$_DFF_NP0_'.
Generating RTLIL representation for module `$_DFF_NP1_'.
Generating RTLIL representation for module `$_DFF_PP0_'.
Generating RTLIL representation for module `$_DFF_PP1_'.
Generating RTLIL representation for module `$_SDFF_NP0_'.
Generating RTLIL representation for module `$_SDFF_NP1_'.
Generating RTLIL representation for module `$_SDFF_PP0_'.
Generating RTLIL representation for module `$_SDFF_PP1_'.
Generating RTLIL representation for module `$_DFFE_NP0P_'.
Generating RTLIL representation for module `$_DFFE_NP1P_'.
Generating RTLIL representation for module `$_DFFE_PP0P_'.
Generating RTLIL representation for module `$_DFFE_PP1P_'.
Generating RTLIL representation for module `$_DFFE_NP0N_'.
Generating RTLIL representation for module `$_DFFE_NP1N_'.
Generating RTLIL representation for module `$_DFFE_PP0N_'.
Generating RTLIL representation for module `$_DFFE_PP1N_'.
Generating RTLIL representation for module `$_SDFFE_NP0P_'.
Generating RTLIL representation for module `$_SDFFE_NP1P_'.
Generating RTLIL representation for module `$_SDFFE_PP0P_'.
Generating RTLIL representation for module `$_SDFFE_PP1P_'.
Generating RTLIL representation for module `$_SDFFE_NP0N_'.
Generating RTLIL representation for module `$_SDFFE_NP1N_'.
Generating RTLIL representation for module `$_SDFFE_PP0N_'.
Generating RTLIL representation for module `$_SDFFE_PP1N_'.
Generating RTLIL representation for module `$_ALDFF_NP_'.
Generating RTLIL representation for module `$_ALDFF_PP_'.
Generating RTLIL representation for module `$_ALDFFE_NPN_'.
Generating RTLIL representation for module `$_ALDFFE_NPP_'.
Generating RTLIL representation for module `$_ALDFFE_PPN_'.
Generating RTLIL representation for module `$_ALDFFE_PPP_'.
Generating RTLIL representation for module `\FD1P3AX'.
Generating RTLIL representation for module `\FD1P3AY'.
Generating RTLIL representation for module `\FD1P3BX'.
Generating RTLIL representation for module `\FD1P3DX'.
Generating RTLIL representation for module `\FD1P3IX'.
Generating RTLIL representation for module `\FD1P3JX'.
Generating RTLIL representation for module `\FD1S3AX'.
Generating RTLIL representation for module `\FD1S3AY'.
Generating RTLIL representation for module `\FD1S3BX'.
Generating RTLIL representation for module `\FD1S3DX'.
Generating RTLIL representation for module `\FD1S3IX'.
Generating RTLIL representation for module `\FD1S3JX'.
Generating RTLIL representation for module `\IFS1P3BX'.
Generating RTLIL representation for module `\IFS1P3DX'.
Generating RTLIL representation for module `\IFS1P3IX'.
Generating RTLIL representation for module `\IFS1P3JX'.
Generating RTLIL representation for module `\OFS1P3BX'.
Generating RTLIL representation for module `\OFS1P3DX'.
Generating RTLIL representation for module `\OFS1P3IX'.
Generating RTLIL representation for module `\OFS1P3JX'.
Generating RTLIL representation for module `\IB'.
Generating RTLIL representation for module `\IBPU'.
Generating RTLIL representation for module `\IBPD'.
Generating RTLIL representation for module `\OB'.
Generating RTLIL representation for module `\OBZ'.
Generating RTLIL representation for module `\OBZPU'.
Generating RTLIL representation for module `\OBZPD'.
Generating RTLIL representation for module `\OBCO'.
Generating RTLIL representation for module `\BB'.
Generating RTLIL representation for module `\BBPU'.
Generating RTLIL representation for module `\BBPD'.
Generating RTLIL representation for module `\ILVDS'.
Generating RTLIL representation for module `\OLVDS'.
Generating RTLIL representation for module `$lut'.
Successfully finished Verilog frontend.

12.46.2. Continuing TECHMAP pass.
Using template $paramod$lut\WIDTH=32'00000000000000000000000000000010\LUT=4'0001 for cells of type $lut.
Using template $paramod$lut\WIDTH=32'00000000000000000000000000000011\LUT=8'01000000 for cells of type $lut.
Using template $paramod$4765d64c754978c53de6fc76fea9feefec16fd86$lut for cells of type $lut.
Using template $paramod$lut\WIDTH=32'00000000000000000000000000000010\LUT=4'0100 for cells of type $lut.
Using template $paramod$571404c0889eaf57f492cb5e37f8acb5df5852f9$lut for cells of type $lut.
Using template $paramod$lut\WIDTH=32'00000000000000000000000000000010\LUT=4'0010 for cells of type $lut.
Using template $paramod$30305e55a780880b9c824fe3509a4d981acb0f2b$lut for cells of type $lut.
Using template $paramod$ffc2ea81a65101fbef8a332deddf112494d27163$lut for cells of type $lut.
Using template $paramod$lut\WIDTH=32'00000000000000000000000000000011\LUT=8'00010000 for cells of type $lut.
Using template $paramod$f8f63b209b7230e81958663ff24fef1613156af7$lut for cells of type $lut.
Using template $paramod$dbda2b1d33b5abb9e9ba4b219b2ced8d9157acf8$lut for cells of type $lut.
Using template $paramod$cf652acbfbf67d2248e3045cd0f09c58ca55886c$lut for cells of type $lut.
Using template $paramod$lut\WIDTH=32'00000000000000000000000000000010\LUT=4'1000 for cells of type $lut.
Using template $paramod$lut\WIDTH=32'00000000000000000000000000000011\LUT=8'00000111 for cells of type $lut.
Using template $paramod$7e9df0afb32b76fe5fce0691b8752aca650057fa$lut for cells of type $lut.
Using template $paramod$364c9ffbffac467d60dfec81bba4e18476c15602$lut for cells of type $lut.
Using template $paramod$aeb4903dc7df9e486df34aef7ea36a13f3380f6d$lut for cells of type $lut.
Using template $paramod$d0c14d660af321654cad8c9e7506ef3a747c3613$lut for cells of type $lut.
Using template $paramod$272652f6c6fbe9a75eff76e45cc7e2788835518b$lut for cells of type $lut.
Using template $paramod$9bdc414229f06e785dc8fd97a243faa9336e164a$lut for cells of type $lut.
Using template $paramod$20f82dd03802038bc013e5804609eaebb5d257db$lut for cells of type $lut.
Using template $paramod$873c285bdccf0ac2b60d2304ea5cd14bf211d2a6$lut for cells of type $lut.
Using template $paramod$a743caf801766df40bcc22d49baa12a0bdc2f7fe$lut for cells of type $lut.
Using template $paramod$47a8214374025465e226fa66bee690ff33268a25$lut for cells of type $lut.
Using template $paramod$179512a187da069f3b79ef6612a41e494e7d54b6$lut for cells of type $lut.
Using template $paramod$370cc1146434026a38e50c53c53e7cd0faaf0779$lut for cells of type $lut.
Using template $paramod$lut\WIDTH=32'00000000000000000000000000000011\LUT=8'00100000 for cells of type $lut.
Using template $paramod$2a4b250d89be3556c74aa0e719a4f6242369d42f$lut for cells of type $lut.
Using template $paramod$8adf7fbd410d2cc654c288d5be5f7508ee8809b0$lut for cells of type $lut.
Using template $paramod$lut\WIDTH=32'00000000000000000000000000000011\LUT=8'00000100 for cells of type $lut.
Using template $paramod$8053536281096b082671e9ed427f35a8c0315670$lut for cells of type $lut.
Using template $paramod$20f3f4b8e32f8a8b038b0056872dc94926194798$lut for cells of type $lut.
Using template $paramod$638785ff8e6822c207592be5bad56190bc1152b5$lut for cells of type $lut.
Using template $paramod$95fea992628120aaf6daf22affab2a8a88f1ec08$lut for cells of type $lut.
Using template $paramod$9ea0e6d4fd6cca11620bbbaffa2ce72835b3cfb9$lut for cells of type $lut.
Using template $paramod$f8df0bedb74010075eaac9184e31303e55d7dcc8$lut for cells of type $lut.
Using template $paramod$lut\WIDTH=32'00000000000000000000000000000011\LUT=8'10000000 for cells of type $lut.
Using template $paramod$07f9cd69e1c018ede9835d08980cc470cbdba294$lut for cells of type $lut.
Using template $paramod$73dc6c2973bd47f1a265c05e01530e8b3acc0d87$lut for cells of type $lut.
Using template $paramod$058f79e29a33e9f5978ecd2647e890aedeb5b215$lut for cells of type $lut.
Using template $paramod$faaf9e1b5d427d6af6ccf709385109a3f55daea1$lut for cells of type $lut.
Using template $paramod$9cd89fea1b628cee1ff4da9681b5e0075bdf0bd0$lut for cells of type $lut.
Using template $paramod$3293ccc8bc21ddd4cb314b2907458d85374708d2$lut for cells of type $lut.
Using template $paramod$e54349d9a634ecff5f53629ed023a0262d334efb$lut for cells of type $lut.
Using template $paramod$3dfd043215680db4a9d2ccc798b30aaf7c515c3c$lut for cells of type $lut.
Using template $paramod$c433a11b13fb94e3d95f02ec763f5baf6e9ac809$lut for cells of type $lut.
Using template $paramod$d3aaba34892fd33510f291fde335fa1cea4c2297$lut for cells of type $lut.
Using template $paramod$db5952605b0a65d52d1327101ac327e67511839a$lut for cells of type $lut.
Using template $paramod$5149a98f872a45b70324459c9f07f476a171cff6$lut for cells of type $lut.
Using template $paramod$f56d72f3f1ae19b460eda20c2bfcfe26cbb94a05$lut for cells of type $lut.
Using template $paramod$8fb1f6b0fceb761bebd58c8bbac53452dcf5f9a5$lut for cells of type $lut.
Using template $paramod$1f575543d734f2d93dfcc8f91b30fb001334bb95$lut for cells of type $lut.
Using template $paramod$lut\WIDTH=32'00000000000000000000000000000011\LUT=8'00001000 for cells of type $lut.
Using template $paramod$66f9c58c759edf7b58a57f136aceed50d0680ddb$lut for cells of type $lut.
Using template $paramod$lut\WIDTH=32'00000000000000000000000000000010\LUT=4'0111 for cells of type $lut.
Using template $paramod$b45e5cb971154e30a797eecb0461619c3eeae12d$lut for cells of type $lut.
Using template $paramod$09885537e9c66081897565d090df3d3c7e788c34$lut for cells of type $lut.
Using template $paramod$c28a8b7ce0535d090c4cfb52e9c74affd52b110c$lut for cells of type $lut.
Using template $paramod$0655e2f488cdd9aca77473d0e2f0354079df8687$lut for cells of type $lut.
Using template $paramod$82929fbe3868eb344539ec39b67052a1374ebc51$lut for cells of type $lut.
Using template $paramod$046741b7e538fe1a219f88cc250e3ea5c4bff32e$lut for cells of type $lut.
Using template $paramod$ea8880c0724a414f7466c92c00bcd943e8f74483$lut for cells of type $lut.
Using template $paramod$a4eebf8bda5800df37854e2284e05be1459ad66a$lut for cells of type $lut.
Using template $paramod$680c6b56c1c30d6be02e7e45723c628199ca9d33$lut for cells of type $lut.
Using template $paramod$d655e9dced29dc59038ac8d3a98f8b0912150307$lut for cells of type $lut.
Using template $paramod$a3287f37cdf91bf849ec8278c761252b2905e7bb$lut for cells of type $lut.
Using template $paramod$39729581500698d09bbc6de20fc57f9497ce8f8d$lut for cells of type $lut.
Using template $paramod$658b9ed803f0d3d335616d3858b53e0a2522f1e8$lut for cells of type $lut.
Using template $paramod$c9a15418848c71db4f2cceee75c2891fe696bb6f$lut for cells of type $lut.
Using template $paramod$6d6beead1425af15cf78b27fd9b11b41b5d4bce8$lut for cells of type $lut.
Using template $paramod$9ef7e6a98583174cb85027b1249bfde7a32afa03$lut for cells of type $lut.
Using template $paramod$251994398653c4cf8de320f1e306e535d5d2d624$lut for cells of type $lut.
Using template $paramod$lut\WIDTH=32'00000000000000000000000000000011\LUT=8'11001010 for cells of type $lut.
Using template $paramod$7c1d505c84cff306de7f7b6a4d20dd978adc5017$lut for cells of type $lut.
Using template $paramod$585aca7d95159733ac00907f2d9cd31c5aa0e243$lut for cells of type $lut.
Using template $paramod$d79e8c7f0cb3bd049a34d82ec5fe688d444e5a52$lut for cells of type $lut.
Using template $paramod$52eaa38717bfc25db0ddc029bfa7d7eff9db257d$lut for cells of type $lut.
Using template $paramod$df9158801944dab981c68a4b6fbea39aec6a55ae$lut for cells of type $lut.
Using template $paramod$cd411a830af394963a270916e72ac9ff7529728c$lut for cells of type $lut.
Using template $paramod$56e1cb2cb8917e9188020e52429748dc1d607d2c$lut for cells of type $lut.
Using template $paramod$449b1e0ba6a04df8faf3a4769e13bac5f35242bd$lut for cells of type $lut.
Using template $paramod$6e238df02989b317f10820a22773676e71120644$lut for cells of type $lut.
Using template $paramod$ddace04fba544e6adc4cdda6a50048ddd7c111af$lut for cells of type $lut.
Using template $paramod$5e457bda962ec53743366925fbc8849ad62e9f73$lut for cells of type $lut.
Using template $paramod$70776f2f662a33798f71ab13635a0870499e58f8$lut for cells of type $lut.
Using template $paramod$1e9d514d6c96f084ec38535804f73a49f8f0e4c4$lut for cells of type $lut.
Using template $paramod$4f08362dcace8e812d67102f55b6928dd69751f8$lut for cells of type $lut.
Using template $paramod$2aacacf73419851ba9ee73155f6348705fcd51e7$lut for cells of type $lut.
Using template $paramod$eba7de026ff587370e320127e266317dae097a89$lut for cells of type $lut.
Using template $paramod$81accd78341c6faf570e1612237df7440b6e502e$lut for cells of type $lut.
Using template $paramod$5ba2f7f2ab0823c8a1b3ea2e85196d8d71545083$lut for cells of type $lut.
Using template $paramod$569b0e7b68559d5d8dca6d42a1d1ec1b6f3ab997$lut for cells of type $lut.
Using template $paramod$7bb6a37e65823eeb4b38c370fec30ab082759a14$lut for cells of type $lut.
Using template $paramod$b245274500b03d5879fdb46e96f4dbfe2b9f32dc$lut for cells of type $lut.
Using template $paramod$2406a7fa36ac4c9276303b84dfa40e8c913b82b4$lut for cells of type $lut.
Using template $paramod$c52962ac63fb159ce4afa4c0c8a0d80b0d4f9faa$lut for cells of type $lut.
Using template $paramod$2645ed3928f2726e8ccb403cb23252de43b617d7$lut for cells of type $lut.
Using template $paramod$5eb7a694d780cdcb549f17bc95f927d59c19221c$lut for cells of type $lut.
Using template $paramod$3de4ecf2a1dfdcb92abbcd7aec6f7607c4c07eb9$lut for cells of type $lut.
Using template $paramod$685cb95437abaed76229b91f2b2351605b72b536$lut for cells of type $lut.
Using template $paramod$9fb690d922892ecc0ac19b66fbda04cfc81b0942$lut for cells of type $lut.
Using template $paramod$b47bc82720db33af5ac230d6d67169e43c6ae444$lut for cells of type $lut.
Using template $paramod$6a68ae497b18bdb9f77745d4dd1819e390737773$lut for cells of type $lut.
Using template $paramod$b9b16c16bce68be2a36e9d372a5f90e74dafd425$lut for cells of type $lut.
Using template $paramod$cffcdcfefee28cb7804202d59fcab831562282d3$lut for cells of type $lut.
Using template $paramod$dc2c6712e2363e0ec4d02acb1b3c7aca5011dab3$lut for cells of type $lut.
Using template $paramod$4d1644a327b259da75d1dddfdc515b4cfa9a6088$lut for cells of type $lut.
Using template $paramod$4d730d5b809fb26cdc9fe7c66433ce36626107df$lut for cells of type $lut.
Using template $paramod$8fdfe0d7947ad2d852444c5e486248f45b3089af$lut for cells of type $lut.
Using template $paramod$71d09d8354f5555fb54ab0bd4f3934a22c793990$lut for cells of type $lut.
Using template $paramod$94da86d1bdfde6f211f57888a3cfbfbe85dbc1b3$lut for cells of type $lut.
Using template $paramod$d9841b45a55846084cc18a4ffda88cd895396dee$lut for cells of type $lut.
Using template $paramod$47348043a064575b60d47559b24526ee1bd60145$lut for cells of type $lut.
Using template $paramod$lut\WIDTH=32'00000000000000000000000000000011\LUT=8'00000010 for cells of type $lut.
Using template $paramod$90dc599eed99da511e64ad217d69e7ff2c1e56cc$lut for cells of type $lut.
Using template $paramod$6c6a41af8153662574678104bb849c3b0b032283$lut for cells of type $lut.
Using template $paramod$a7dad16c080c08c1647c7e1b9706a59a123d8bcd$lut for cells of type $lut.
Using template $paramod$f3ada871809f362efd8eb0c4fb952bb5c98f0750$lut for cells of type $lut.
Using template $paramod$d7ec878ecfa8f5f7604d3e91692b5d4c2ee758ad$lut for cells of type $lut.
Using template $paramod$130af793a2ec6ecceb3e0ef509cf6b180e856b6f$lut for cells of type $lut.
Using template $paramod$0fcb06ed76df01e8d45bc2b9e6c8a9b43fa42cb4$lut for cells of type $lut.
Using template $paramod$3fcabcc365bf05509924893caa20167425770125$lut for cells of type $lut.
Using template $paramod$9cf044275e70b6dc34d2f815a6f8ffc23f9694a0$lut for cells of type $lut.
Using template $paramod$dcc8ac492038c54ae6771e1733118f95c04a0394$lut for cells of type $lut.
Using template $paramod$78c37aa8409903f2a38372a1d86e59361c270b15$lut for cells of type $lut.
Using template $paramod$lut\WIDTH=32'00000000000000000000000000000011\LUT=8'01110000 for cells of type $lut.
Using template $paramod$35337e90bfd6329ee1a4f448a3baea21efea51c3$lut for cells of type $lut.
Using template $paramod$c383ccb6308cc7d530aeed43fde0f068a0b758b1$lut for cells of type $lut.
Using template $paramod$896ed47860542f5b317e8ecb6db17e90c36ffa18$lut for cells of type $lut.
Using template $paramod$8cb91cbdb27a134cadb0a6f504fee8b3a31c5a5c$lut for cells of type $lut.
Using template $paramod$eb764785a67ae0903625e17df40813438d0457e8$lut for cells of type $lut.
Using template $paramod$a5516fc31d1e552de2435200bb732b4d4ad63a9c$lut for cells of type $lut.
Using template $paramod$c441dbd41fa7b52ce609b1fb3e8a706905598601$lut for cells of type $lut.
Using template $paramod$cbb2dfe31d344d3326d567c2ed5a4b2a29f63219$lut for cells of type $lut.
Using template $paramod$0260ba258d9e1a608f5e349a51c65fb9e84b9283$lut for cells of type $lut.
Using template $paramod$lut\WIDTH=32'00000000000000000000000000000011\LUT=8'11011111 for cells of type $lut.
Using template $paramod$2d07c1a6c53c7b878509360922c4fa5ebedc3011$lut for cells of type $lut.
Using template $paramod$2382b0dd4cb27fd4312681c40a6dd179c2a7a26a$lut for cells of type $lut.
Using template $paramod$lut\WIDTH=32'00000000000000000000000000000011\LUT=8'01001101 for cells of type $lut.
Using template $paramod$6deead41a97e885fdfb7651ed7486bc07c319d2a$lut for cells of type $lut.
Using template $paramod$lut\WIDTH=32'00000000000000000000000000000011\LUT=8'01111111 for cells of type $lut.
Using template $paramod$lut\WIDTH=32'00000000000000000000000000000011\LUT=8'00000001 for cells of type $lut.
Using template $paramod$lut\WIDTH=32'00000000000000000000000000000010\LUT=4'1101 for cells of type $lut.
Using template $paramod$lut\WIDTH=32'00000000000000000000000000000010\LUT=4'1110 for cells of type $lut.
Using template $paramod$6e4a86e6f1a5dc8f826898a131e83cdba4a4fc9e$lut for cells of type $lut.
Using template $paramod$b45308ffeb4031bc5d55ef31b149afd94d3d7565$lut for cells of type $lut.
Using template $paramod$lut\WIDTH=32'00000000000000000000000000000010\LUT=4'1011 for cells of type $lut.
Using template $paramod$lut\WIDTH=32'00000000000000000000000000000011\LUT=8'00010101 for cells of type $lut.
Using template $paramod$lut\WIDTH=32'00000000000000000000000000000011\LUT=8'00101010 for cells of type $lut.
Using template $paramod$lut\WIDTH=32'00000000000000000000000000000010\LUT=4'0110 for cells of type $lut.
Using template $paramod$lut\WIDTH=32'00000000000000000000000000000011\LUT=8'00001001 for cells of type $lut.
Using template $paramod$be48d952fcad8a16b8d84daa4c48a3065f343e5e$lut for cells of type $lut.
Using template $paramod$d0cfbfa794431f7e2ccafbbeaaefbd5ed7deeac7$lut for cells of type $lut.
Using template $paramod$b6ab6cd52258ff3402aebc701650bb6021713f42$lut for cells of type $lut.
Using template $paramod$8e44661def013b6bf9fe6f8b049ef2c838d749f9$lut for cells of type $lut.
Using template $paramod$583294f05aaec818beb341e1ee966bc090a0a81c$lut for cells of type $lut.
Using template $paramod$608bfa4cadde49bc6aabb8258287149eef9120b5$lut for cells of type $lut.
Using template $paramod$9a20e5eb914da7530de8ea5af782be66b9acb237$lut for cells of type $lut.
Using template $paramod$a1d323730045824cfc84bb9f4ee8031f1c4dcc9e$lut for cells of type $lut.
Using template $paramod$11ec7271d8e6e5aeaace08c13e4c601f10e31038$lut for cells of type $lut.
Using template $paramod$5dc745bb48e2cf535179547ba13f0fe5364d6d54$lut for cells of type $lut.
Using template $paramod$edb7c98933eb89af2ee8c990bddc2047f5b73150$lut for cells of type $lut.
Using template $paramod$0c8ca179830091c5e617fa87fec5eda52bbb802e$lut for cells of type $lut.
Using template $paramod$e072fe3ca6403414a47480bcf08a558c05201da4$lut for cells of type $lut.
Using template $paramod$71280e1dc48cfd2eed04c282f053f2d7c7068f06$lut for cells of type $lut.
Using template $paramod$a3349a0ffe542658268154f8b00cacb409810e60$lut for cells of type $lut.
Using template $paramod$30ccc2d02d561628bd3e8ba21431cf11015685a5$lut for cells of type $lut.
Using template $paramod$fce992df4978ad69e56d150579aa6ba47bc13a78$lut for cells of type $lut.
Using template $paramod$b83a741bc8c97ed8f652e3e9bfabc38e9f5bd5f9$lut for cells of type $lut.
Using template $paramod$b47266622ec39749fc625a022a00623aa322a873$lut for cells of type $lut.
Using template $paramod$af15d200e3605f2c4c42beab3430842bc93f1158$lut for cells of type $lut.
Using template $paramod$2c2b132ae2a25d3cc66b363ffbf40ca2649c0506$lut for cells of type $lut.
Using template $paramod$a9b17c2338771d185c7abb60526eb1b7e5769d28$lut for cells of type $lut.
Using template $paramod$e773918a138fafa01ebb204178d7bc22db22e9a2$lut for cells of type $lut.
Using template $paramod$e9c77024ca501b890c641f9c0b10e27242db8730$lut for cells of type $lut.
Using template $paramod$4370c4d69483e802542b68eeff18bbd29ef2647c$lut for cells of type $lut.
Using template $paramod$0b092a0222ecffbd7cc93ed4fa48d8d70c77970d$lut for cells of type $lut.
Using template $paramod$e7fa813675354f20c694ab2d4d9ecca5b21f170c$lut for cells of type $lut.
Using template $paramod$4853050665c020c8d21fb1a749196950a09d9df8$lut for cells of type $lut.
Using template $paramod$bbb10333e84a7e80f65e1494ebbfbf3f28568fcd$lut for cells of type $lut.
Using template $paramod$lut\WIDTH=32'00000000000000000000000000000011\LUT=8'00110001 for cells of type $lut.
Using template $paramod$aaf2ef5cf75121bbc717334d538c8a2de3e26e03$lut for cells of type $lut.
Using template $paramod$56e9308c503b51cd010d389926187ce8b8be4fdc$lut for cells of type $lut.
Using template $paramod$f5370a215561a8b2fbf4305957ad918cbfa500fd$lut for cells of type $lut.
Using template $paramod$31bc23f099d0a2d155aec0fc58b91de48cf50308$lut for cells of type $lut.
Using template $paramod$4e51db918da15e7e5f978b5f49267e54031460a6$lut for cells of type $lut.
Using template $paramod$lut\WIDTH=32'00000000000000000000000000000001\LUT=2'01 for cells of type $lut.
Using template $paramod$6d16673ba848531e1d7b47e7c283c3fd610d68e6$lut for cells of type $lut.
Using template $paramod$86d1a43c2f1d620ff2cef866448dd1258c868fad$lut for cells of type $lut.
Using template $paramod$e3e4230bb990723642112b292aa705ee0cbad0d4$lut for cells of type $lut.
Using template $paramod$8512f4fb47fa9596f76cdbe5b407a5b54df368e7$lut for cells of type $lut.
Using template $paramod$5eade7c43026a770e3e647590c1378f4476f00e5$lut for cells of type $lut.
Using template $paramod$464d286cc302627c2e44b6c4a8450c9bebc28389$lut for cells of type $lut.
Using template $paramod$3b383aa74b05b60cb9cabc0ba0eca4dea92c2b33$lut for cells of type $lut.
Using template $paramod$f12fe2ef5af134a926cc7292d32ee6988934ef95$lut for cells of type $lut.
Using template $paramod$df196ed0a1da5c4a58c5e08a1dac304fd3fccaab$lut for cells of type $lut.
Using template $paramod$f1bb170cd6ba2c52fd61180c66ebcb3cd1cf6cdf$lut for cells of type $lut.
Using template $paramod$8ca63932028cd3465a941d1302cf678ab3d9e66d$lut for cells of type $lut.
Using template $paramod$lut\WIDTH=32'00000000000000000000000000000011\LUT=8'11001011 for cells of type $lut.
Using template $paramod$lut\WIDTH=32'00000000000000000000000000000011\LUT=8'10110000 for cells of type $lut.
Using template $paramod$9e0d5e3cbbbadb2b139aaae0b912cff38011856c$lut for cells of type $lut.
Using template $paramod$0f40a863616edbe0ac64091cb480410f7bb6f0f5$lut for cells of type $lut.
Using template $paramod$273627f44dbfaa9a5a9ccef39f9456f1a7cf28d8$lut for cells of type $lut.
Using template $paramod$07775261b3868a7331f66c444509e800d3cabdc8$lut for cells of type $lut.
Using template $paramod$10e25589aacb62a30c363e7c513900a58330d23f$lut for cells of type $lut.
Using template $paramod$d5f1c6d601ec4d659f5b8f97d063696bb7962ff4$lut for cells of type $lut.
Using template $paramod$894b794e6e62a47dd664d110eb43c9dcba692342$lut for cells of type $lut.
Using template $paramod$d0e42eec83ea592bf45e9ec906447f1ed04bd355$lut for cells of type $lut.
Using template $paramod$ff287e8665fa0af08a90cb14df8d9854ac6fc0af$lut for cells of type $lut.
Using template $paramod$4c274551372e5e846c5a80986ee03383a4d3b57e$lut for cells of type $lut.
Using template $paramod$2c6926d44718e07c33d82999b1c945ac680ece2e$lut for cells of type $lut.
Using template $paramod$8bd5f85ac4bb7b5e3facc5556ae166b8be347884$lut for cells of type $lut.
Using template $paramod$2ce617422a15c85bd754af7ebb7c09dedacdc03f$lut for cells of type $lut.
Using template $paramod$d0c6e329c2e26a7bfb674425f9725fcdddc6a4eb$lut for cells of type $lut.
Using template $paramod$1a82327b4e87f7c0d91cc05380eecb3b95ad2323$lut for cells of type $lut.
Using template $paramod$d6a884eabf049363c4b74ef03e2d9e9def5639ab$lut for cells of type $lut.
Using template $paramod$d0dfcac8174889e6a50282dc83ec0552b0227fa9$lut for cells of type $lut.
Using template $paramod$604fdbe2bb013e3349d7b58e4dfdcf4bceedc47b$lut for cells of type $lut.
Using template $paramod$20b842c666edac82b91f17d5dad112cc5b631407$lut for cells of type $lut.
Using template $paramod$33d3c8c793c5989ac8263bf532f7ad3fd0469e73$lut for cells of type $lut.
Using template $paramod$2bc4db8bd4fb8d056f72dd182e27de9a154d9eee$lut for cells of type $lut.
Using template $paramod$547ac4d3aa2d0cc2dd61462e70e48b5e3e336609$lut for cells of type $lut.
Using template $paramod$c0523ca78215b363647c558fbfa989c6427ad2c7$lut for cells of type $lut.
Using template $paramod$e444b088b6b727310fdd670d4c4521cfd8ba9f7c$lut for cells of type $lut.
Using template $paramod$b587e1dcd8f8a9800d395e4aeecac52c55d6f585$lut for cells of type $lut.
Using template $paramod$9bf5d21c3be6d76ab117df652f1441f4b1a43f60$lut for cells of type $lut.
Using template $paramod$d715e7e669a7cefb95f598bfb08eb44732ae00ff$lut for cells of type $lut.
Using template $paramod$6023c671e114c4eb0467aa8a0b08e183f33ec2fd$lut for cells of type $lut.
Using template $paramod$6582265724d04ca94d9daff0a4a7932b90bc3181$lut for cells of type $lut.
Using template $paramod$872def176acf0af46aee1a4df67a9291309e3c01$lut for cells of type $lut.
Using template $paramod$ab2d8c2b9d8aa7f76721394c261b87284f763090$lut for cells of type $lut.
Using template $paramod$240884181f8348316d9542d2d502a55be6485e3a$lut for cells of type $lut.
Using template $paramod$1f725bd0fdadee7168cb2ea64afc66ab0c78f1d9$lut for cells of type $lut.
Using template $paramod$adced61c8bdf2f99ab21927eac5130f60c85f86f$lut for cells of type $lut.
Using template $paramod$bba54c1ef87367812b4c15f4aed5ac70773df775$lut for cells of type $lut.
Using template $paramod$49f93da3bc72e2487024a93848b25121b5791efb$lut for cells of type $lut.
Using template $paramod$f476445586fffd787a03695116f551d30bcf8e50$lut for cells of type $lut.
Using template $paramod$9a3901385edae5596eee48717cca66bd4916d7a3$lut for cells of type $lut.
Using template $paramod$3f2ace224176ac534a1a5299bb28d55a74307a08$lut for cells of type $lut.
Using template $paramod$1b897198c688e124a484904655a0b0fbab89d80d$lut for cells of type $lut.
Using template $paramod$f50d74aee32d382c462dab139e1805dcb7b69010$lut for cells of type $lut.
Using template $paramod$25f90b2f09e8758b04ff558b9ad101ea67ff04d9$lut for cells of type $lut.
Using template $paramod$682d063329f437a7b1deb02de237f93bdfe75b15$lut for cells of type $lut.
Using template $paramod$lut\WIDTH=32'00000000000000000000000000000011\LUT=8'11100010 for cells of type $lut.
Using template $paramod$b4f5c16f107782099f73433cf456816d0bb688d8$lut for cells of type $lut.
Using template $paramod$187d8d53c673f22809569a64b3b22201752c1b1d$lut for cells of type $lut.
Using template $paramod$21ae97a4a7b4150f4d543da554e192df87272b1f$lut for cells of type $lut.
Using template $paramod$88a106be73851c7a5d1740739afdb4dbd65330dc$lut for cells of type $lut.
Using template $paramod$4978360fe53bdcf6193c85aac631cf6592e5a5ce$lut for cells of type $lut.
Using template $paramod$f503ae6dd13af4ce255f26a38c5b2bb42d3444fc$lut for cells of type $lut.
Using template $paramod$05793514d72d86d67fb9beb4255b1e25b51e225c$lut for cells of type $lut.
Using template $paramod$38af067d61ff42863a74f4ae20321d4e28d43077$lut for cells of type $lut.
Using template $paramod$bcadb69a632bf25f644aab3f30f7a61060bdce15$lut for cells of type $lut.
Using template $paramod$1f0ef3760c1a94efdebe3a4ae17c4340b6ca6d12$lut for cells of type $lut.
Using template $paramod$lut\WIDTH=32'00000000000000000000000000000011\LUT=8'11011000 for cells of type $lut.
Using template $paramod$390a7465c816893f12ad361c5d3f841b601128a9$lut for cells of type $lut.
Using template $paramod$90418f71a1b3e98f36d147df874dd839b0e31579$lut for cells of type $lut.
Using template $paramod$lut\WIDTH=32'00000000000000000000000000000011\LUT=8'01000101 for cells of type $lut.
Using template $paramod$lut\WIDTH=32'00000000000000000000000000000011\LUT=8'10111000 for cells of type $lut.
Using template $paramod$7af2548a30c401ea24a7299f031dd86ac685c69a$lut for cells of type $lut.
Using template $paramod$db214595e0876d44b6310f3f33c76a318bda6ad3$lut for cells of type $lut.
Using template $paramod$4555e77097180dc542795855e558112de27bf04e$lut for cells of type $lut.
Using template $paramod$72999a7ffa547571d7240ef55378d6675343dc1c$lut for cells of type $lut.
Using template $paramod$a885fb008253a9239e69634d8f068e173ac29769$lut for cells of type $lut.
Using template $paramod$e84def7035a68a2d18569f5f9c6d146d821daa01$lut for cells of type $lut.
Using template $paramod$d09239ccc32252e48d7935f1c71f1af008084f3b$lut for cells of type $lut.
Using template $paramod$5235b968f2fb8297709f68db50c9f1c692b5c4af$lut for cells of type $lut.
Using template $paramod$015b9b3df78ddd2945869ed5b38487b677a83528$lut for cells of type $lut.
Using template $paramod$ce15874c299a587dd16825ec2d2d2759b547554e$lut for cells of type $lut.
Using template $paramod$01b636f2759ab594c2741266b3c22685988e291c$lut for cells of type $lut.
Using template $paramod$f470f1d72682d18107bb54b85459f08a1ad162a4$lut for cells of type $lut.
Using template $paramod$c606ab48846b54057d33c6fde57d1b1ead96cde0$lut for cells of type $lut.
Using template $paramod$f1384a015e3b534b68171cbb8b42d370b6cf6593$lut for cells of type $lut.
Using template $paramod$lut\WIDTH=32'00000000000000000000000000000011\LUT=8'11100100 for cells of type $lut.
Using template $paramod$955eee604909e552e115d0ed30f82ff393f5c6dd$lut for cells of type $lut.
Using template $paramod$e6cfc2a250ad5b0b3da266fa46a057a6eca6e3d9$lut for cells of type $lut.
Using template $paramod$65fd78e7b002095f807fe68457e0819a820ac988$lut for cells of type $lut.
Using template $paramod$6e64c13666511ae2ccc90ab6ddaf8be09bda5af2$lut for cells of type $lut.
Using template $paramod$01cd7b0aba758ec767581a0124b05453359df7a1$lut for cells of type $lut.
Using template $paramod$b6f76eac2e43fdef9e4d630d953f1a6623379043$lut for cells of type $lut.
Using template $paramod$fa2e678cf3f7be2da86acfdbae13b32c62d148ad$lut for cells of type $lut.
Using template $paramod$9fef5e18d4241c9b46c83630fed51267cb56404c$lut for cells of type $lut.
Using template $paramod$3f6a772b20645f729f4e7eb952b47ecf4304fc17$lut for cells of type $lut.
Using template $paramod$c6f03ca96781ae418256b2d01985ff1b9dda67b3$lut for cells of type $lut.
Using template $paramod$0f8cb286d75245420acc5132ee6ae2c27b1c9639$lut for cells of type $lut.
Using template $paramod$c95dc0e0931e769255cd6c4a17a6415b865bd6b3$lut for cells of type $lut.
Using template $paramod$43a4231dab4f1d612f5de114365c5e63c5d1217a$lut for cells of type $lut.
Using template $paramod$3d86a9103a796b22fa2844f15c87a3c4b13f89e6$lut for cells of type $lut.
Using template $paramod$879c3d417a6b86514b2f5c9ee0f386bc3935c8c1$lut for cells of type $lut.
Using template $paramod$f6a18e83a935d89ed367d7774d281bbc41c28588$lut for cells of type $lut.
Using template $paramod$7fd6b83cb740d5b1418573ac55cff8549f09facf$lut for cells of type $lut.
Using template $paramod$51398021d88e4a8ce001c67b7a761f52526abd30$lut for cells of type $lut.
Using template $paramod$2f23ee9496edbb044d48f324aa9a472e448048c6$lut for cells of type $lut.
Using template $paramod$162d384b5f130789a230ed5f0a08b38f94032c68$lut for cells of type $lut.
Using template $paramod$ef45e73cbc94619cb3dd07fdb8a099eae5d091a3$lut for cells of type $lut.
Using template $paramod$a21e4d61945ba8aebd110601ae2403a705122019$lut for cells of type $lut.
Using template $paramod$c12f385bcf214e634b2ab2168a3a8c0f3c93488e$lut for cells of type $lut.
Using template $paramod$9253413d203f72c596bc0b311302aa45b9c94ad2$lut for cells of type $lut.
Using template $paramod$d2e78bfed709a18e8a8d6c7bba2b956f1f4d2ade$lut for cells of type $lut.
Using template $paramod$d02207d05266da9dc39140e86b2ededf757ee023$lut for cells of type $lut.
Using template $paramod$b262e42f690ced5d37296f7c62eee3cc462c40d4$lut for cells of type $lut.
Using template $paramod$c3e1a9d6ea39a853cd9259e0fcdc169054410de8$lut for cells of type $lut.
Using template $paramod$b60e0b17517d8f8c70049f13ea3b6036a37593c5$lut for cells of type $lut.
Using template $paramod$18b16a0336b9af44eb33bedcc29d80434d5b6f56$lut for cells of type $lut.
Using template $paramod$5b4f3a01e6ae6d9abf3c0bfb9edee038f4206fb7$lut for cells of type $lut.
Using template $paramod$d3a3710b46c0b818de3c6032d5c3181d1f537e77$lut for cells of type $lut.
Using template $paramod$e91e58265c23b08c07bd23ee0d4b9bc97cfd5121$lut for cells of type $lut.
Using template $paramod$9c630c96c98f7573ca518c995163f15b50171642$lut for cells of type $lut.
Using template $paramod$0785f5987c4f858654cdb37ab229cfe0aa9a1f70$lut for cells of type $lut.
Using template $paramod$44738793d36eb48bc409ace60386dbeecb5f09c8$lut for cells of type $lut.
Using template $paramod$bff961c062351b612aa9e4445f07f5e69c21209b$lut for cells of type $lut.
Using template $paramod$d4960d300985c240778be356d81b0c545e49f0c1$lut for cells of type $lut.
Using template $paramod$542e2fdf39f66ee0d9684372297ec1f9c72087d5$lut for cells of type $lut.
Using template $paramod$29aede45a7d400f1aeadce2c01df0f4b3df12686$lut for cells of type $lut.
Using template $paramod$1493fb9ddb74c865bcc36bad1f77550b91177cf0$lut for cells of type $lut.
Using template $paramod$e4f0f1e0149bf87284f21c6f8c74a8d058b672b5$lut for cells of type $lut.
Using template $paramod$68e3d3f27e6a41c3bf8782ac6aac602773fca3a6$lut for cells of type $lut.
Using template $paramod$1210d95ecbe5d83909f29400edd44265192c0783$lut for cells of type $lut.
Using template $paramod$65981b32cba747e2edd747154396e8354946e13f$lut for cells of type $lut.
Using template $paramod$66f388202cabb2c810ea8a1fd1988e9ff9a8b0a1$lut for cells of type $lut.
Using template $paramod$d8e95e8eb316ef2bdf73e8ef8ec37d442da3615f$lut for cells of type $lut.
Using template $paramod$9ae0f136c9ed34a2deb323e9b2a3a520eea61514$lut for cells of type $lut.
Using template $paramod$479ea6fe838844a478715882cf7334706d3120a7$lut for cells of type $lut.
Using template $paramod$0c595f139b6e8d895663bf928d852839cc9a05c5$lut for cells of type $lut.
Using template $paramod$cf0a270bb4e84375e40538a0d9aa420d0daed2de$lut for cells of type $lut.
Using template $paramod$75eb99ea90e29c58a234f362f28a0e10dfef192a$lut for cells of type $lut.
Using template $paramod$becc787b76a255903025f8e6746545e72cf9a24c$lut for cells of type $lut.
Using template $paramod$18d4374bbebff53624ff2f86fcf76a275883c571$lut for cells of type $lut.
Using template $paramod$b769dbd64f38e90fe3119c3ca2e3c4cd76f89622$lut for cells of type $lut.
Using template $paramod$871b723c10e45ec363df10c30d7bff020b51e38f$lut for cells of type $lut.
Using template $paramod$a9ba23df824f693c44e722629fd8c1fae157385c$lut for cells of type $lut.
Using template $paramod$0d5e32a5815a9c86c6aebc3c7b0e481ffaa1c553$lut for cells of type $lut.
Using template $paramod$98eaa506fd4d7d8560a7c4d5d22c6e489528b13a$lut for cells of type $lut.
Using template $paramod$df686af7f28033d124828b4b103478ff33186f38$lut for cells of type $lut.
Using template $paramod$8e8ea04861dd578ed624ffbb435c3b15f3b13d17$lut for cells of type $lut.
Using template $paramod$4a6805b322504119e8f2cc8312c1109678dc6146$lut for cells of type $lut.
Using template $paramod$c362ad8dedc7d166ed978091aca319ab1e81a2d4$lut for cells of type $lut.
Using template $paramod$630d2479810748fa54c87e4420a458abf959fc8c$lut for cells of type $lut.
Using template $paramod$ec47071e881974e1f574c397f968059b0aa9dc23$lut for cells of type $lut.
Using template $paramod$82093a4f74dd2aa062c67b7eaef0d1c09aba3467$lut for cells of type $lut.
Using template $paramod$9be22114aedd96ec1ff669c64eb3b9a294926490$lut for cells of type $lut.
Using template $paramod$b52ee2acbcfbd484fdde12e29998f607dea137a8$lut for cells of type $lut.
Using template $paramod$78457b114de6490e52c0185153d12e63d5f0d1a5$lut for cells of type $lut.
Using template $paramod$d910ee649acffd1bde9aaf4ef275ceb91469a31f$lut for cells of type $lut.
Using template $paramod$18368a3da11a7221c7fb674ec80ee0d0bd64b883$lut for cells of type $lut.
Using template $paramod$f6eb9ee96edfe3af0d1d8496049e3f5c5e5b0736$lut for cells of type $lut.
Using template $paramod$2f66b5a9a7538258e6509465811cdc18d43ae4cb$lut for cells of type $lut.
Using template $paramod$8a909ccf698df2d3c79bbf53dec276177ef01aac$lut for cells of type $lut.
Using template $paramod$8ffabc30cc2e6232580b25d490751ff9b4385850$lut for cells of type $lut.
Using template $paramod$c0360d6f7ca26a4445c679c264a8faceb4501dc7$lut for cells of type $lut.
Using template $paramod$59e85c6eac544e80044712425ae10877c05b9a93$lut for cells of type $lut.
Using template $paramod$53d85cff4baa03cc499b29cb88593d43b7242b08$lut for cells of type $lut.
Using template $paramod$3bca3d5894893596e951894cd7cf5ea5e745baf2$lut for cells of type $lut.
Using template $paramod$577f8540317a6e629f832fd196ab231c0fec44dc$lut for cells of type $lut.
Using template $paramod$341aa75b0bb4aab20b0fcaffb298636c30452911$lut for cells of type $lut.
Using template $paramod$eb6a83998bc26da95e62046063d681bd3a193afa$lut for cells of type $lut.
Using template $paramod$1a1bb9a1c6f44a13d38274caf030ceefcc2a791e$lut for cells of type $lut.
Using template $paramod$d1956128895a12398e637e565a1fac6d37afa9af$lut for cells of type $lut.
Using template $paramod$161f2489f2d3605bc92b14882f2250698c151102$lut for cells of type $lut.
Using template $paramod$61e255efff13fc6e14258636099d68a2583406e7$lut for cells of type $lut.
Using template $paramod$15f961f838465e3f989f2cadf6e0cd3ca6edb638$lut for cells of type $lut.
Using template $paramod$36ca7ddedc8f46bf3ce3445f4b231abefd906735$lut for cells of type $lut.
Using template $paramod$224442dab1a0020bc1176782251ad896d2ab6938$lut for cells of type $lut.
Using template $paramod$c3e53b3cc75890d13df6e07018e13c5dcb3e51c0$lut for cells of type $lut.
Using template $paramod$ad9675055146ae5c136beb63474a171762c427db$lut for cells of type $lut.
Using template $paramod$d9a88f22ddc73ec89f6e055f0d8ef7c83feca547$lut for cells of type $lut.
Using template $paramod$720f998ea26c619df4cfad290c12d97f11cda3a3$lut for cells of type $lut.
Using template $paramod$db6c920d53d36d6475591c8657bb62005f96d330$lut for cells of type $lut.
Using template $paramod$75e4195c0159eea646419e0e4c03744f26219c59$lut for cells of type $lut.
Using template $paramod$6a933dea3357a4cd9c9b98784ed9398c326afc39$lut for cells of type $lut.
Using template $paramod$841e6bcb2b7f40e0f04751c00f51dd44c103c773$lut for cells of type $lut.
Using template $paramod$e9fc3f6b6b1bc914d399b4c0fabbedd96402756d$lut for cells of type $lut.
Using template $paramod$a310a280b2f0903e37c3dc03a79109cbb5584756$lut for cells of type $lut.
Using template $paramod$085cb83d0db09780ae5aa544a0f286ba9445143f$lut for cells of type $lut.
Using template $paramod$701323d94f01196d7f2120fc6593f6a5c11b500a$lut for cells of type $lut.
Using template $paramod$168aeef333136ff4f1f2ce3a62c8b6d1ffc7dc28$lut for cells of type $lut.
Using template $paramod$e79e409e34692424aed43491ae91a7888162c32d$lut for cells of type $lut.
Using template $paramod$7349b8213f82c3cd771c65601300182c2fb68b95$lut for cells of type $lut.
Using template $paramod$101238f3d8d49ab12a9b49a2f01cd503b26e9c61$lut for cells of type $lut.
Using template $paramod$d6ca727e39f31d51d29072e0f33aa09c65e37336$lut for cells of type $lut.
Using template $paramod$6b0849254d6c87461fb93e37cc18f089f61eb912$lut for cells of type $lut.
Using template $paramod$7e3d8ac009723e554811ad53385162c0e6a41625$lut for cells of type $lut.
Using template $paramod$lut\WIDTH=32'00000000000000000000000000000011\LUT=8'11111110 for cells of type $lut.
Using template $paramod$lut\WIDTH=32'00000000000000000000000000000010\LUT=4'1001 for cells of type $lut.
Using template $paramod$e49f6e3576ef1a6d2f58c54414dbb786af8cc869$lut for cells of type $lut.
Using template $paramod$lut\WIDTH=32'00000000000000000000000000000011\LUT=8'11110010 for cells of type $lut.
Using template $paramod$lut\WIDTH=32'00000000000000000000000000000011\LUT=8'11001000 for cells of type $lut.
Using template $paramod$3fc32b40e3b4c5a5773908d058767dad56e4553d$lut for cells of type $lut.
Using template $paramod$lut\WIDTH=32'00000000000000000000000000000011\LUT=8'10111101 for cells of type $lut.
Using template $paramod$lut\WIDTH=32'00000000000000000000000000000011\LUT=8'01111110 for cells of type $lut.
Using template $paramod$cad45b6c9da81941161a13849773fe2ed4bc1c6f$lut for cells of type $lut.
Using template $paramod$68720f0c5b307837e08df8d9c6b5d3b71adf7cb9$lut for cells of type $lut.
Using template $paramod$5d9bdb7f5954011ff004758709112a4f3d3263f1$lut for cells of type $lut.
Using template $paramod$63972c75ed5681754357aae27b9af609aa9cee59$lut for cells of type $lut.
Using template $paramod$49a2c39176d4c5670e07fdabafdb6f835be65a50$lut for cells of type $lut.
Using template $paramod$2060464c0138453acc3461b7108c70409df2377c$lut for cells of type $lut.
Using template $paramod$161491d8314cab9d5d32db4aa31f31f4ef4f6dc6$lut for cells of type $lut.
Using template $paramod$141a27db70908563661c214cd4c18e52b307bdbc$lut for cells of type $lut.
Using template $paramod$fdcae86fcfd036c1880a04306ae771a9d7579c31$lut for cells of type $lut.
Using template $paramod$8ac469b08ec304beefad090d643d1150a22311b3$lut for cells of type $lut.
Using template $paramod$1bcb8bd5e7b27b69d831aa033cd4f5841589a683$lut for cells of type $lut.
Using template $paramod$5f603fa1d1a9240e733d6169cbbc699098dd998e$lut for cells of type $lut.
Using template $paramod$dc3a707943f6b71622d4bf9215d1b77b5a2fd557$lut for cells of type $lut.
Using template $paramod$2f8ced2b1543439c77f221e948c1c21655a402b3$lut for cells of type $lut.
Using template $paramod$f20e09ed5ed0a87b8cc5ddfc12b65eab5051d345$lut for cells of type $lut.
Using template $paramod$8d3e08d76eb140ba16e9364c84dc83e378b5afb1$lut for cells of type $lut.
Using template $paramod$0d7b2b548527541be138ecb16287a776fb90a175$lut for cells of type $lut.
Using template $paramod$183eb78ea47727dc8276e5857d199105ecb08109$lut for cells of type $lut.
Using template $paramod$fb934d259e5364d3e7da9368933762ee3f66fa03$lut for cells of type $lut.
Using template $paramod$4c76ab4c66d837aadd24a539c04ba94fd93f21bb$lut for cells of type $lut.
Using template $paramod$305e06b0b083bba4938a66a52da69aa51e6e049c$lut for cells of type $lut.
Using template $paramod$5a3c33052446f9daba95b67a60a4283fa954c043$lut for cells of type $lut.
Using template $paramod$8c18f6892dc7029e886fb843b5b1d530720070e5$lut for cells of type $lut.
Using template $paramod$dd1aa7f650076b70f9f92dc22452075b44a6be41$lut for cells of type $lut.
Using template $paramod$1f78b225faab187386fc5acfbf75f3aac6bfa3ad$lut for cells of type $lut.
Using template $paramod$e32d454b24fc8cad9e9757fdc6112b9f8f2b0026$lut for cells of type $lut.
Using template $paramod$9203e2c2a57325563ac2df7d2decc43cfd1d9024$lut for cells of type $lut.
Using template $paramod$e17db033b64dd3eea74b000ba46b4b9df2408beb$lut for cells of type $lut.
Using template $paramod$19dd3651c163af8e08937dccc719ed7007eb59b1$lut for cells of type $lut.
Using template $paramod$3481717b062e7f4cdc9624e0feba799beb547a25$lut for cells of type $lut.
Using template $paramod$c164fccd924252dc487f861b42d9c1d62d5bf93b$lut for cells of type $lut.
Using template $paramod$69f79d8ba7203c383d96ac8e821ddf28918012ac$lut for cells of type $lut.
Using template $paramod$6cd5138642bd026444b6e5d572dcf9dadce81649$lut for cells of type $lut.
Using template $paramod$df5f9e3718681cd18b2c4a0454897194cd63e312$lut for cells of type $lut.
Using template $paramod$c705eb5ae768ce45ad24c70d3332933f6b2e7189$lut for cells of type $lut.
Using template $paramod$7d35f3eb4056e6484203c99fe42cfcf1dfaba704$lut for cells of type $lut.
Using template $paramod$3136c7c23c0d35d873d4cf046ed22f0c0d2780ac$lut for cells of type $lut.
Using template $paramod$f8b8935acb06315e0d61076d3725639ababa5350$lut for cells of type $lut.
Using template $paramod$33e58adf67c6b686a154c9ce8ebbc4b04b8cabc5$lut for cells of type $lut.
Using template $paramod$23da582b86241546eace0c8bedadb42614eea4c1$lut for cells of type $lut.
Using template $paramod$lut\WIDTH=32'00000000000000000000000000000011\LUT=8'10101001 for cells of type $lut.
Using template $paramod$6c0e69056df52aee5938cb3772860fccde96040e$lut for cells of type $lut.
Using template $paramod$93c0d967f7a51cea3d39b7df33024f1f456ab561$lut for cells of type $lut.
Using template $paramod$7cbc20e83652766d15a2f725cd866e16762df641$lut for cells of type $lut.
Using template $paramod$f1fbea012dfcadee968eb60b9f551b5392da61e3$lut for cells of type $lut.
Using template $paramod$85069076ed4400943de40dd96d3c645738d7b906$lut for cells of type $lut.
Using template $paramod$53d02b72ebb671e552a6acbf96a8a67892b70316$lut for cells of type $lut.
Using template $paramod$d80c9b99dacb354fa564a6fcc23ca30753bf6623$lut for cells of type $lut.
Using template $paramod$dfe300df0907f62afb0b7a484b2f6ed9c0f11a0b$lut for cells of type $lut.
Using template $paramod$5190afc4eed5f3f97131226884c704aaf2e3baba$lut for cells of type $lut.
Using template $paramod$525425bfbe66d72ee88210d059d9a74f55ab8de8$lut for cells of type $lut.
Using template $paramod$7e2cada89f65535602e7c919afd1500538cc6c13$lut for cells of type $lut.
Using template $paramod$8209aca69238b0dde9ea1726b152c70bfc23f510$lut for cells of type $lut.
Using template $paramod$7e061d8d78e28e11b56ede2ae65473cecd1d3202$lut for cells of type $lut.
Using template $paramod$c1cf107da5cba0a70df8a44ecc3dc7723a7d0bba$lut for cells of type $lut.
Using template $paramod$ed49ac630ee8b054c4deb19667be9e8a11947f4d$lut for cells of type $lut.
Using template $paramod$e1a275b730576cee012a1897c37ed92dd50e1fe3$lut for cells of type $lut.
Using template $paramod$ab364a3ee8619b90e3ed30005f9482242c80bff0$lut for cells of type $lut.
Using template $paramod$33083a53ff1ee105db40507ec506625e03a449e3$lut for cells of type $lut.
Using template $paramod$f6f2d170e7dcf49cd6e688620bd873193db00ca4$lut for cells of type $lut.
Using template $paramod$6e3a03c79073e44642e8ed2dab4ee82dfd40dfba$lut for cells of type $lut.
Using template $paramod$0e761bae377ee4d43cca82159e6a46dbf6a9437b$lut for cells of type $lut.
Using template $paramod$e0c9c920c129ed269a6b278fa768b069deeb8f65$lut for cells of type $lut.
Using template $paramod$c176da23b083d24f318ea0c02428748ee257b727$lut for cells of type $lut.
Using template $paramod$befe028431d49612e1c78e416058fa22065a56ed$lut for cells of type $lut.
Using template $paramod$8a5d291536193b4fc2b67fb63f59c5346ee215ea$lut for cells of type $lut.
Using template $paramod$34e05ce99ab48aa0a0cb558f37be987915842617$lut for cells of type $lut.
Using template $paramod$45d2db16b3420e554c79fe0ad76dd993b28cc7f2$lut for cells of type $lut.
Using template $paramod$a5f2ccfffaa17f7f1484d73c631f2231653da6cb$lut for cells of type $lut.
Using template $paramod$98c377328f303d3ed9039ca0db26b18f36e929b2$lut for cells of type $lut.
Using template $paramod$74a12c4d30e035eeda2d34c53b77373f2b2df37a$lut for cells of type $lut.
Using template $paramod$lut\WIDTH=32'00000000000000000000000000000011\LUT=8'00011110 for cells of type $lut.
Using template $paramod$f1984c50a4c80faa139882c33fcd501a2a884649$lut for cells of type $lut.
Using template $paramod$d2287371886235f4d131984f4003fc6222432a2e$lut for cells of type $lut.
Using template $paramod$07081d50c9b56d7004f00483f50dd40842cee909$lut for cells of type $lut.
Using template $paramod$2048fb9e659a59cc3fd00ebe1d85a970627ee017$lut for cells of type $lut.
Using template $paramod$10acef65b2af608ade555c942178200b0bfe9474$lut for cells of type $lut.
Using template $paramod$4fa195531fc3dc57f5dff196f51111bc0053d75a$lut for cells of type $lut.
Using template $paramod$3f945975c1ed12c71bd5cb2497d667b09042f17c$lut for cells of type $lut.
Using template $paramod$85918faa0e5b2191bc241b50d44487ad847dd8e4$lut for cells of type $lut.
Using template $paramod$c9355c14671e8569b2b55b2828d4fd95591ab987$lut for cells of type $lut.
Using template $paramod$a1b6d83ec0273786b412407deb43e47f2d40e708$lut for cells of type $lut.
Using template $paramod$81d8a60fd95b1a9f9ef71c12a774ae6988cb9fd5$lut for cells of type $lut.
Using template $paramod$b287726797d0722f64e731f1134f7c05af8f1578$lut for cells of type $lut.
Using template $paramod$faca7fed9b7dc89c2656a8611e03af089ecc281f$lut for cells of type $lut.
Using template $paramod$e67f7401ddeed7957ea40cf37767a32ba5d5b941$lut for cells of type $lut.
Using template $paramod$9a8574b40841f9d423d71abab7e1c36e234071fc$lut for cells of type $lut.
Using template $paramod$440044743dd0d3fe527745e83a91745c887c7cf7$lut for cells of type $lut.
Using template $paramod$aef0bab36300a6c89f2438c9a7e1dc933dc0414b$lut for cells of type $lut.
Using template $paramod$cb7523231302d5d5f4b93bf79034994f2f872fbf$lut for cells of type $lut.
Using template $paramod$78aa4ae99ab1a359552274700963341acc6a3ce1$lut for cells of type $lut.
Using template $paramod$6c430fdac7c8de22eef411b9343949faeb96df89$lut for cells of type $lut.
Using template $paramod$00ffcc628ccb870304683cac36ad3a16cc41b6a4$lut for cells of type $lut.
Using template $paramod$lut\WIDTH=32'00000000000000000000000000000011\LUT=8'00101011 for cells of type $lut.
Using template $paramod$40100b000280c8ca6ac4a95b4581c0511090e3e8$lut for cells of type $lut.
Using template $paramod$153c6cdaaddbc43e6ef3facd06aa851de33910ae$lut for cells of type $lut.
Using template $paramod$1381ec958f48512845a5fd492fdffcde88d7a854$lut for cells of type $lut.
Using template $paramod$lut\WIDTH=32'00000000000000000000000000000011\LUT=8'01101010 for cells of type $lut.
Using template $paramod$dfb55ef3b12d3ee10ed079dd3cc7e52628426dfc$lut for cells of type $lut.
Using template $paramod$7d813eb49700f971f2635a434700eafdfa816bc3$lut for cells of type $lut.
Using template $paramod$95405290ab850162780aaf9d904598a9a9ee1d4b$lut for cells of type $lut.
Using template $paramod$193d365ba3260f56de4ca734b1cedcf9dc72302b$lut for cells of type $lut.
Using template $paramod$lut\WIDTH=32'00000000000000000000000000000011\LUT=8'00001101 for cells of type $lut.
Using template $paramod$025fe3faaf801c4fd20719bf5df4f364762649a8$lut for cells of type $lut.
Using template $paramod$lut\WIDTH=32'00000000000000000000000000000011\LUT=8'00010011 for cells of type $lut.
Using template $paramod$d35161d1d7976dcc02e7c7d51172431be85143b4$lut for cells of type $lut.
Using template $paramod$lut\WIDTH=32'00000000000000000000000000000011\LUT=8'10001101 for cells of type $lut.
Using template $paramod$a7c07944e10969b2e1fd563a5b72f89493cb3705$lut for cells of type $lut.
Using template $paramod$e2d96f36ef28053ecd27167cd95b944485ac3146$lut for cells of type $lut.
Using template $paramod$3a5d5a3c54fc0fde579a60b290362a373fbef3e9$lut for cells of type $lut.
Using template $paramod$lut\WIDTH=32'00000000000000000000000000000011\LUT=8'10101100 for cells of type $lut.
Using template $paramod$584e4a38268562e2142ef24a574198cdf8d42be8$lut for cells of type $lut.
Using template $paramod$77f827756d5b76650fedf0dec1afbdf2510b301b$lut for cells of type $lut.
Using template $paramod$1d411fd062123bc39f2e308cfceb6b39df8f57b9$lut for cells of type $lut.
Using template $paramod$c03dff893ffcf5747c5915b3f34923aae22d05a9$lut for cells of type $lut.
Using template $paramod$43db21aaed2ce581f0a9af765629245db3af0db6$lut for cells of type $lut.
Using template $paramod$234997bee759301806c8ada31f0c044884c8f8c5$lut for cells of type $lut.
Using template $paramod$9506ecf18c91672f3dae4008b6ad1f2863e8019f$lut for cells of type $lut.
Using template $paramod$7550194ca3819d29cf9f1ec21eb4a27022b12e98$lut for cells of type $lut.
Using template $paramod$e57bcb018bfe8170bc04f13a73befe2def28cdf3$lut for cells of type $lut.
Using template $paramod$ecc23cd63dfa46eb03500f0723310cbc0e4f8206$lut for cells of type $lut.
Using template $paramod$f7ae94f165f1b50f9d815f7403f72e2d5803c58d$lut for cells of type $lut.
Using template $paramod$5e9374f44a27c3f8a1c38af244ec43ceb4fb8d4f$lut for cells of type $lut.
Using template $paramod$9c6e6a10ea00e5b0682f6243b802d7839a398197$lut for cells of type $lut.
Using template $paramod$fca82610c4582bae0c561edc640eb928b48fbdcf$lut for cells of type $lut.
Using template $paramod$f3b603d1450c2c61ce732232fcb5fe1f2884aa83$lut for cells of type $lut.
Using template $paramod$fca001e3e0b52158a872e76e56c01ec10dfbb1de$lut for cells of type $lut.
Using template $paramod$1b21bfe3f0f701f19b91b9d9f4b2cb25c52e0379$lut for cells of type $lut.
Using template $paramod$9ea238b3c4036add2bd96e5aaac8768e1ad77c5a$lut for cells of type $lut.
Using template $paramod$569f25b14b897958bafcbd6881978a5c981ec810$lut for cells of type $lut.
Using template $paramod$lut\WIDTH=32'00000000000000000000000000000011\LUT=8'00110010 for cells of type $lut.
Using template $paramod$2f2e6aa51047253a67bea5c80957d3cc8f08a9f7$lut for cells of type $lut.
Using template $paramod$a988852add2bdce7c1dfac786401ba7c7bc832c1$lut for cells of type $lut.
Using template $paramod$4097350e61390078eecf25bf2fe521264a29c1f9$lut for cells of type $lut.
Using template $paramod$c4fe0d52e4fa3d649d75cb9587992cb08e44f263$lut for cells of type $lut.
Using template $paramod$acfb36d9d13aca7dc4182567ecfbcda5ff3345c0$lut for cells of type $lut.
Using template $paramod$2c9fdd9f81a9a0f20f195228573ae06ae3d35480$lut for cells of type $lut.
Using template $paramod$27fb38212bac6cf7077e3bb019289f4e7e65872e$lut for cells of type $lut.
Using template $paramod$0ead0f76d59166624630c921abaebb0e7042e1c8$lut for cells of type $lut.
Using template $paramod$20235ca863361fbc253329cfc7eeea38c77404dc$lut for cells of type $lut.
Using template $paramod$d30c4cc53d8a0d157b65f252aa337c124b365147$lut for cells of type $lut.
Using template $paramod$018d71a0fe325d6362687fe53ac13dd6340e400d$lut for cells of type $lut.
Using template $paramod$cdfb4ce36e9b97ab980954e4bd7262833a7086a8$lut for cells of type $lut.
Using template $paramod$0b68f5298f4279409b33b1f83dfec8bec7f31d7e$lut for cells of type $lut.
Using template $paramod$aa98be387d0f537bdc7dee87a7fc4ccb44359427$lut for cells of type $lut.
Using template $paramod$63c71096243dc87bea4912967aa7d652d110316e$lut for cells of type $lut.
Using template $paramod$2accd895b0dd752027975f2dd9c20fa38031e52e$lut for cells of type $lut.
Using template $paramod$51307cdec77060d17363ea3d60427c9afef1ddc2$lut for cells of type $lut.
Using template $paramod$5cf39b581eec8fcb1043a13e636d7aae3e02c9c7$lut for cells of type $lut.
Using template $paramod$cf93df6a751c015d454aef52e32716809f254f3e$lut for cells of type $lut.
Using template $paramod$cee6eb0dfafa502be58539ba09d1ac1089e06476$lut for cells of type $lut.
Using template $paramod$1d8da67e55226ee6f849b82c7c3ba5690a649089$lut for cells of type $lut.
Using template $paramod$b1494afae5e6db2d28813f631d6b68dbe5facb25$lut for cells of type $lut.
Using template $paramod$4d6e761a7a62dc9cc597aef6e1d49cac6bdc495b$lut for cells of type $lut.
Using template $paramod$251ba25c1fb93fb0103d3dc6c511490b9aaf8a0d$lut for cells of type $lut.
Using template $paramod$lut\WIDTH=32'00000000000000000000000000000011\LUT=8'11111000 for cells of type $lut.
Using template $paramod$a59b6c8d81194b59764286a4118e90f9abac65dc$lut for cells of type $lut.
Using template $paramod$1d521c7aec50bdad1595b1798879a9916abec029$lut for cells of type $lut.
Using template $paramod$lut\WIDTH=32'00000000000000000000000000000011\LUT=8'11101100 for cells of type $lut.
Using template $paramod$89ddbc2adee46e16a995ee97de1cb5a2b3106788$lut for cells of type $lut.
Using template $paramod$2a1138d8b0d48005e6e566f823486442ba5103f7$lut for cells of type $lut.
Using template $paramod$f27c4194952b6329cd7e8720a36a5a3a7c91fe4c$lut for cells of type $lut.
Using template $paramod$b91dac74c2041303d0310912f7f7bfbcd6c90ef2$lut for cells of type $lut.
Using template $paramod$3e63470ea7a06b3eefdfb990254dd83d20fa13a7$lut for cells of type $lut.
Using template $paramod$lut\WIDTH=32'00000000000000000000000000000011\LUT=8'10110001 for cells of type $lut.
Using template $paramod$52fa1b2073b9054923f466bbb768e0ea7c69c9e3$lut for cells of type $lut.
Using template $paramod$5cef017bac3ee3544d8521a777289133d35cb88c$lut for cells of type $lut.
Using template $paramod$lut\WIDTH=32'00000000000000000000000000000011\LUT=8'11111011 for cells of type $lut.
Using template $paramod$lut\WIDTH=32'00000000000000000000000000000011\LUT=8'10111111 for cells of type $lut.
Using template $paramod$fd1e68d43235621014e35437b4508a97628b7e8f$lut for cells of type $lut.
Using template $paramod$lut\WIDTH=32'00000000000000000000000000000011\LUT=8'00100111 for cells of type $lut.
Using template $paramod$de5328836923c44c99600bcab852423201246f91$lut for cells of type $lut.
Using template $paramod$28c616faf5f033f157ae11b466e19ab28d454f1e$lut for cells of type $lut.
Using template $paramod$9cf2d6ab36e16fe42629f98e25a187970a633615$lut for cells of type $lut.
Using template $paramod$bc138c6d128b46cf8d01645cdec363bd7a640e43$lut for cells of type $lut.
Using template $paramod$00ea7dd5df08e4ea15a7ff78be0b77d8d58d8e6d$lut for cells of type $lut.
Using template $paramod$3434d92430eacd4fd3a312bff0089fd4ac21d43a$lut for cells of type $lut.
Using template $paramod$3b7f7f3d85a1c341eb9bb72b457d31acefe503a5$lut for cells of type $lut.
Using template $paramod$9c8795f193f2341d3e6e96bb8873241efab10cd7$lut for cells of type $lut.
Using template $paramod$e8b1383c6901b56df73ac402d78a5e0a42461be0$lut for cells of type $lut.
Using template $paramod$lut\WIDTH=32'00000000000000000000000000000011\LUT=8'11100000 for cells of type $lut.
Using template $paramod$32fd6537eb6c8a33db0ee440d85db0e64b609f21$lut for cells of type $lut.
Using template $paramod$36b7d8209200ca95c844934f9e4add2d5121b073$lut for cells of type $lut.
Using template $paramod$949912d41b6703327b37a3cbe8a7a7bc923219b7$lut for cells of type $lut.
Using template $paramod$5e96c51e862795fcf5123ad90ed33b3bddf109cb$lut for cells of type $lut.
Using template $paramod$027b71830bd0fbfb04ad11206c5a0de76ed9d3f5$lut for cells of type $lut.
Using template $paramod$b68f9800cc1bf69afcfbc0567a25e43ebb01456c$lut for cells of type $lut.
Using template $paramod$lut\WIDTH=32'00000000000000000000000000000011\LUT=8'01001110 for cells of type $lut.
Using template $paramod$96a7121bbcf6b7f19515e81df90baf9b788cccad$lut for cells of type $lut.
Using template $paramod$053de8ea40be4ca8a87460dda31c06a0a9284a5a$lut for cells of type $lut.
Using template $paramod$d4fae2c0d9ad2966369cd4e39b81c71bcd1327c9$lut for cells of type $lut.
Using template $paramod$a63861ceaf9e12b31541c71cb7d84404795355cd$lut for cells of type $lut.
Using template $paramod$733d97aeeae07890071cc10010f32cf79ac0c9b3$lut for cells of type $lut.
Using template $paramod$8c24dc0cdd336b7fb88bbf7eed45cec5cbae862b$lut for cells of type $lut.
Using template $paramod$b8e59b4da7f8c5dfaf3545ebc9a20491471fccf4$lut for cells of type $lut.
Using template $paramod$359fe4e746656bf9c72aecaff84fc7bdea9f55a5$lut for cells of type $lut.
Using template $paramod$lut\WIDTH=32'00000000000000000000000000000011\LUT=8'11110111 for cells of type $lut.
Using template $paramod$bb4fff1cc3b827238aa40993cafede1c5beecbe3$lut for cells of type $lut.
Using template $paramod$lut\WIDTH=32'00000000000000000000000000000011\LUT=8'11111101 for cells of type $lut.
Using template $paramod$lut\WIDTH=32'00000000000000000000000000000011\LUT=8'11110100 for cells of type $lut.
Using template $paramod$723eb79ef8d5d376f3f196f4acfa8e347145a0fa$lut for cells of type $lut.
Using template $paramod$de22f7ac1230e0b59f99aa84779eab6686f179be$lut for cells of type $lut.
Using template $paramod$6a9b42dd2737c91073e6a695b8ac858c4a8587d7$lut for cells of type $lut.
Using template $paramod$b297295e19b03521716155b85537bbe86d6a9ae6$lut for cells of type $lut.
Using template $paramod$4e0dac06d9d9602cfb659e01e0850b77eec5b798$lut for cells of type $lut.
Using template $paramod$9e354de8d358bf081aa0c089488ea3bc5b7c2fd9$lut for cells of type $lut.
Using template $paramod$ae07ec24c0635cc39bd7e66aaad984b529b66b6f$lut for cells of type $lut.
Using template $paramod$89e657d3deb4e004585d03c823ba6873736f7939$lut for cells of type $lut.
Using template $paramod$95647f061a452a57330090c74bbb5ab75f7ee34a$lut for cells of type $lut.
Using template $paramod$882338e7dfae85e8db5f17cbc01d34e1c77b40b4$lut for cells of type $lut.
Using template $paramod$lut\WIDTH=32'00000000000000000000000000000011\LUT=8'01110010 for cells of type $lut.
Using template $paramod$f85f1073c412d406200a6a72283f918c8b751314$lut for cells of type $lut.
Using template $paramod$8fd8efe0a495790cc9ddc97266933ea8a8cd7b45$lut for cells of type $lut.
Using template $paramod$8b24407096beec47292ddeb1567a058197a320b9$lut for cells of type $lut.
Using template $paramod$lut\WIDTH=32'00000000000000000000000000000011\LUT=8'11010000 for cells of type $lut.
Using template $paramod$c217e185eb8e6463ca272982ba8c5940fa90d81f$lut for cells of type $lut.
Using template $paramod$72043e0aa7fa64cb454e3c2ca3dbe1636171896a$lut for cells of type $lut.
Using template $paramod$4febed5a0819214d5724f59ba79e4a63bf7ea01a$lut for cells of type $lut.
Using template $paramod$18d02ca832c780114cfc37ca3b9ffeab73e1a45b$lut for cells of type $lut.
Using template $paramod$f26d2c80a86ad11209b79da04adba94fb1ea8ba0$lut for cells of type $lut.
Using template $paramod$af75625fba1e0ef74717226a423737641bd89803$lut for cells of type $lut.
Using template $paramod$lut\WIDTH=32'00000000000000000000000000000011\LUT=8'01100000 for cells of type $lut.
Using template $paramod$c23f9e1864cebeaf5cf7954d58bc33383a1153ef$lut for cells of type $lut.
Using template $paramod$lut\WIDTH=32'00000000000000000000000000000011\LUT=8'01000111 for cells of type $lut.
Using template $paramod$lut\WIDTH=32'00000000000000000000000000000011\LUT=8'11010001 for cells of type $lut.
Using template $paramod$5dd689749be14dbd4083a5953fad859f8a01834a$lut for cells of type $lut.
Using template $paramod$66bc065539321c4dea8166644e317a448e4a37af$lut for cells of type $lut.
Using template $paramod$lut\WIDTH=32'00000000000000000000000000000011\LUT=8'00000110 for cells of type $lut.
Using template $paramod$3d7168c8134c4765b84a7b86d5ef7e1e65bbf4a0$lut for cells of type $lut.
Using template $paramod$lut\WIDTH=32'00000000000000000000000000000011\LUT=8'10001100 for cells of type $lut.
Using template $paramod$77c2a0573790d304ab2299da6d598e8d2e184867$lut for cells of type $lut.
Using template $paramod$734cd1512f671d92bc4f41153da0d9781801dd98$lut for cells of type $lut.
Using template $paramod$06f12cffa0ddbad28d98bf03d88369c8261f1a7a$lut for cells of type $lut.
Using template $paramod$d7ebeaef7104bab98c2de3262f04b026b127e6ce$lut for cells of type $lut.
Using template $paramod$e4b832d686d12318ec0715f027fe549b42e45c20$lut for cells of type $lut.
Using template $paramod$da8506f47f742e881b922814186ffb6479b7a435$lut for cells of type $lut.
Using template $paramod$1d371fb9f6e4d1b0a5db1e4212eac65c4a243863$lut for cells of type $lut.
Using template $paramod$e216a4f170eb408a593609495560361f396d2eec$lut for cells of type $lut.
Using template $paramod$d609d7857a0fadbfb7490ad64fac95ea8b9c90c0$lut for cells of type $lut.
Using template $paramod$4ec45f8bc6a62888d370a2cb3c4a334e0392e3d4$lut for cells of type $lut.
Using template $paramod$6d05ee5be4fbc817e6482b590e1831ddde15ffbe$lut for cells of type $lut.
Using template $paramod$80c67badbe48ececc09f6bafb497a3d74c35725c$lut for cells of type $lut.
Using template $paramod$668000b4fc665ef1406e2e8b78c90f5991ea5b69$lut for cells of type $lut.
Using template $paramod$aa85cafa2767941d5764c00e517984722a0eca80$lut for cells of type $lut.
Using template $paramod$66658cbed86a8310f9b7ba1190d35eff90ee749b$lut for cells of type $lut.
Using template $paramod$84cb95f8ff0d6a7447159d4e808aa714df704104$lut for cells of type $lut.
Using template $paramod$085ac6daadd555b0f8cf8f603c7849f876be6cbc$lut for cells of type $lut.
Using template $paramod$7c3833e617307006af30409ed68b65a011a1121e$lut for cells of type $lut.
Using template $paramod$428c3023ef7e0d873f4769e87711ff0817749afa$lut for cells of type $lut.
Using template $paramod$5d72c8513f26595bcbe55958d1fb5ee316f5500f$lut for cells of type $lut.
Using template $paramod$35747c4193cc59c2095f0a415365bd2a443730a2$lut for cells of type $lut.
Using template $paramod$7b4be8d87578c2c5a0c7163e1563fb1da9910167$lut for cells of type $lut.
Using template $paramod$8921e608da57eb3483e6390a11938d2bd4d7314d$lut for cells of type $lut.
Using template $paramod$b93f0f6ca90dc2c976f7761490a2cfba4b3b8145$lut for cells of type $lut.
Using template $paramod$d3185319b5c99da719afc2e6b2580a0af7d6917b$lut for cells of type $lut.
Using template $paramod$73a5df16621ef784522b67337a59ea39f6f28f4f$lut for cells of type $lut.
Using template $paramod$01eb6b4108da11d1b6329fbb26c33fdb6f9b3bcd$lut for cells of type $lut.
Using template $paramod$ce0a8ac9920887ea486041a20b4937455e732459$lut for cells of type $lut.
Using template $paramod$78bb7020282c2728ec97e33bda6ba5c46b9e1953$lut for cells of type $lut.
Using template $paramod$e5e9da8fed769f971686eed8c5eea50e61f73aaa$lut for cells of type $lut.
Using template $paramod$3702268f692b8bf258e428f65d3bca4e1f76d98b$lut for cells of type $lut.
Using template $paramod$9d57eff00bd6b4d25cb1c5a89cb7afd29d5fa5af$lut for cells of type $lut.
Using template $paramod$06e62c2045624c211a1abe4f2f36c8f22c688165$lut for cells of type $lut.
Using template $paramod$9cf976b4f3a576aa2cd6b51304cf5de7fc836fbd$lut for cells of type $lut.
Using template $paramod$b7e1f0e44e1823882f3ed6063906649af1d55c48$lut for cells of type $lut.
Using template $paramod$4658fedcd7ebe2858c93f54b88221dcf68c6bb6c$lut for cells of type $lut.
Using template $paramod$af0c0e3aea5daa768aac0697b02a2a49301800b1$lut for cells of type $lut.
Using template $paramod$16894c241be5ea1f024e9339dea788b4dbe184ae$lut for cells of type $lut.
Using template $paramod$lut\WIDTH=32'00000000000000000000000000000011\LUT=8'00101000 for cells of type $lut.
Using template $paramod$3e45df178f87cae7b22686270af206e8594cc30e$lut for cells of type $lut.
Using template $paramod$a238bb199d4b53d4c976c9e68dafcfe86b19f40f$lut for cells of type $lut.
Using template $paramod$lut\WIDTH=32'00000000000000000000000000000011\LUT=8'00001011 for cells of type $lut.
Using template $paramod$2ed945693823e972236d8ef3dfa1036e6ba89bd3$lut for cells of type $lut.
Using template $paramod$246006d276d15b0766d6d890a33a28800bfa7295$lut for cells of type $lut.
Using template $paramod$332a399730bfc61adea04021a76b1c4e4030f37d$lut for cells of type $lut.
Using template $paramod$c2b834f6ba68c34af7d784508bc37470c4e15f0d$lut for cells of type $lut.
Using template $paramod$0da1e7ce45c01907eca1584c22cd0e9a53e39636$lut for cells of type $lut.
Using template $paramod$2d70e360329f2b83357618532825d0cf30a325f3$lut for cells of type $lut.
Using template $paramod$3280a1713c9f3cb26f8c3d1bef1c17089fcc33f7$lut for cells of type $lut.
Using template $paramod$d9922e15eb5da1acc26e937540cc16b16c2ad42c$lut for cells of type $lut.
Using template $paramod$9e394303e290a474880b56f98766417009256d93$lut for cells of type $lut.
Using template $paramod$79e9affd4b116f28902976c57d6f734e0e0959c4$lut for cells of type $lut.
Using template $paramod$9ad7614fe6a9b3ddff358c6b93adb033c3f0848f$lut for cells of type $lut.
Using template $paramod$644aa856f559f259c6663c1c8b3cd8dff8ca6d02$lut for cells of type $lut.
Using template $paramod$ef2b41d13ee27e6181d7c1b04a9d128947b5a51c$lut for cells of type $lut.
Using template $paramod$70a6f8b5e7c26d543ee5df54b2e21d28a007a4bc$lut for cells of type $lut.
Using template $paramod$4617522c047c473a70c863dc11e360795f3509cb$lut for cells of type $lut.
Using template $paramod$3dfdb778126ab011e4d5dd8bd717182a0c306ecc$lut for cells of type $lut.
Using template $paramod$39825c5ed3d135e502be79829033166f1762d78b$lut for cells of type $lut.
Using template $paramod$ba7f31f246a278c41fa0648a6e0512f63185dec0$lut for cells of type $lut.
Using template $paramod$f919a4b1991f60672ac129533fc4e98150f7d551$lut for cells of type $lut.
Using template $paramod$db69692febefbeecfb96f5e0515127b510f41bf6$lut for cells of type $lut.
Using template $paramod$27c9a699151a85d0c7a67b8723733d534608e3be$lut for cells of type $lut.
Using template $paramod$24d89fb14af5270b32a81c30c35319eb6fc90db6$lut for cells of type $lut.
Using template $paramod$5afdc7428159757eedf89ce514f7efa32b31c8e7$lut for cells of type $lut.
Using template $paramod$1bbf1733f17053e8f3d2f853138763966124bce1$lut for cells of type $lut.
Using template $paramod$2b3cd97aa558ca86457a503c9831e52714a436eb$lut for cells of type $lut.
Using template $paramod$4b9b235bc4444ff899bef0c648e4109b26737f1a$lut for cells of type $lut.
Using template $paramod$76e4ece86a3d20e2927441c3c0c637ef19fc0fa7$lut for cells of type $lut.
Using template $paramod$17f5724d024b4abdf73f62bc2558ca87293e51a7$lut for cells of type $lut.
Using template $paramod$76c76782cbb0ab681223a5a538c9b7e27d603193$lut for cells of type $lut.
Using template $paramod$ff084b5194ed86c870f1791b4a2026f9083ee97c$lut for cells of type $lut.
Using template $paramod$b28b4ecbaa07efdcc51c93348ccdc2395f8b41c1$lut for cells of type $lut.
Using template $paramod$60902c6c1bcd7747208d5946759a22d49f7ec9fb$lut for cells of type $lut.
Using template $paramod$fad727b0103583d890c99879018cc9e4cc50f173$lut for cells of type $lut.
Using template $paramod$90c4da962fca88a0da942df08fa516b00ad0c346$lut for cells of type $lut.
Using template $paramod$8f0127ae6e4e4fae3e6aa8d83144b199848e8539$lut for cells of type $lut.
Using template $paramod$b847259e1454277470ece6dea6b67b4520c65957$lut for cells of type $lut.
Using template $paramod$362a69a0ba97d6d35b6ec0f9be445d6263b007fc$lut for cells of type $lut.
Using template $paramod$95e3b069aff4a6adc0a3d90d66a109cc8ab110fa$lut for cells of type $lut.
Using template $paramod$b7a653425fff7bd4acec52848acbcc631ceec358$lut for cells of type $lut.
Using template $paramod$cc0454b50e7a4bac6495b6e30a58ceb8dfd032c5$lut for cells of type $lut.
Using template $paramod$04b674496422df8889c01c3744b94097628ccfbc$lut for cells of type $lut.
Using template $paramod$2f17e1be43f3ac07ddcc5afec3b8e6a34320bd15$lut for cells of type $lut.
Using template $paramod$57cb949512d9233b81b9458f6b34fdb7f1d16bb1$lut for cells of type $lut.
Using template $paramod$762e39f00d8d54d5b8ec8ea685450d49bf31abe7$lut for cells of type $lut.
Using template $paramod$06af8e98b1ee32760d0eff675cf4988d49cbfdfa$lut for cells of type $lut.
Using template $paramod$4d7dc822e6ac78c7574e16060f5e26124cddca40$lut for cells of type $lut.
Using template $paramod$b250efa322ac8bcf3ae00e0c8e70f57917bfe2b4$lut for cells of type $lut.
Using template $paramod$fe1fadedaeb6156c0ee01cb7fe4cd32590d54069$lut for cells of type $lut.
Using template $paramod$d8aacfe44f73067ae624820f2e713299b336a863$lut for cells of type $lut.
Using template $paramod$0f1054d7a869eb1bffa14eab6537eeff64eb55da$lut for cells of type $lut.
Using template $paramod$2c7a85fc6bff836560079b17847f7adf2d56f5ab$lut for cells of type $lut.
Using template $paramod$c8f16510db975553c8b0be1064e8f5234175f8a8$lut for cells of type $lut.
Using template $paramod$dda4af17ea36de7349863f65b7e91c1c785d1ef2$lut for cells of type $lut.
Using template $paramod$lut\WIDTH=32'00000000000000000000000000000011\LUT=8'01010100 for cells of type $lut.
Using template $paramod$b5014374cf525b0bffec57e9d6c8c9a9fb8feb94$lut for cells of type $lut.
Using template $paramod$fcff9a7b1687e357a40264efcefe8443c8b2971a$lut for cells of type $lut.
Using template $paramod$b0878fe1110407fee18c8a936649bef81b1047a4$lut for cells of type $lut.
Using template $paramod$75820d9347a3209ed31ee4e9316ffc4b3fcae7a6$lut for cells of type $lut.
Using template $paramod$lut\WIDTH=32'00000000000000000000000000000011\LUT=8'10100010 for cells of type $lut.
Using template $paramod$8c0aa4283e004d7e549a2fa42300002224408629$lut for cells of type $lut.
Using template $paramod$e0981fee4804906725a4dc22588e2bfe5753df4c$lut for cells of type $lut.
Using template $paramod$20ae971f03a8aabd14bc9c90601f9bed8100c9da$lut for cells of type $lut.
Using template $paramod$lut\WIDTH=32'00000000000000000000000000000011\LUT=8'00001110 for cells of type $lut.
Using template $paramod$62e4b6e431c530d34a862402e44c896bfdbd489f$lut for cells of type $lut.
Using template $paramod$73f86d5bf0750f3bd53a08a021b22bc589924774$lut for cells of type $lut.
Using template $paramod$lut\WIDTH=32'00000000000000000000000000000011\LUT=8'10101000 for cells of type $lut.
Using template $paramod$e484b1e0bd351ba5af34f5fd66a8e850cc5b8335$lut for cells of type $lut.
Using template $paramod$0e29f0164a2ad363572ce02be0688ae5b861bd5c$lut for cells of type $lut.
Using template $paramod$7ae6b9f86630e459bd7263d89e524877b8f046f5$lut for cells of type $lut.
Using template $paramod$3fd756c0096ffe19725bbdd16b1cd7ebd664772c$lut for cells of type $lut.
Using template $paramod$7445684294e9e58ef98cf30700136f6ea8ac2814$lut for cells of type $lut.
Using template $paramod$d21d214a5aa271f2d9da3f90f22432c0ecee130f$lut for cells of type $lut.
Using template $paramod$93ecdd9f902d64a8877ea724ea15aa6463afa024$lut for cells of type $lut.
Using template $paramod$b1d4959b248d0c35dfe60a082dde35bff0cd4b90$lut for cells of type $lut.
Using template $paramod$9eff26ecbcb65a7d1489a1796347289bcfd89e00$lut for cells of type $lut.
Using template $paramod$84c5cfa8d7481774250caab0fcdd6d249a376a31$lut for cells of type $lut.
Using template $paramod$d90f8751c0da3b24d921d4029fb28a95429fce1f$lut for cells of type $lut.
Using template $paramod$lut\WIDTH=32'00000000000000000000000000000011\LUT=8'10001011 for cells of type $lut.
Using template $paramod$b2e8d279775d333b39e310bd45fd5952acdde290$lut for cells of type $lut.
Using template $paramod$a3b87121a3b940a8e4da86b387e5b17b390d0af5$lut for cells of type $lut.
Using template $paramod$68751fb7624c0e2ca9e416ce07100ec8fd0e953b$lut for cells of type $lut.
Using template $paramod$d93f9baec1dc6b680e8cdda0a311bef4ab0def7c$lut for cells of type $lut.
Using template $paramod$298784b75b42a46ffe36dd4aa204325bc06b7788$lut for cells of type $lut.
Using template $paramod$8ff930a239ded8f37bee99c919e92cc3ada5dad1$lut for cells of type $lut.
Using template $paramod$6d937d8a77a6356f2f9cc89d5646fb948bb8225e$lut for cells of type $lut.
Using template $paramod$3ec5e45cb3e54de9dbe908707155b5f9917c9370$lut for cells of type $lut.
Using template $paramod$5f99aa1a31b4f0c356281a67e16706e1e689d29f$lut for cells of type $lut.
Using template $paramod$ee5adfa1bcc7e4b8948c774483a7d19aaddb4759$lut for cells of type $lut.
Using template $paramod$4a013a80a31343dba8d3fe694fe4217899b3355d$lut for cells of type $lut.
Using template $paramod$077b9115a7a2459a50dcaef8083e40dd7e707a35$lut for cells of type $lut.
Using template $paramod$0982c86f090f510a1816e9c4b7e5e30a98472940$lut for cells of type $lut.
Using template $paramod$3cb88307a450879ea67b0b9792573000ad5f659f$lut for cells of type $lut.
Using template $paramod$54ed65161ae6a564321ad17b3c3fe836c33a386c$lut for cells of type $lut.
Using template $paramod$d0eb1bd038160853fd13d77fd06df2bbca4164fe$lut for cells of type $lut.
Using template $paramod$43418d0e130d98c98be1b35af914e9f2e1656515$lut for cells of type $lut.
Using template $paramod$1615ba86c44fe0f1bcf81a971d23cac185018f6b$lut for cells of type $lut.
Using template $paramod$440c55e9b86a4d19d2d9af4513ac1f3c626292af$lut for cells of type $lut.
Using template $paramod$63dfb5d507c3c0842cdb02014ffa50dbe5770b84$lut for cells of type $lut.
Using template $paramod$20ba583962918fa0136fc97b1558cc45cc91cc29$lut for cells of type $lut.
Using template $paramod$5502a85110dbca29ac631107f0b0635e7fade476$lut for cells of type $lut.
Using template $paramod$d462c1036b159cddae3de55d4cd2ced9cedf9818$lut for cells of type $lut.
Using template $paramod$7baf65aec78e03e4a7f3523f33f7d8825366660c$lut for cells of type $lut.
Using template $paramod$a03ef989f8f4e1878ce2f5c4e0e3d2dfb54307ef$lut for cells of type $lut.
Using template $paramod$000fa2164e1f538c16460571efee2b6209a086cc$lut for cells of type $lut.
Using template $paramod$289acbd8e4cff416ffe202c719afa39c0f0d0d11$lut for cells of type $lut.
Using template $paramod$1b547af8e52961a74435bd0ece8ce8357bbe8047$lut for cells of type $lut.
Using template $paramod$e646ec75ebb8f0fc7ca4974e8ae92780eea2ec30$lut for cells of type $lut.
Using template $paramod$d6a5aeddc551492388da5d68e934d17952a48bc8$lut for cells of type $lut.
Using template $paramod$a9f1133a3906e1a228933cdcaf464c776493a7e0$lut for cells of type $lut.
Using template $paramod$db08fd84fb3c4d6a41eaec6adfffe445fb7eb17f$lut for cells of type $lut.
Using template $paramod$526e4703e3f9e5bf75da836fd3d4410dd76747a6$lut for cells of type $lut.
Using template $paramod$8cac5452d526045503c5864c3a1dac0121c7053e$lut for cells of type $lut.
Using template $paramod$b1b21eab9dc5366c7c8d3286b253269e8e69f73f$lut for cells of type $lut.
Using template $paramod$65ea33bb287dafb358aeda0c9554f925676a9892$lut for cells of type $lut.
Using template $paramod$e7286efa35d7e82b22eb7d59b5eb421a3ee1d2b5$lut for cells of type $lut.
Using template $paramod$10c916aabd8ff1bd0e1f91914379d07e96f2b0d0$lut for cells of type $lut.
Using template $paramod$bbf8c65f00b09f2cf68e6ca5410fa9a0c7a5e2b9$lut for cells of type $lut.
Using template $paramod$lut\WIDTH=32'00000000000000000000000000000011\LUT=8'01010001 for cells of type $lut.
Using template $paramod$583cce00347c976cadeb6e38f0d204d9d76a470b$lut for cells of type $lut.
Using template $paramod$903905cca899aab473483ca27c3db12d7108e3a5$lut for cells of type $lut.
Using template $paramod$de3406006c16cf7256a0a2fdcbb1597ad8f6cb54$lut for cells of type $lut.
Using template $paramod$8d3ce9be81cff69f90f3cfd65305257300b4cb85$lut for cells of type $lut.
Using template $paramod$29fb0dcbea7e19908c494ce4a8a756b15e2a78b6$lut for cells of type $lut.
Using template $paramod$90a4ee0732d32cd856c54a42c4c17763046ef05d$lut for cells of type $lut.
Using template $paramod$lut\WIDTH=32'00000000000000000000000000000011\LUT=8'01010110 for cells of type $lut.
Using template $paramod$b4d0f4738a5ce50c7f36c2aa2ecc09cfb874f2b6$lut for cells of type $lut.
Using template $paramod$8f7360ea131caed93dd6333460a86b181a43e368$lut for cells of type $lut.
Using template $paramod$6375ab94b303a3f3c8d7ca6946328cb3c0b443a7$lut for cells of type $lut.
Using template $paramod$e3232e0a90c8340ac10328f8e4e3ccd56fa7779b$lut for cells of type $lut.
Using template $paramod$04b947391c0518441f1ea3686c952e27e67dc270$lut for cells of type $lut.
Using template $paramod$f6791f3c5d271cd7495a9cc812a3742738d47ed4$lut for cells of type $lut.
Using template $paramod$93f74d366819d1f86e5e8b91d159aa6b1cd7e9fb$lut for cells of type $lut.
Using template $paramod$02fbe8c67d33eabc42a06d471f5fbd85b121dbcc$lut for cells of type $lut.
No more expansions possible.
<suppressed ~13502 debug messages>

12.47. Executing OPT_LUT_INS pass (discard unused LUT inputs).
Optimizing LUTs in ulx3s_minimal_top.
  Optimizing lut $abc$76949$lut$aiger76948$13934.genblk1.genblk1.genblk1.genblk1.genblk1.lut1 (4 -> 0)
  Optimizing lut $abc$76949$lut$aiger76948$13930.genblk1.genblk1.genblk1.genblk1.genblk1.genblk1.genblk1.lut2 (4 -> 0)
  Optimizing lut $abc$76949$lut$aiger76948$13930.genblk1.genblk1.genblk1.genblk1.genblk1.genblk1.genblk1.lut4 (4 -> 0)
  Optimizing lut $abc$76949$lut$aiger76948$13930.genblk1.genblk1.genblk1.genblk1.genblk1.genblk1.genblk1.lut5 (4 -> 0)
  Optimizing lut $abc$76949$lut$aiger76948$13930.genblk1.genblk1.genblk1.genblk1.genblk1.genblk1.genblk1.lut6 (4 -> 0)
  Optimizing lut $abc$76949$lut$aiger76948$13930.genblk1.genblk1.genblk1.genblk1.genblk1.genblk1.genblk1.lut7 (4 -> 0)
  Optimizing lut $abc$76949$lut$aiger76948$13923.genblk1.genblk1.genblk1.genblk1.genblk1.genblk1.lut1 (4 -> 3)
  Optimizing lut $abc$76949$lut$aiger76948$13923.genblk1.genblk1.genblk1.genblk1.genblk1.genblk1.lut2 (4 -> 1)
  Optimizing lut $abc$76949$lut$aiger76948$13923.genblk1.genblk1.genblk1.genblk1.genblk1.genblk1.lut3 (4 -> 2)
  Optimizing lut $abc$76949$lut$aiger76948$13915.genblk1.genblk1.genblk1.genblk1.genblk1.genblk1.lut2 (4 -> 3)
  Optimizing lut $abc$76949$lut\uo_out_val_mem_io_instr_cpu.regFile.io_wData[30].genblk1.genblk1.genblk1.genblk1.genblk1.genblk1.lut2 (4 -> 3)
  Optimizing lut $abc$76949$lut$aiger76948$13850.genblk1.genblk1.genblk1.genblk1.genblk1.genblk1.lut1 (4 -> 2)
  Optimizing lut $abc$76949$lut$aiger76948$13850.genblk1.genblk1.genblk1.genblk1.genblk1.genblk1.lut3 (4 -> 3)
  Optimizing lut $abc$76949$lut\uo_out_val_mem_io_instr_cpu.regFile.io_wData[29].genblk1.genblk1.genblk1.genblk1.genblk1.genblk1.lut2 (4 -> 3)
  Optimizing lut $abc$76949$lut\uo_out_val_mem_io_instr_cpu.regFile.io_wData[28].genblk1.genblk1.genblk1.genblk1.genblk1.genblk1.genblk1.lut2 (4 -> 3)
  Optimizing lut $abc$76949$lut\uo_out_val_mem_io_instr_cpu.regFile.io_wData[28].genblk1.genblk1.genblk1.genblk1.genblk1.genblk1.genblk1.lut3 (4 -> 3)
  Optimizing lut $abc$76949$lut\uo_out_val_mem_io_instr_cpu.regFile.io_wData[28].genblk1.genblk1.genblk1.genblk1.genblk1.genblk1.genblk1.lut5 (4 -> 3)
  Optimizing lut $abc$76949$lut\uo_out_val_mem_io_instr_cpu.regFile.io_wData[28].genblk1.genblk1.genblk1.genblk1.genblk1.genblk1.genblk1.lut6 (4 -> 3)
  Optimizing lut $abc$76949$lut\uo_out_val_mem_io_instr_cpu.regFile.io_wData[28].genblk1.genblk1.genblk1.genblk1.genblk1.genblk1.genblk1.lut7 (4 -> 3)
  Optimizing lut $abc$76949$lut$aiger76948$13721.genblk1.genblk1.genblk1.genblk1.genblk1.lut1 (4 -> 2)
  Optimizing lut $abc$76949$lut$aiger76948$13651.genblk1.genblk1.genblk1.genblk1.genblk1.genblk1.genblk1.lut1 (4 -> 1)
  Optimizing lut $abc$76949$lut$aiger76948$13651.genblk1.genblk1.genblk1.genblk1.genblk1.genblk1.genblk1.lut2 (4 -> 1)
  Optimizing lut $abc$76949$lut$aiger76948$13651.genblk1.genblk1.genblk1.genblk1.genblk1.genblk1.genblk1.lut3 (4 -> 1)
  Optimizing lut $abc$76949$lut$aiger76948$13651.genblk1.genblk1.genblk1.genblk1.genblk1.genblk1.genblk1.lut5 (4 -> 1)
  Optimizing lut $abc$76949$lut$aiger76948$13651.genblk1.genblk1.genblk1.genblk1.genblk1.genblk1.genblk1.lut6 (4 -> 3)
  Optimizing lut $abc$76949$lut$aiger76948$13651.genblk1.genblk1.genblk1.genblk1.genblk1.genblk1.genblk1.lut7 (4 -> 1)
  Optimizing lut $abc$76949$lut$aiger76948$13620.genblk1.genblk1.genblk1.genblk1.genblk1.lut1 (4 -> 2)
  Optimizing lut $abc$76949$lut$aiger76948$13608.genblk1.genblk1.genblk1.genblk1.genblk1.genblk1.lut1 (4 -> 3)
  Optimizing lut $abc$76949$lut$aiger76948$13608.genblk1.genblk1.genblk1.genblk1.genblk1.genblk1.lut2 (4 -> 3)
  Optimizing lut $abc$76949$lut\uo_out_val_mem_io_instr_cpu.regFile.io_wData[26].genblk1.genblk1.genblk1.genblk1.genblk1.genblk1.genblk1.lut2 (4 -> 3)
  Optimizing lut $abc$76949$lut\uo_out_val_mem_io_instr_cpu.regFile.io_wData[26].genblk1.genblk1.genblk1.genblk1.genblk1.genblk1.genblk1.lut3 (4 -> 3)
  Optimizing lut $abc$76949$lut\uo_out_val_mem_io_instr_cpu.regFile.io_wData[26].genblk1.genblk1.genblk1.genblk1.genblk1.genblk1.genblk1.lut4 (4 -> 3)
  Optimizing lut $abc$76949$lut\uo_out_val_mem_io_instr_cpu.regFile.io_wData[26].genblk1.genblk1.genblk1.genblk1.genblk1.genblk1.genblk1.lut5 (4 -> 3)
  Optimizing lut $abc$76949$lut\uo_out_val_mem_io_instr_cpu.regFile.io_wData[26].genblk1.genblk1.genblk1.genblk1.genblk1.genblk1.genblk1.lut7 (4 -> 3)
  Optimizing lut $abc$76949$lut$aiger76948$13478.genblk1.genblk1.genblk1.genblk1.genblk1.genblk1.lut2 (4 -> 1)
  Optimizing lut $abc$76949$lut$aiger76948$13478.genblk1.genblk1.genblk1.genblk1.genblk1.genblk1.lut3 (4 -> 1)
  Optimizing lut $abc$76949$lut$aiger76948$13473.genblk1.genblk1.genblk1.genblk1.genblk1.genblk1.genblk1.lut5 (4 -> 3)
  Optimizing lut $abc$76949$lut$aiger76948$13450.genblk1.genblk1.genblk1.genblk1.genblk1.genblk1.genblk1.lut1 (4 -> 0)
  Optimizing lut $abc$76949$lut$aiger76948$13450.genblk1.genblk1.genblk1.genblk1.genblk1.genblk1.genblk1.lut2 (4 -> 3)
  Optimizing lut $abc$76949$lut$aiger76948$13450.genblk1.genblk1.genblk1.genblk1.genblk1.genblk1.genblk1.lut4 (4 -> 3)
  Optimizing lut $abc$76949$lut$aiger76948$13450.genblk1.genblk1.genblk1.genblk1.genblk1.genblk1.genblk1.lut6 (4 -> 0)
  Optimizing lut $abc$76949$lut$aiger76948$13450.genblk1.genblk1.genblk1.genblk1.genblk1.genblk1.genblk1.lut7 (4 -> 0)
  Optimizing lut $abc$76949$lut$aiger76948$13437.genblk1.genblk1.genblk1.genblk1.genblk1.genblk1.lut2 (4 -> 3)
  Optimizing lut $abc$76949$lut\uo_out_val_mem_io_instr_cpu.regFile.io_wData[24].genblk1.genblk1.genblk1.genblk1.genblk1.genblk1.lut2 (4 -> 3)
  Optimizing lut $abc$76949$lut\uo_out_val_mem_io_instr_cpu.regFile.io_wData[24].genblk1.genblk1.genblk1.genblk1.genblk1.genblk1.lut3 (4 -> 3)
  Optimizing lut $abc$76949$lut\uo_out_val_mem_io_instr_cpu.regFile.io_wData[23].genblk1.genblk1.genblk1.genblk1.genblk1.genblk1.genblk1.lut2 (4 -> 3)
  Optimizing lut $abc$76949$lut\uo_out_val_mem_io_instr_cpu.regFile.io_wData[23].genblk1.genblk1.genblk1.genblk1.genblk1.genblk1.genblk1.lut3 (4 -> 3)
  Optimizing lut $abc$76949$lut\uo_out_val_mem_io_instr_cpu.regFile.io_wData[23].genblk1.genblk1.genblk1.genblk1.genblk1.genblk1.genblk1.lut5 (4 -> 3)
  Optimizing lut $abc$76949$lut\uo_out_val_mem_io_instr_cpu.regFile.io_wData[23].genblk1.genblk1.genblk1.genblk1.genblk1.genblk1.genblk1.lut6 (4 -> 3)
  Optimizing lut $abc$76949$lut\uo_out_val_mem_io_instr_cpu.regFile.io_wData[23].genblk1.genblk1.genblk1.genblk1.genblk1.genblk1.genblk1.lut7 (4 -> 3)
  Optimizing lut $abc$76949$lut$aiger76948$13325.genblk1.genblk1.genblk1.genblk1.genblk1.lut1 (4 -> 3)
  Optimizing lut $abc$76949$lut\uo_out_val_mem_io_instr_cpu.regFile.io_wData[22].genblk1.genblk1.genblk1.genblk1.genblk1.genblk1.genblk1.lut3 (4 -> 3)
  Optimizing lut $abc$76949$lut\uo_out_val_mem_io_instr_cpu.regFile.io_wData[22].genblk1.genblk1.genblk1.genblk1.genblk1.genblk1.genblk1.lut4 (4 -> 3)
  Optimizing lut $abc$76949$lut\uo_out_val_mem_io_instr_cpu.regFile.io_wData[22].genblk1.genblk1.genblk1.genblk1.genblk1.genblk1.genblk1.lut5 (4 -> 3)
  Optimizing lut $abc$76949$lut\uo_out_val_mem_io_instr_cpu.regFile.io_wData[22].genblk1.genblk1.genblk1.genblk1.genblk1.genblk1.genblk1.lut6 (4 -> 2)
  Optimizing lut $abc$76949$lut\uo_out_val_mem_io_instr_cpu.regFile.io_wData[22].genblk1.genblk1.genblk1.genblk1.genblk1.genblk1.genblk1.lut7 (4 -> 3)
  Optimizing lut $abc$76949$lut$aiger76948$13191.genblk1.genblk1.genblk1.genblk1.genblk1.genblk1.lut2 (4 -> 0)
  Optimizing lut $abc$76949$lut$aiger76948$13191.genblk1.genblk1.genblk1.genblk1.genblk1.genblk1.lut3 (4 -> 3)
  Optimizing lut $abc$76949$lut$aiger76948$13157.genblk1.genblk1.genblk1.genblk1.genblk1.genblk1.genblk1.lut2 (4 -> 3)
  Optimizing lut $abc$76949$lut$aiger76948$13157.genblk1.genblk1.genblk1.genblk1.genblk1.genblk1.genblk1.lut4 (4 -> 3)
  Optimizing lut $abc$76949$lut$aiger76948$13157.genblk1.genblk1.genblk1.genblk1.genblk1.genblk1.genblk1.lut6 (4 -> 0)
  Optimizing lut $abc$76949$lut$aiger76948$13157.genblk1.genblk1.genblk1.genblk1.genblk1.genblk1.genblk1.lut7 (4 -> 0)
  Optimizing lut $abc$76949$lut\uo_out_val_mem_io_instr_cpu.regFile.io_wData[20].genblk1.genblk1.genblk1.genblk1.genblk1.genblk1.genblk1.lut3 (4 -> 3)
  Optimizing lut $abc$76949$lut\uo_out_val_mem_io_instr_cpu.regFile.io_wData[20].genblk1.genblk1.genblk1.genblk1.genblk1.genblk1.genblk1.lut4 (4 -> 3)
  Optimizing lut $abc$76949$lut\uo_out_val_mem_io_instr_cpu.regFile.io_wData[20].genblk1.genblk1.genblk1.genblk1.genblk1.genblk1.genblk1.lut5 (4 -> 3)
  Optimizing lut $abc$76949$lut\uo_out_val_mem_io_instr_cpu.regFile.io_wData[20].genblk1.genblk1.genblk1.genblk1.genblk1.genblk1.genblk1.lut6 (4 -> 2)
  Optimizing lut $abc$76949$lut\uo_out_val_mem_io_instr_cpu.regFile.io_wData[20].genblk1.genblk1.genblk1.genblk1.genblk1.genblk1.genblk1.lut7 (4 -> 3)
  Optimizing lut $abc$76949$lut$aiger76948$13087.genblk1.genblk1.genblk1.genblk1.genblk1.genblk1.lut1 (4 -> 3)
  Optimizing lut $abc$76949$lut$aiger76948$13087.genblk1.genblk1.genblk1.genblk1.genblk1.genblk1.lut2 (4 -> 3)
  Optimizing lut $abc$76949$lut\uo_out_val_mem_io_instr_cpu.regFile.io_wData[19].genblk1.genblk1.genblk1.genblk1.genblk1.genblk1.genblk1.lut3 (4 -> 3)
  Optimizing lut $abc$76949$lut\uo_out_val_mem_io_instr_cpu.regFile.io_wData[19].genblk1.genblk1.genblk1.genblk1.genblk1.genblk1.genblk1.lut4 (4 -> 3)
  Optimizing lut $abc$76949$lut\uo_out_val_mem_io_instr_cpu.regFile.io_wData[19].genblk1.genblk1.genblk1.genblk1.genblk1.genblk1.genblk1.lut5 (4 -> 3)
  Optimizing lut $abc$76949$lut\uo_out_val_mem_io_instr_cpu.regFile.io_wData[19].genblk1.genblk1.genblk1.genblk1.genblk1.genblk1.genblk1.lut6 (4 -> 2)
  Optimizing lut $abc$76949$lut\uo_out_val_mem_io_instr_cpu.regFile.io_wData[19].genblk1.genblk1.genblk1.genblk1.genblk1.genblk1.genblk1.lut7 (4 -> 3)
  Optimizing lut $abc$76949$lut$aiger76948$12908.genblk1.genblk1.genblk1.genblk1.genblk1.genblk1.lut2 (4 -> 2)
  Optimizing lut $abc$76949$lut\uo_out_val_mem_io_instr_cpu.regFile.io_wData[17].genblk1.genblk1.genblk1.genblk1.genblk1.genblk1.genblk1.lut3 (4 -> 3)
  Optimizing lut $abc$76949$lut\uo_out_val_mem_io_instr_cpu.regFile.io_wData[17].genblk1.genblk1.genblk1.genblk1.genblk1.genblk1.genblk1.lut4 (4 -> 3)
  Optimizing lut $abc$76949$lut\uo_out_val_mem_io_instr_cpu.regFile.io_wData[17].genblk1.genblk1.genblk1.genblk1.genblk1.genblk1.genblk1.lut5 (4 -> 3)
  Optimizing lut $abc$76949$lut\uo_out_val_mem_io_instr_cpu.regFile.io_wData[17].genblk1.genblk1.genblk1.genblk1.genblk1.genblk1.genblk1.lut6 (4 -> 2)
  Optimizing lut $abc$76949$lut\uo_out_val_mem_io_instr_cpu.regFile.io_wData[17].genblk1.genblk1.genblk1.genblk1.genblk1.genblk1.genblk1.lut7 (4 -> 3)
  Optimizing lut $abc$76949$lut$aiger76948$12779.genblk1.genblk1.genblk1.genblk1.genblk1.genblk1.genblk1.lut1 (4 -> 0)
  Optimizing lut $abc$76949$lut$aiger76948$12779.genblk1.genblk1.genblk1.genblk1.genblk1.genblk1.genblk1.lut2 (4 -> 0)
  Optimizing lut $abc$76949$lut$aiger76948$12779.genblk1.genblk1.genblk1.genblk1.genblk1.genblk1.genblk1.lut3 (4 -> 0)
  Optimizing lut $abc$76949$lut$aiger76948$12779.genblk1.genblk1.genblk1.genblk1.genblk1.genblk1.genblk1.lut4 (4 -> 0)
  Optimizing lut $abc$76949$lut$aiger76948$12779.genblk1.genblk1.genblk1.genblk1.genblk1.genblk1.genblk1.lut6 (4 -> 0)
  Optimizing lut $abc$76949$lut$aiger76948$12779.genblk1.genblk1.genblk1.genblk1.genblk1.genblk1.genblk1.lut7 (4 -> 0)
  Optimizing lut $abc$76949$lut$aiger76948$12708.genblk1.genblk1.genblk1.genblk1.genblk1.genblk1.genblk1.lut2 (4 -> 0)
  Optimizing lut $abc$76949$lut$aiger76948$12708.genblk1.genblk1.genblk1.genblk1.genblk1.genblk1.genblk1.lut3 (4 -> 0)
  Optimizing lut $abc$76949$lut$aiger76948$12708.genblk1.genblk1.genblk1.genblk1.genblk1.genblk1.genblk1.lut5 (4 -> 0)
  Optimizing lut $abc$76949$lut$aiger76948$12708.genblk1.genblk1.genblk1.genblk1.genblk1.genblk1.genblk1.lut7 (4 -> 0)
  Optimizing lut $abc$76949$lut$aiger76948$12676.genblk1.genblk1.genblk1.genblk1.genblk1.genblk1.lut2 (4 -> 0)
  Optimizing lut $abc$76949$lut$aiger76948$12671.genblk1.genblk1.genblk1.genblk1.genblk1.genblk1.lut1 (4 -> 0)
  Optimizing lut $abc$76949$lut$aiger76948$12671.genblk1.genblk1.genblk1.genblk1.genblk1.genblk1.lut2 (4 -> 3)
  Optimizing lut $abc$76949$lut$aiger76948$12586.genblk1.genblk1.genblk1.genblk1.genblk1.genblk1.lut3 (4 -> 3)
  Optimizing lut $abc$76949$lut$aiger76948$12495.genblk1.genblk1.genblk1.genblk1.genblk1.genblk1.genblk1.lut2 (4 -> 1)
  Optimizing lut $abc$76949$lut$aiger76948$12495.genblk1.genblk1.genblk1.genblk1.genblk1.genblk1.genblk1.lut3 (4 -> 1)
  Optimizing lut $abc$76949$lut$aiger76948$12495.genblk1.genblk1.genblk1.genblk1.genblk1.genblk1.genblk1.lut5 (4 -> 2)
  Optimizing lut $abc$76949$lut$aiger76948$12495.genblk1.genblk1.genblk1.genblk1.genblk1.genblk1.genblk1.lut6 (4 -> 1)
  Optimizing lut $abc$76949$lut$aiger76948$12495.genblk1.genblk1.genblk1.genblk1.genblk1.genblk1.genblk1.lut7 (4 -> 1)
  Optimizing lut $abc$76949$lut$aiger76948$12477.genblk1.genblk1.genblk1.genblk1.genblk1.genblk1.lut1 (4 -> 3)
  Optimizing lut $abc$76949$lut$aiger76948$12477.genblk1.genblk1.genblk1.genblk1.genblk1.genblk1.lut2 (4 -> 3)
  Optimizing lut $abc$76949$lut$aiger76948$12455.genblk1.genblk1.genblk1.genblk1.genblk1.genblk1.genblk1.lut2 (4 -> 3)
  Optimizing lut $abc$76949$lut$aiger76948$12455.genblk1.genblk1.genblk1.genblk1.genblk1.genblk1.genblk1.lut4 (4 -> 3)
  Optimizing lut $abc$76949$lut$aiger76948$12455.genblk1.genblk1.genblk1.genblk1.genblk1.genblk1.genblk1.lut6 (4 -> 0)
  Optimizing lut $abc$76949$lut$aiger76948$12455.genblk1.genblk1.genblk1.genblk1.genblk1.genblk1.genblk1.lut7 (4 -> 0)
  Optimizing lut $abc$76949$lut\uo_out_val_mem.io_cpuData_req_bits_data[13].genblk1.genblk1.genblk1.genblk1.genblk1.genblk1.lut2 (4 -> 1)
  Optimizing lut $abc$76949$lut\uo_out_val_mem_io_instr_cpu.regFile.io_wData[12].genblk1.genblk1.genblk1.genblk1.genblk1.genblk1.lut3 (4 -> 3)
  Optimizing lut $abc$76949$lut$aiger76948$12367.genblk1.genblk1.genblk1.genblk1.genblk1.genblk1.lut1 (4 -> 3)
  Optimizing lut $abc$76949$lut\uo_out_val_mem_io_instr_cpu.regFile.io_wData[11].genblk1.genblk1.genblk1.genblk1.genblk1.genblk1.genblk1.lut2 (4 -> 3)
  Optimizing lut $abc$76949$lut\uo_out_val_mem_io_instr_cpu.regFile.io_wData[11].genblk1.genblk1.genblk1.genblk1.genblk1.genblk1.genblk1.lut3 (4 -> 3)
  Optimizing lut $abc$76949$lut\uo_out_val_mem_io_instr_cpu.regFile.io_wData[11].genblk1.genblk1.genblk1.genblk1.genblk1.genblk1.genblk1.lut5 (4 -> 3)
  Optimizing lut $abc$76949$lut\uo_out_val_mem_io_instr_cpu.regFile.io_wData[11].genblk1.genblk1.genblk1.genblk1.genblk1.genblk1.genblk1.lut6 (4 -> 3)
  Optimizing lut $abc$76949$lut\uo_out_val_mem_io_instr_cpu.regFile.io_wData[11].genblk1.genblk1.genblk1.genblk1.genblk1.genblk1.genblk1.lut7 (4 -> 3)
  Optimizing lut $abc$76949$lut\uo_out_val_mem_io_instr_cpu.regFile.io_wData[10].genblk1.genblk1.genblk1.genblk1.genblk1.genblk1.genblk1.lut2 (4 -> 3)
  Optimizing lut $abc$76949$lut\uo_out_val_mem_io_instr_cpu.regFile.io_wData[10].genblk1.genblk1.genblk1.genblk1.genblk1.genblk1.genblk1.lut3 (4 -> 3)
  Optimizing lut $abc$76949$lut\uo_out_val_mem_io_instr_cpu.regFile.io_wData[10].genblk1.genblk1.genblk1.genblk1.genblk1.genblk1.genblk1.lut5 (4 -> 3)
  Optimizing lut $abc$76949$lut\uo_out_val_mem_io_instr_cpu.regFile.io_wData[10].genblk1.genblk1.genblk1.genblk1.genblk1.genblk1.genblk1.lut6 (4 -> 3)
  Optimizing lut $abc$76949$lut\uo_out_val_mem_io_instr_cpu.regFile.io_wData[10].genblk1.genblk1.genblk1.genblk1.genblk1.genblk1.genblk1.lut7 (4 -> 3)
  Optimizing lut $abc$76949$lut\uo_out_val_mem_io_instr_cpu.regFile.io_wData[9].genblk1.genblk1.genblk1.genblk1.genblk1.genblk1.lut3 (4 -> 3)
  Optimizing lut $abc$76949$lut$aiger76948$12016.genblk1.genblk1.genblk1.genblk1.genblk1.genblk1.genblk1.lut2 (4 -> 3)
  Optimizing lut $abc$76949$lut$aiger76948$12016.genblk1.genblk1.genblk1.genblk1.genblk1.genblk1.genblk1.lut3 (4 -> 0)
  Optimizing lut $abc$76949$lut$aiger76948$12016.genblk1.genblk1.genblk1.genblk1.genblk1.genblk1.genblk1.lut4 (4 -> 0)
  Optimizing lut $abc$76949$lut$aiger76948$12016.genblk1.genblk1.genblk1.genblk1.genblk1.genblk1.genblk1.lut5 (4 -> 0)
  Optimizing lut $abc$76949$lut$aiger76948$12016.genblk1.genblk1.genblk1.genblk1.genblk1.genblk1.genblk1.lut7 (4 -> 0)
  Optimizing lut $abc$76949$lut\uo_out_val_mem_io_instr_cpu.regFile.io_wData[8].genblk1.genblk1.genblk1.genblk1.genblk1.genblk1.genblk1.lut3 (4 -> 3)
  Optimizing lut $abc$76949$lut\uo_out_val_mem_io_instr_cpu.regFile.io_wData[8].genblk1.genblk1.genblk1.genblk1.genblk1.genblk1.genblk1.lut4 (4 -> 3)
  Optimizing lut $abc$76949$lut\uo_out_val_mem_io_instr_cpu.regFile.io_wData[8].genblk1.genblk1.genblk1.genblk1.genblk1.genblk1.genblk1.lut5 (4 -> 3)
  Optimizing lut $abc$76949$lut\uo_out_val_mem_io_instr_cpu.regFile.io_wData[8].genblk1.genblk1.genblk1.genblk1.genblk1.genblk1.genblk1.lut6 (4 -> 3)
  Optimizing lut $abc$76949$lut\uo_out_val_mem_io_instr_cpu.regFile.io_wData[8].genblk1.genblk1.genblk1.genblk1.genblk1.genblk1.genblk1.lut7 (4 -> 3)
  Optimizing lut $abc$76949$lut$aiger76948$11776.genblk1.genblk1.genblk1.genblk1.genblk1.genblk1.lut2 (4 -> 0)
  Optimizing lut $abc$76949$lut$aiger76948$11776.genblk1.genblk1.genblk1.genblk1.genblk1.genblk1.lut3 (4 -> 0)
  Optimizing lut $abc$76949$lut\uo_out_val_mem_io_instr_cpu.regFile.io_wData[6].genblk1.genblk1.genblk1.genblk1.genblk1.genblk1.genblk1.lut2 (4 -> 3)
  Optimizing lut $abc$76949$lut\uo_out_val_mem_io_instr_cpu.regFile.io_wData[6].genblk1.genblk1.genblk1.genblk1.genblk1.genblk1.genblk1.lut3 (4 -> 3)
  Optimizing lut $abc$76949$lut\uo_out_val_mem_io_instr_cpu.regFile.io_wData[6].genblk1.genblk1.genblk1.genblk1.genblk1.genblk1.genblk1.lut5 (4 -> 3)
  Optimizing lut $abc$76949$lut\uo_out_val_mem_io_instr_cpu.regFile.io_wData[6].genblk1.genblk1.genblk1.genblk1.genblk1.genblk1.genblk1.lut6 (4 -> 3)
  Optimizing lut $abc$76949$lut\uo_out_val_mem_io_instr_cpu.regFile.io_wData[6].genblk1.genblk1.genblk1.genblk1.genblk1.genblk1.genblk1.lut7 (4 -> 3)
  Optimizing lut $abc$76949$lut$flatten\uo_out_val_debug_uart_tx_busy_uartTx.$procmux$1699_Y[6].genblk1.genblk1.genblk1.genblk1.genblk1.genblk1.lut2 (4 -> 1)
  Optimizing lut $abc$76949$lut\uo_out_val_mem_io_instr_cpu.regFile.io_wData[5].genblk1.genblk1.genblk1.genblk1.genblk1.genblk1.genblk1.lut2 (4 -> 3)
  Optimizing lut $abc$76949$lut\uo_out_val_mem_io_instr_cpu.regFile.io_wData[5].genblk1.genblk1.genblk1.genblk1.genblk1.genblk1.genblk1.lut3 (4 -> 3)
  Optimizing lut $abc$76949$lut\uo_out_val_mem_io_instr_cpu.regFile.io_wData[5].genblk1.genblk1.genblk1.genblk1.genblk1.genblk1.genblk1.lut5 (4 -> 3)
  Optimizing lut $abc$76949$lut\uo_out_val_mem_io_instr_cpu.regFile.io_wData[5].genblk1.genblk1.genblk1.genblk1.genblk1.genblk1.genblk1.lut6 (4 -> 3)
  Optimizing lut $abc$76949$lut\uo_out_val_mem_io_instr_cpu.regFile.io_wData[5].genblk1.genblk1.genblk1.genblk1.genblk1.genblk1.genblk1.lut7 (4 -> 3)
  Optimizing lut $abc$76949$lut$aiger76948$11479.genblk1.genblk1.genblk1.genblk1.genblk1.genblk1.lut2 (4 -> 3)
  Optimizing lut $abc$76949$lut$aiger76948$11479.genblk1.genblk1.genblk1.genblk1.genblk1.genblk1.lut3 (4 -> 2)
  Optimizing lut $abc$76949$lut$aiger76948$9139.genblk1.genblk1.genblk1.genblk1.genblk1.genblk1.genblk1.lut2 (4 -> 3)
  Optimizing lut $abc$76949$lut$aiger76948$9139.genblk1.genblk1.genblk1.genblk1.genblk1.genblk1.genblk1.lut3 (4 -> 3)
  Optimizing lut $abc$76949$lut$aiger76948$9139.genblk1.genblk1.genblk1.genblk1.genblk1.genblk1.genblk1.lut4 (4 -> 3)
  Optimizing lut $abc$76949$lut$aiger76948$9139.genblk1.genblk1.genblk1.genblk1.genblk1.genblk1.genblk1.lut5 (4 -> 3)
  Optimizing lut $abc$76949$lut$aiger76948$9139.genblk1.genblk1.genblk1.genblk1.genblk1.genblk1.genblk1.lut6 (4 -> 3)
  Optimizing lut $abc$76949$lut$aiger76948$11469.genblk1.genblk1.genblk1.genblk1.genblk1.genblk1.lut3 (4 -> 3)
  Optimizing lut $abc$76949$lut$flatten\uo_out_val_debug_uart_tx_busy_uartTx.$procmux$1699_Y[5].genblk1.genblk1.genblk1.genblk1.genblk1.genblk1.lut2 (4 -> 1)
  Optimizing lut $abc$76949$lut$flatten\uo_out_val_debug_uart_tx_busy_uartTx.$procmux$1699_Y[4].genblk1.genblk1.genblk1.genblk1.genblk1.genblk1.lut2 (4 -> 1)
  Optimizing lut $abc$76949$lut$auto$fsm_map.cc:170:map_fsm$2040[3].genblk1.genblk1.genblk1.genblk1.genblk1.lut1 (4 -> 3)
  Optimizing lut $abc$76949$lut$flatten\uo_out_val_debug_uart_tx_busy_uartTx.$procmux$1699_Y[3].genblk1.genblk1.genblk1.genblk1.genblk1.genblk1.lut2 (4 -> 1)
  Optimizing lut $abc$76949$lut$flatten\uo_out_val_debug_uart_tx_busy_uartTx.$procmux$1699_Y[2].genblk1.genblk1.genblk1.genblk1.genblk1.genblk1.lut2 (4 -> 1)
  Optimizing lut $abc$76949$lut$flatten\uo_out_val_debug_uart_tx_busy_uartTx.$procmux$1699_Y[1].genblk1.genblk1.genblk1.genblk1.genblk1.genblk1.lut2 (4 -> 1)
  Optimizing lut $abc$76949$lut$flatten\uo_out_val_debug_uart_tx_busy_uartTx.$procmux$1699_Y[0].genblk1.genblk1.genblk1.genblk1.genblk1.genblk1.lut2 (4 -> 1)
  Optimizing lut $abc$76949$lut$aiger76948$9207.genblk1.genblk1.genblk1.genblk1.genblk1.genblk1.lut2 (4 -> 2)
  Optimizing lut $abc$76949$lut$aiger76948$9207.genblk1.genblk1.genblk1.genblk1.genblk1.genblk1.lut3 (4 -> 0)
  Optimizing lut $abc$76949$lut$aiger76948$4383.genblk1.genblk1.genblk1.genblk1.genblk1.genblk1.lut2 (4 -> 3)
  Optimizing lut $abc$76949$lut$aiger76948$4383.genblk1.genblk1.genblk1.genblk1.genblk1.genblk1.lut3 (4 -> 3)
  Optimizing lut $auto$abc9_ops.cc:1552:reintegrate$77003.genblk1.genblk1.genblk1.genblk1.genblk1.genblk1.lut2 (4 -> 3)
  Optimizing lut $auto$abc9_ops.cc:1552:reintegrate$77003.genblk1.genblk1.genblk1.genblk1.genblk1.genblk1.lut3 (4 -> 0)
  Optimizing lut $auto$abc9_ops.cc:1552:reintegrate$77004.genblk1.genblk1.genblk1.genblk1.genblk1.genblk1.lut2 (4 -> 3)
  Optimizing lut $auto$abc9_ops.cc:1552:reintegrate$77004.genblk1.genblk1.genblk1.genblk1.genblk1.genblk1.lut3 (4 -> 0)
  Optimizing lut $auto$abc9_ops.cc:1552:reintegrate$77005.genblk1.genblk1.genblk1.genblk1.genblk1.genblk1.lut2 (4 -> 3)
  Optimizing lut $auto$abc9_ops.cc:1552:reintegrate$77005.genblk1.genblk1.genblk1.genblk1.genblk1.genblk1.lut3 (4 -> 0)
  Optimizing lut $auto$abc9_ops.cc:1552:reintegrate$77006.genblk1.genblk1.genblk1.genblk1.genblk1.genblk1.lut2 (4 -> 3)
  Optimizing lut $auto$abc9_ops.cc:1552:reintegrate$77006.genblk1.genblk1.genblk1.genblk1.genblk1.genblk1.lut3 (4 -> 0)
  Optimizing lut $auto$abc9_ops.cc:1552:reintegrate$77007.genblk1.genblk1.genblk1.genblk1.genblk1.genblk1.lut2 (4 -> 3)
  Optimizing lut $auto$abc9_ops.cc:1552:reintegrate$77007.genblk1.genblk1.genblk1.genblk1.genblk1.genblk1.lut3 (4 -> 0)
  Optimizing lut $auto$abc9_ops.cc:1552:reintegrate$77008.genblk1.genblk1.genblk1.genblk1.genblk1.genblk1.lut2 (4 -> 3)
  Optimizing lut $auto$abc9_ops.cc:1552:reintegrate$77008.genblk1.genblk1.genblk1.genblk1.genblk1.genblk1.lut3 (4 -> 0)
  Optimizing lut $auto$abc9_ops.cc:1552:reintegrate$77009.genblk1.genblk1.genblk1.genblk1.genblk1.genblk1.lut2 (4 -> 3)
  Optimizing lut $auto$abc9_ops.cc:1552:reintegrate$77009.genblk1.genblk1.genblk1.genblk1.genblk1.genblk1.lut3 (4 -> 0)
  Optimizing lut $auto$abc9_ops.cc:1552:reintegrate$77010.genblk1.genblk1.genblk1.genblk1.genblk1.genblk1.lut2 (4 -> 3)
  Optimizing lut $auto$abc9_ops.cc:1552:reintegrate$77010.genblk1.genblk1.genblk1.genblk1.genblk1.genblk1.lut3 (4 -> 0)
  Optimizing lut $auto$abc9_ops.cc:1552:reintegrate$77011.genblk1.genblk1.genblk1.genblk1.genblk1.genblk1.lut2 (4 -> 3)
  Optimizing lut $auto$abc9_ops.cc:1552:reintegrate$77011.genblk1.genblk1.genblk1.genblk1.genblk1.genblk1.lut3 (4 -> 0)
  Optimizing lut $auto$abc9_ops.cc:1552:reintegrate$77013.genblk1.genblk1.genblk1.genblk1.genblk1.genblk1.lut2 (4 -> 3)
  Optimizing lut $auto$abc9_ops.cc:1552:reintegrate$77013.genblk1.genblk1.genblk1.genblk1.genblk1.genblk1.lut3 (4 -> 0)
  Optimizing lut $auto$abc9_ops.cc:1552:reintegrate$77015.genblk1.genblk1.genblk1.genblk1.genblk1.genblk1.lut2 (4 -> 3)
  Optimizing lut $auto$abc9_ops.cc:1552:reintegrate$77015.genblk1.genblk1.genblk1.genblk1.genblk1.genblk1.lut3 (4 -> 0)
  Optimizing lut $auto$abc9_ops.cc:1552:reintegrate$77018.genblk1.genblk1.genblk1.genblk1.genblk1.genblk1.lut2 (4 -> 3)
  Optimizing lut $auto$abc9_ops.cc:1552:reintegrate$77018.genblk1.genblk1.genblk1.genblk1.genblk1.genblk1.lut3 (4 -> 0)
  Optimizing lut $auto$abc9_ops.cc:1552:reintegrate$77020.genblk1.genblk1.genblk1.genblk1.genblk1.genblk1.lut2 (4 -> 3)
  Optimizing lut $auto$abc9_ops.cc:1552:reintegrate$77020.genblk1.genblk1.genblk1.genblk1.genblk1.genblk1.lut3 (4 -> 0)
  Optimizing lut $auto$abc9_ops.cc:1552:reintegrate$77022.genblk1.genblk1.genblk1.genblk1.genblk1.genblk1.lut2 (4 -> 3)
  Optimizing lut $auto$abc9_ops.cc:1552:reintegrate$77022.genblk1.genblk1.genblk1.genblk1.genblk1.genblk1.lut3 (4 -> 0)
  Optimizing lut $auto$abc9_ops.cc:1552:reintegrate$77023.genblk1.genblk1.genblk1.genblk1.genblk1.genblk1.lut2 (4 -> 3)
  Optimizing lut $auto$abc9_ops.cc:1552:reintegrate$77023.genblk1.genblk1.genblk1.genblk1.genblk1.genblk1.lut3 (4 -> 0)
  Optimizing lut $auto$abc9_ops.cc:1552:reintegrate$77025.genblk1.genblk1.genblk1.genblk1.genblk1.genblk1.lut2 (4 -> 3)
  Optimizing lut $auto$abc9_ops.cc:1552:reintegrate$77025.genblk1.genblk1.genblk1.genblk1.genblk1.genblk1.lut3 (4 -> 0)
  Optimizing lut $auto$abc9_ops.cc:1552:reintegrate$77028.genblk1.genblk1.genblk1.genblk1.genblk1.lut1 (4 -> 2)
  Optimizing lut $auto$abc9_ops.cc:1552:reintegrate$77029.genblk1.genblk1.genblk1.genblk1.genblk1.genblk1.lut2 (4 -> 3)
  Optimizing lut $auto$abc9_ops.cc:1552:reintegrate$77029.genblk1.genblk1.genblk1.genblk1.genblk1.genblk1.lut3 (4 -> 0)
  Optimizing lut $auto$abc9_ops.cc:1552:reintegrate$77032.genblk1.genblk1.genblk1.genblk1.genblk1.genblk1.lut2 (4 -> 3)
  Optimizing lut $auto$abc9_ops.cc:1552:reintegrate$77032.genblk1.genblk1.genblk1.genblk1.genblk1.genblk1.lut3 (4 -> 0)
  Optimizing lut $auto$abc9_ops.cc:1552:reintegrate$77035.genblk1.genblk1.genblk1.genblk1.genblk1.genblk1.lut2 (4 -> 3)
  Optimizing lut $auto$abc9_ops.cc:1552:reintegrate$77035.genblk1.genblk1.genblk1.genblk1.genblk1.genblk1.lut3 (4 -> 0)
  Optimizing lut $auto$abc9_ops.cc:1552:reintegrate$77040.genblk1.genblk1.genblk1.genblk1.genblk1.genblk1.lut2 (4 -> 3)
  Optimizing lut $auto$abc9_ops.cc:1552:reintegrate$77040.genblk1.genblk1.genblk1.genblk1.genblk1.genblk1.lut3 (4 -> 0)
  Optimizing lut $auto$abc9_ops.cc:1552:reintegrate$77042.genblk1.genblk1.genblk1.genblk1.genblk1.genblk1.lut1 (4 -> 0)
  Optimizing lut $auto$abc9_ops.cc:1552:reintegrate$77042.genblk1.genblk1.genblk1.genblk1.genblk1.genblk1.lut2 (4 -> 3)
  Optimizing lut $auto$abc9_ops.cc:1552:reintegrate$77042.genblk1.genblk1.genblk1.genblk1.genblk1.genblk1.lut3 (4 -> 0)
  Optimizing lut $auto$abc9_ops.cc:1552:reintegrate$77050.genblk1.genblk1.genblk1.genblk1.genblk1.genblk1.lut2 (4 -> 3)
  Optimizing lut $auto$abc9_ops.cc:1552:reintegrate$77050.genblk1.genblk1.genblk1.genblk1.genblk1.genblk1.lut3 (4 -> 0)
  Optimizing lut $auto$abc9_ops.cc:1552:reintegrate$77051.genblk1.genblk1.genblk1.genblk1.genblk1.genblk1.lut2 (4 -> 3)
  Optimizing lut $auto$abc9_ops.cc:1552:reintegrate$77051.genblk1.genblk1.genblk1.genblk1.genblk1.genblk1.lut3 (4 -> 0)
  Optimizing lut $abc$76949$lut$aiger76948$9385.genblk1.genblk1.genblk1.genblk1.genblk1.lut1 (4 -> 0)
  Optimizing lut $auto$abc9_ops.cc:1552:reintegrate$77060.genblk1.genblk1.genblk1.genblk1.genblk1.genblk1.lut2 (4 -> 3)
  Optimizing lut $auto$abc9_ops.cc:1552:reintegrate$77060.genblk1.genblk1.genblk1.genblk1.genblk1.genblk1.lut3 (4 -> 0)
  Optimizing lut $abc$76949$lut$aiger76948$11808.genblk1.genblk1.genblk1.genblk1.genblk1.lut1 (4 -> 0)
  Optimizing lut $auto$abc9_ops.cc:1552:reintegrate$77064.genblk1.genblk1.genblk1.genblk1.genblk1.genblk1.lut2 (4 -> 3)
  Optimizing lut $auto$abc9_ops.cc:1552:reintegrate$77064.genblk1.genblk1.genblk1.genblk1.genblk1.genblk1.lut3 (4 -> 0)
  Optimizing lut $auto$abc9_ops.cc:1552:reintegrate$77078.genblk1.genblk1.genblk1.genblk1.genblk1.genblk1.lut2 (4 -> 3)
  Optimizing lut $auto$abc9_ops.cc:1552:reintegrate$77078.genblk1.genblk1.genblk1.genblk1.genblk1.genblk1.lut3 (4 -> 0)
  Optimizing lut $abc$76949$lut$aiger76948$11544.genblk1.genblk1.genblk1.genblk1.genblk1.lut1 (4 -> 0)
  Optimizing lut $auto$abc9_ops.cc:1552:reintegrate$77082.genblk1.genblk1.genblk1.genblk1.genblk1.genblk1.lut2 (4 -> 3)
  Optimizing lut $auto$abc9_ops.cc:1552:reintegrate$77082.genblk1.genblk1.genblk1.genblk1.genblk1.genblk1.lut3 (4 -> 0)
  Optimizing lut $abc$76949$lut$aiger76948$11395.genblk1.genblk1.genblk1.genblk1.genblk1.lut1 (4 -> 0)
  Optimizing lut $auto$abc9_ops.cc:1552:reintegrate$77091.genblk1.genblk1.genblk1.genblk1.genblk1.genblk1.lut2 (4 -> 3)
  Optimizing lut $auto$abc9_ops.cc:1552:reintegrate$77091.genblk1.genblk1.genblk1.genblk1.genblk1.genblk1.lut3 (4 -> 0)
  Optimizing lut $abc$76949$lut$aiger76948$11314.genblk1.genblk1.genblk1.genblk1.genblk1.genblk1.genblk1.lut2 (4 -> 0)
  Optimizing lut $abc$76949$lut$aiger76948$11314.genblk1.genblk1.genblk1.genblk1.genblk1.genblk1.genblk1.lut3 (4 -> 0)
  Optimizing lut $abc$76949$lut$aiger76948$11314.genblk1.genblk1.genblk1.genblk1.genblk1.genblk1.genblk1.lut4 (4 -> 2)
  Optimizing lut $abc$76949$lut$aiger76948$11314.genblk1.genblk1.genblk1.genblk1.genblk1.genblk1.genblk1.lut6 (4 -> 3)
  Optimizing lut $abc$76949$lut$aiger76948$11314.genblk1.genblk1.genblk1.genblk1.genblk1.genblk1.genblk1.lut7 (4 -> 3)
  Optimizing lut $abc$76949$lut$aiger76948$11282.genblk1.genblk1.genblk1.genblk1.genblk1.genblk1.lut2 (4 -> 2)
  Optimizing lut $abc$76949$lut$aiger76948$11282.genblk1.genblk1.genblk1.genblk1.genblk1.genblk1.lut3 (4 -> 3)
  Optimizing lut $abc$76949$lut$aiger76948$11180.genblk1.genblk1.genblk1.genblk1.genblk1.lut1 (4 -> 0)
  Optimizing lut $abc$76949$lut$aiger76948$11129.genblk1.genblk1.genblk1.genblk1.genblk1.genblk1.lut2 (4 -> 3)
  Optimizing lut $abc$76949$lut$aiger76948$11129.genblk1.genblk1.genblk1.genblk1.genblk1.genblk1.lut3 (4 -> 2)
  Optimizing lut $abc$76949$lut$aiger76948$11113.genblk1.genblk1.genblk1.genblk1.genblk1.genblk1.lut2 (4 -> 0)
  Optimizing lut $abc$76949$lut$aiger76948$11113.genblk1.genblk1.genblk1.genblk1.genblk1.genblk1.lut3 (4 -> 0)
  Optimizing lut $abc$76949$lut$aiger76948$11100.genblk1.genblk1.genblk1.genblk1.genblk1.genblk1.genblk1.lut3 (4 -> 3)
  Optimizing lut $abc$76949$lut$aiger76948$11100.genblk1.genblk1.genblk1.genblk1.genblk1.genblk1.genblk1.lut6 (4 -> 3)
  Optimizing lut $abc$76949$lut$aiger76948$11100.genblk1.genblk1.genblk1.genblk1.genblk1.genblk1.genblk1.lut7 (4 -> 3)
  Optimizing lut $auto$abc9_ops.cc:1552:reintegrate$77112.genblk1.genblk1.genblk1.genblk1.genblk1.genblk1.lut2 (4 -> 3)
  Optimizing lut $auto$abc9_ops.cc:1552:reintegrate$77112.genblk1.genblk1.genblk1.genblk1.genblk1.genblk1.lut3 (4 -> 0)
  Optimizing lut $abc$76949$lut$aiger76948$10976.genblk1.genblk1.genblk1.genblk1.genblk1.lut1 (4 -> 0)
  Optimizing lut $abc$76949$lut$aiger76948$10741.genblk1.genblk1.genblk1.genblk1.genblk1.lut1 (4 -> 0)
  Optimizing lut $abc$76949$lut$aiger76948$10914.genblk1.genblk1.genblk1.genblk1.genblk1.genblk1.lut2 (4 -> 0)
  Optimizing lut $abc$76949$lut$aiger76948$10914.genblk1.genblk1.genblk1.genblk1.genblk1.genblk1.lut3 (4 -> 2)
  Optimizing lut $abc$76949$lut$aiger76948$10890.genblk1.genblk1.genblk1.genblk1.genblk1.genblk1.genblk1.lut2 (4 -> 0)
  Optimizing lut $abc$76949$lut$aiger76948$10890.genblk1.genblk1.genblk1.genblk1.genblk1.genblk1.genblk1.lut3 (4 -> 3)
  Optimizing lut $abc$76949$lut$aiger76948$10890.genblk1.genblk1.genblk1.genblk1.genblk1.genblk1.genblk1.lut4 (4 -> 3)
  Optimizing lut $abc$76949$lut$aiger76948$10890.genblk1.genblk1.genblk1.genblk1.genblk1.genblk1.genblk1.lut5 (4 -> 3)
  Optimizing lut $abc$76949$lut$aiger76948$6509.genblk1.genblk1.genblk1.genblk1.genblk1.genblk1.genblk1.lut2 (4 -> 3)
  Optimizing lut $abc$76949$lut$aiger76948$6509.genblk1.genblk1.genblk1.genblk1.genblk1.genblk1.genblk1.lut4 (4 -> 3)
  Optimizing lut $abc$76949$lut$aiger76948$6509.genblk1.genblk1.genblk1.genblk1.genblk1.genblk1.genblk1.lut6 (4 -> 0)
  Optimizing lut $abc$76949$lut$aiger76948$6509.genblk1.genblk1.genblk1.genblk1.genblk1.genblk1.genblk1.lut7 (4 -> 0)
  Optimizing lut $auto$abc9_ops.cc:1552:reintegrate$77125.genblk1.genblk1.genblk1.genblk1.genblk1.genblk1.lut2 (4 -> 3)
  Optimizing lut $auto$abc9_ops.cc:1552:reintegrate$77125.genblk1.genblk1.genblk1.genblk1.genblk1.genblk1.lut3 (4 -> 0)
  Optimizing lut $abc$76949$lut$aiger76948$9862.genblk1.genblk1.genblk1.genblk1.genblk1.genblk1.lut3 (4 -> 3)
  Optimizing lut $abc$76949$lut$aiger76948$10144.genblk1.genblk1.genblk1.genblk1.genblk1.genblk1.genblk1.lut2 (4 -> 0)
  Optimizing lut $abc$76949$lut$aiger76948$10144.genblk1.genblk1.genblk1.genblk1.genblk1.genblk1.genblk1.lut3 (4 -> 0)
  Optimizing lut $abc$76949$lut$aiger76948$10144.genblk1.genblk1.genblk1.genblk1.genblk1.genblk1.genblk1.lut4 (4 -> 0)
  Optimizing lut $abc$76949$lut$aiger76948$10144.genblk1.genblk1.genblk1.genblk1.genblk1.genblk1.genblk1.lut5 (4 -> 0)
  Optimizing lut $abc$76949$lut$aiger76948$10144.genblk1.genblk1.genblk1.genblk1.genblk1.genblk1.genblk1.lut6 (4 -> 0)
  Optimizing lut $abc$76949$lut$aiger76948$9970.genblk1.genblk1.genblk1.genblk1.genblk1.genblk1.genblk1.lut1 (4 -> 0)
  Optimizing lut $abc$76949$lut$aiger76948$9970.genblk1.genblk1.genblk1.genblk1.genblk1.genblk1.genblk1.lut2 (4 -> 0)
  Optimizing lut $abc$76949$lut$aiger76948$9970.genblk1.genblk1.genblk1.genblk1.genblk1.genblk1.genblk1.lut3 (4 -> 0)
  Optimizing lut $abc$76949$lut$aiger76948$9970.genblk1.genblk1.genblk1.genblk1.genblk1.genblk1.genblk1.lut4 (4 -> 0)
  Optimizing lut $abc$76949$lut$aiger76948$9970.genblk1.genblk1.genblk1.genblk1.genblk1.genblk1.genblk1.lut5 (4 -> 0)
  Optimizing lut $abc$76949$lut$aiger76948$9970.genblk1.genblk1.genblk1.genblk1.genblk1.genblk1.genblk1.lut6 (4 -> 0)
  Optimizing lut $abc$76949$lut\uo_out_val_mem.io_cpuData_req_bits_data[15].genblk1.genblk1.genblk1.genblk1.genblk1.genblk1.genblk1.lut2 (4 -> 1)
  Optimizing lut $abc$76949$lut\uo_out_val_mem.io_cpuData_req_bits_data[15].genblk1.genblk1.genblk1.genblk1.genblk1.genblk1.genblk1.lut3 (4 -> 1)
  Optimizing lut $abc$76949$lut\uo_out_val_mem.io_cpuData_req_bits_data[15].genblk1.genblk1.genblk1.genblk1.genblk1.genblk1.genblk1.lut4 (4 -> 1)
  Optimizing lut $abc$76949$lut\uo_out_val_mem.io_cpuData_req_bits_data[15].genblk1.genblk1.genblk1.genblk1.genblk1.genblk1.genblk1.lut5 (4 -> 1)
  Optimizing lut $abc$76949$lut\uo_out_val_mem.io_cpuData_req_bits_data[15].genblk1.genblk1.genblk1.genblk1.genblk1.genblk1.genblk1.lut6 (4 -> 1)
  Optimizing lut $abc$76949$lut$aiger76948$8271.genblk1.genblk1.genblk1.genblk1.genblk1.genblk1.genblk1.lut1 (4 -> 3)
  Optimizing lut $abc$76949$lut$aiger76948$8271.genblk1.genblk1.genblk1.genblk1.genblk1.genblk1.genblk1.lut2 (4 -> 0)
  Optimizing lut $abc$76949$lut$aiger76948$8271.genblk1.genblk1.genblk1.genblk1.genblk1.genblk1.genblk1.lut3 (4 -> 0)
  Optimizing lut $abc$76949$lut$aiger76948$8271.genblk1.genblk1.genblk1.genblk1.genblk1.genblk1.genblk1.lut4 (4 -> 0)
  Optimizing lut $abc$76949$lut$aiger76948$8271.genblk1.genblk1.genblk1.genblk1.genblk1.genblk1.genblk1.lut5 (4 -> 0)
  Optimizing lut $abc$76949$lut$aiger76948$8271.genblk1.genblk1.genblk1.genblk1.genblk1.genblk1.genblk1.lut6 (4 -> 3)
  Optimizing lut $abc$76949$lut$aiger76948$8271.genblk1.genblk1.genblk1.genblk1.genblk1.genblk1.genblk1.lut7 (4 -> 0)
  Optimizing lut $abc$76949$lut$aiger76948$8262.genblk1.genblk1.genblk1.genblk1.genblk1.genblk1.genblk1.lut1 (4 -> 0)
  Optimizing lut $abc$76949$lut$aiger76948$8262.genblk1.genblk1.genblk1.genblk1.genblk1.genblk1.genblk1.lut2 (4 -> 0)
  Optimizing lut $abc$76949$lut$aiger76948$8262.genblk1.genblk1.genblk1.genblk1.genblk1.genblk1.genblk1.lut3 (4 -> 0)
  Optimizing lut $abc$76949$lut$aiger76948$8262.genblk1.genblk1.genblk1.genblk1.genblk1.genblk1.genblk1.lut4 (4 -> 0)
  Optimizing lut $abc$76949$lut$aiger76948$8262.genblk1.genblk1.genblk1.genblk1.genblk1.genblk1.genblk1.lut5 (4 -> 2)
  Optimizing lut $abc$76949$lut$aiger76948$8262.genblk1.genblk1.genblk1.genblk1.genblk1.genblk1.genblk1.lut6 (4 -> 0)
  Optimizing lut $abc$76949$lut$aiger76948$8262.genblk1.genblk1.genblk1.genblk1.genblk1.genblk1.genblk1.lut7 (4 -> 3)
  Optimizing lut $abc$76949$lut$aiger76948$8253.genblk1.genblk1.genblk1.genblk1.genblk1.genblk1.genblk1.lut1 (4 -> 0)
  Optimizing lut $abc$76949$lut$aiger76948$8253.genblk1.genblk1.genblk1.genblk1.genblk1.genblk1.genblk1.lut2 (4 -> 0)
  Optimizing lut $abc$76949$lut$aiger76948$8253.genblk1.genblk1.genblk1.genblk1.genblk1.genblk1.genblk1.lut3 (4 -> 0)
  Optimizing lut $abc$76949$lut$aiger76948$8253.genblk1.genblk1.genblk1.genblk1.genblk1.genblk1.genblk1.lut4 (4 -> 3)
  Optimizing lut $abc$76949$lut$aiger76948$8253.genblk1.genblk1.genblk1.genblk1.genblk1.genblk1.genblk1.lut5 (4 -> 0)
  Optimizing lut $abc$76949$lut$aiger76948$8253.genblk1.genblk1.genblk1.genblk1.genblk1.genblk1.genblk1.lut6 (4 -> 0)
  Optimizing lut $abc$76949$lut$aiger76948$8253.genblk1.genblk1.genblk1.genblk1.genblk1.genblk1.genblk1.lut7 (4 -> 2)
  Optimizing lut $abc$76949$lut$aiger76948$9953.genblk1.genblk1.genblk1.genblk1.genblk1.genblk1.genblk1.lut4 (4 -> 1)
  Optimizing lut $abc$76949$lut$aiger76948$9953.genblk1.genblk1.genblk1.genblk1.genblk1.genblk1.genblk1.lut5 (4 -> 3)
  Optimizing lut $abc$76949$lut$aiger76948$9953.genblk1.genblk1.genblk1.genblk1.genblk1.genblk1.genblk1.lut6 (4 -> 0)
  Optimizing lut $abc$76949$lut$aiger76948$9953.genblk1.genblk1.genblk1.genblk1.genblk1.genblk1.genblk1.lut7 (4 -> 3)
  Optimizing lut $abc$76949$lut$aiger76948$8930.genblk1.genblk1.genblk1.genblk1.genblk1.genblk1.genblk1.lut2 (4 -> 0)
  Optimizing lut $abc$76949$lut$aiger76948$8930.genblk1.genblk1.genblk1.genblk1.genblk1.genblk1.genblk1.lut3 (4 -> 0)
  Optimizing lut $abc$76949$lut$aiger76948$8930.genblk1.genblk1.genblk1.genblk1.genblk1.genblk1.genblk1.lut4 (4 -> 0)
  Optimizing lut $abc$76949$lut$aiger76948$8930.genblk1.genblk1.genblk1.genblk1.genblk1.genblk1.genblk1.lut5 (4 -> 0)
  Optimizing lut $abc$76949$lut$aiger76948$8930.genblk1.genblk1.genblk1.genblk1.genblk1.genblk1.genblk1.lut6 (4 -> 0)
  Optimizing lut $abc$76949$lut$aiger76948$8923.genblk1.genblk1.genblk1.genblk1.genblk1.genblk1.genblk1.lut2 (4 -> 0)
  Optimizing lut $abc$76949$lut$aiger76948$8923.genblk1.genblk1.genblk1.genblk1.genblk1.genblk1.genblk1.lut4 (4 -> 0)
  Optimizing lut $abc$76949$lut$aiger76948$8923.genblk1.genblk1.genblk1.genblk1.genblk1.genblk1.genblk1.lut5 (4 -> 0)
  Optimizing lut $abc$76949$lut$aiger76948$8923.genblk1.genblk1.genblk1.genblk1.genblk1.genblk1.genblk1.lut6 (4 -> 0)
  Optimizing lut $abc$76949$lut$aiger76948$8923.genblk1.genblk1.genblk1.genblk1.genblk1.genblk1.genblk1.lut7 (4 -> 0)
  Optimizing lut $abc$76949$lut$aiger76948$8905.genblk1.genblk1.genblk1.genblk1.genblk1.genblk1.lut2 (4 -> 0)
  Optimizing lut $abc$76949$lut$aiger76948$8905.genblk1.genblk1.genblk1.genblk1.genblk1.genblk1.lut3 (4 -> 0)
  Optimizing lut $abc$76949$lut$aiger76948$8900.genblk1.genblk1.genblk1.genblk1.genblk1.genblk1.lut1 (4 -> 0)
  Optimizing lut $abc$76949$lut$aiger76948$8900.genblk1.genblk1.genblk1.genblk1.genblk1.genblk1.lut2 (4 -> 3)
  Optimizing lut $abc$76949$lut$aiger76948$8900.genblk1.genblk1.genblk1.genblk1.genblk1.genblk1.lut3 (4 -> 3)
  Optimizing lut $abc$76949$lut$aiger76948$8889.genblk1.genblk1.genblk1.genblk1.genblk1.genblk1.lut1 (4 -> 0)
  Optimizing lut $abc$76949$lut$aiger76948$8889.genblk1.genblk1.genblk1.genblk1.genblk1.genblk1.lut2 (4 -> 3)
  Optimizing lut $abc$76949$lut$aiger76948$8889.genblk1.genblk1.genblk1.genblk1.genblk1.genblk1.lut3 (4 -> 3)
  Optimizing lut $abc$76949$lut$aiger76948$8878.genblk1.genblk1.genblk1.genblk1.genblk1.genblk1.lut2 (4 -> 0)
  Optimizing lut $abc$76949$lut$aiger76948$8873.genblk1.genblk1.genblk1.genblk1.genblk1.genblk1.lut1 (4 -> 0)
  Optimizing lut $abc$76949$lut$aiger76948$8873.genblk1.genblk1.genblk1.genblk1.genblk1.genblk1.lut2 (4 -> 3)
  Optimizing lut $abc$76949$lut$aiger76948$8873.genblk1.genblk1.genblk1.genblk1.genblk1.genblk1.lut3 (4 -> 3)
  Optimizing lut $abc$76949$lut$aiger76948$8858.genblk1.genblk1.genblk1.genblk1.genblk1.genblk1.genblk1.lut1 (4 -> 0)
  Optimizing lut $abc$76949$lut$aiger76948$8858.genblk1.genblk1.genblk1.genblk1.genblk1.genblk1.genblk1.lut2 (4 -> 0)
  Optimizing lut $abc$76949$lut$aiger76948$8858.genblk1.genblk1.genblk1.genblk1.genblk1.genblk1.genblk1.lut3 (4 -> 0)
  Optimizing lut $abc$76949$lut$aiger76948$8858.genblk1.genblk1.genblk1.genblk1.genblk1.genblk1.genblk1.lut4 (4 -> 0)
  Optimizing lut $abc$76949$lut$aiger76948$8858.genblk1.genblk1.genblk1.genblk1.genblk1.genblk1.genblk1.lut5 (4 -> 3)
  Optimizing lut $abc$76949$lut$aiger76948$8858.genblk1.genblk1.genblk1.genblk1.genblk1.genblk1.genblk1.lut6 (4 -> 0)
  Optimizing lut $abc$76949$lut$aiger76948$8858.genblk1.genblk1.genblk1.genblk1.genblk1.genblk1.genblk1.lut7 (4 -> 0)
  Optimizing lut $abc$76949$lut$aiger76948$7518.genblk1.genblk1.genblk1.genblk1.genblk1.genblk1.genblk1.lut2 (4 -> 0)
  Optimizing lut $abc$76949$lut$aiger76948$7518.genblk1.genblk1.genblk1.genblk1.genblk1.genblk1.genblk1.lut3 (4 -> 0)
  Optimizing lut $abc$76949$lut$aiger76948$7518.genblk1.genblk1.genblk1.genblk1.genblk1.genblk1.genblk1.lut4 (4 -> 0)
  Optimizing lut $abc$76949$lut$aiger76948$7518.genblk1.genblk1.genblk1.genblk1.genblk1.genblk1.genblk1.lut5 (4 -> 0)
  Optimizing lut $abc$76949$lut$aiger76948$7518.genblk1.genblk1.genblk1.genblk1.genblk1.genblk1.genblk1.lut6 (4 -> 0)
  Optimizing lut $abc$76949$lut$aiger76948$7499.genblk1.genblk1.genblk1.genblk1.genblk1.genblk1.lut1 (4 -> 0)
  Optimizing lut $abc$76949$lut$aiger76948$7499.genblk1.genblk1.genblk1.genblk1.genblk1.genblk1.lut2 (4 -> 3)
  Optimizing lut $abc$76949$lut$aiger76948$7499.genblk1.genblk1.genblk1.genblk1.genblk1.genblk1.lut3 (4 -> 3)
  Optimizing lut $abc$76949$lut$aiger76948$7483.genblk1.genblk1.genblk1.genblk1.genblk1.genblk1.lut1 (4 -> 0)
  Optimizing lut $abc$76949$lut$aiger76948$7483.genblk1.genblk1.genblk1.genblk1.genblk1.genblk1.lut3 (4 -> 0)
  Optimizing lut $abc$76949$lut$aiger76948$7478.genblk1.genblk1.genblk1.genblk1.genblk1.genblk1.lut1 (4 -> 0)
  Optimizing lut $abc$76949$lut$aiger76948$7478.genblk1.genblk1.genblk1.genblk1.genblk1.genblk1.lut2 (4 -> 3)
  Optimizing lut $abc$76949$lut$aiger76948$7478.genblk1.genblk1.genblk1.genblk1.genblk1.genblk1.lut3 (4 -> 3)
  Optimizing lut $abc$76949$lut$aiger76948$7470.genblk1.genblk1.genblk1.genblk1.genblk1.genblk1.lut1 (4 -> 0)
  Optimizing lut $abc$76949$lut$aiger76948$7470.genblk1.genblk1.genblk1.genblk1.genblk1.genblk1.lut2 (4 -> 3)
  Optimizing lut $abc$76949$lut$aiger76948$7470.genblk1.genblk1.genblk1.genblk1.genblk1.genblk1.lut3 (4 -> 3)
  Optimizing lut $abc$76949$lut$aiger76948$7456.genblk1.genblk1.genblk1.genblk1.genblk1.genblk1.genblk1.lut2 (4 -> 0)
  Optimizing lut $abc$76949$lut$aiger76948$7456.genblk1.genblk1.genblk1.genblk1.genblk1.genblk1.genblk1.lut3 (4 -> 0)
  Optimizing lut $abc$76949$lut$aiger76948$7456.genblk1.genblk1.genblk1.genblk1.genblk1.genblk1.genblk1.lut4 (4 -> 0)
  Optimizing lut $abc$76949$lut$aiger76948$7456.genblk1.genblk1.genblk1.genblk1.genblk1.genblk1.genblk1.lut5 (4 -> 3)
  Optimizing lut $abc$76949$lut$aiger76948$7456.genblk1.genblk1.genblk1.genblk1.genblk1.genblk1.genblk1.lut6 (4 -> 3)
  Optimizing lut $abc$76949$lut$aiger76948$7456.genblk1.genblk1.genblk1.genblk1.genblk1.genblk1.genblk1.lut7 (4 -> 0)
  Optimizing lut $abc$76949$lut$aiger76948$8131.genblk1.genblk1.genblk1.genblk1.genblk1.genblk1.genblk1.lut1 (4 -> 0)
  Optimizing lut $abc$76949$lut$aiger76948$8131.genblk1.genblk1.genblk1.genblk1.genblk1.genblk1.genblk1.lut2 (4 -> 0)
  Optimizing lut $abc$76949$lut$aiger76948$8131.genblk1.genblk1.genblk1.genblk1.genblk1.genblk1.genblk1.lut3 (4 -> 0)
  Optimizing lut $abc$76949$lut$aiger76948$8131.genblk1.genblk1.genblk1.genblk1.genblk1.genblk1.genblk1.lut4 (4 -> 0)
  Optimizing lut $abc$76949$lut$aiger76948$8131.genblk1.genblk1.genblk1.genblk1.genblk1.genblk1.genblk1.lut5 (4 -> 0)
  Optimizing lut $abc$76949$lut$aiger76948$8131.genblk1.genblk1.genblk1.genblk1.genblk1.genblk1.genblk1.lut6 (4 -> 0)
  Optimizing lut $abc$76949$lut$aiger76948$8125.genblk1.genblk1.genblk1.genblk1.genblk1.genblk1.lut1 (4 -> 0)
  Optimizing lut $abc$76949$lut$aiger76948$8125.genblk1.genblk1.genblk1.genblk1.genblk1.genblk1.lut2 (4 -> 3)
  Optimizing lut $abc$76949$lut$aiger76948$8125.genblk1.genblk1.genblk1.genblk1.genblk1.genblk1.lut3 (4 -> 3)
  Optimizing lut $abc$76949$lut$aiger76948$8117.genblk1.genblk1.genblk1.genblk1.genblk1.genblk1.genblk1.lut2 (4 -> 0)
  Optimizing lut $abc$76949$lut$aiger76948$8117.genblk1.genblk1.genblk1.genblk1.genblk1.genblk1.genblk1.lut3 (4 -> 3)
  Optimizing lut $abc$76949$lut$aiger76948$8117.genblk1.genblk1.genblk1.genblk1.genblk1.genblk1.genblk1.lut4 (4 -> 1)
  Optimizing lut $abc$76949$lut$aiger76948$8117.genblk1.genblk1.genblk1.genblk1.genblk1.genblk1.genblk1.lut5 (4 -> 1)
  Optimizing lut $abc$76949$lut$aiger76948$8117.genblk1.genblk1.genblk1.genblk1.genblk1.genblk1.genblk1.lut6 (4 -> 1)
  Optimizing lut $abc$76949$lut$aiger76948$8108.genblk1.genblk1.genblk1.genblk1.genblk1.genblk1.genblk1.lut2 (4 -> 0)
  Optimizing lut $abc$76949$lut$aiger76948$8108.genblk1.genblk1.genblk1.genblk1.genblk1.genblk1.genblk1.lut3 (4 -> 0)
  Optimizing lut $abc$76949$lut$aiger76948$8108.genblk1.genblk1.genblk1.genblk1.genblk1.genblk1.genblk1.lut4 (4 -> 0)
  Optimizing lut $abc$76949$lut$aiger76948$8108.genblk1.genblk1.genblk1.genblk1.genblk1.genblk1.genblk1.lut5 (4 -> 0)
  Optimizing lut $abc$76949$lut$aiger76948$8108.genblk1.genblk1.genblk1.genblk1.genblk1.genblk1.genblk1.lut6 (4 -> 3)
  Optimizing lut $abc$76949$lut$aiger76948$8108.genblk1.genblk1.genblk1.genblk1.genblk1.genblk1.genblk1.lut7 (4 -> 0)
  Optimizing lut $abc$76949$lut$aiger76948$8090.genblk1.genblk1.genblk1.genblk1.genblk1.genblk1.lut1 (4 -> 0)
  Optimizing lut $abc$76949$lut$aiger76948$8090.genblk1.genblk1.genblk1.genblk1.genblk1.genblk1.lut3 (4 -> 0)
  Optimizing lut $abc$76949$lut$aiger76948$8083.genblk1.genblk1.genblk1.genblk1.genblk1.genblk1.lut1 (4 -> 0)
  Optimizing lut $abc$76949$lut$aiger76948$8083.genblk1.genblk1.genblk1.genblk1.genblk1.genblk1.lut2 (4 -> 3)
  Optimizing lut $abc$76949$lut$aiger76948$8083.genblk1.genblk1.genblk1.genblk1.genblk1.genblk1.lut3 (4 -> 3)
  Optimizing lut $abc$76949$lut$aiger76948$8077.genblk1.genblk1.genblk1.genblk1.genblk1.genblk1.genblk1.lut1 (4 -> 0)
  Optimizing lut $abc$76949$lut$aiger76948$8077.genblk1.genblk1.genblk1.genblk1.genblk1.genblk1.genblk1.lut2 (4 -> 0)
  Optimizing lut $abc$76949$lut$aiger76948$8077.genblk1.genblk1.genblk1.genblk1.genblk1.genblk1.genblk1.lut3 (4 -> 3)
  Optimizing lut $abc$76949$lut$aiger76948$8077.genblk1.genblk1.genblk1.genblk1.genblk1.genblk1.genblk1.lut4 (4 -> 0)
  Optimizing lut $abc$76949$lut$aiger76948$8077.genblk1.genblk1.genblk1.genblk1.genblk1.genblk1.genblk1.lut5 (4 -> 0)
  Optimizing lut $abc$76949$lut$aiger76948$8077.genblk1.genblk1.genblk1.genblk1.genblk1.genblk1.genblk1.lut6 (4 -> 3)
  Optimizing lut $abc$76949$lut$aiger76948$8077.genblk1.genblk1.genblk1.genblk1.genblk1.genblk1.genblk1.lut7 (4 -> 0)
  Optimizing lut $abc$76949$lut$aiger76948$8063.genblk1.genblk1.genblk1.genblk1.genblk1.genblk1.lut1 (4 -> 0)
  Optimizing lut $abc$76949$lut$aiger76948$8063.genblk1.genblk1.genblk1.genblk1.genblk1.genblk1.lut2 (4 -> 3)
  Optimizing lut $abc$76949$lut$aiger76948$8063.genblk1.genblk1.genblk1.genblk1.genblk1.genblk1.lut3 (4 -> 3)
  Optimizing lut $abc$76949$lut$aiger76948$8055.genblk1.genblk1.genblk1.genblk1.genblk1.genblk1.genblk1.lut1 (4 -> 0)
  Optimizing lut $abc$76949$lut$aiger76948$8055.genblk1.genblk1.genblk1.genblk1.genblk1.genblk1.genblk1.lut2 (4 -> 0)
  Optimizing lut $abc$76949$lut$aiger76948$8055.genblk1.genblk1.genblk1.genblk1.genblk1.genblk1.genblk1.lut3 (4 -> 0)
  Optimizing lut $abc$76949$lut$aiger76948$8055.genblk1.genblk1.genblk1.genblk1.genblk1.genblk1.genblk1.lut4 (4 -> 3)
  Optimizing lut $abc$76949$lut$aiger76948$8055.genblk1.genblk1.genblk1.genblk1.genblk1.genblk1.genblk1.lut5 (4 -> 0)
  Optimizing lut $abc$76949$lut$aiger76948$8055.genblk1.genblk1.genblk1.genblk1.genblk1.genblk1.genblk1.lut6 (4 -> 0)
  Optimizing lut $abc$76949$lut$aiger76948$8055.genblk1.genblk1.genblk1.genblk1.genblk1.genblk1.genblk1.lut7 (4 -> 3)
  Optimizing lut $abc$76949$lut$aiger76948$8046.genblk1.genblk1.genblk1.genblk1.genblk1.genblk1.genblk1.lut2 (4 -> 0)
  Optimizing lut $abc$76949$lut$aiger76948$8046.genblk1.genblk1.genblk1.genblk1.genblk1.genblk1.genblk1.lut3 (4 -> 3)
  Optimizing lut $abc$76949$lut$aiger76948$8046.genblk1.genblk1.genblk1.genblk1.genblk1.genblk1.genblk1.lut4 (4 -> 1)
  Optimizing lut $abc$76949$lut$aiger76948$8046.genblk1.genblk1.genblk1.genblk1.genblk1.genblk1.genblk1.lut5 (4 -> 1)
  Optimizing lut $abc$76949$lut$aiger76948$8046.genblk1.genblk1.genblk1.genblk1.genblk1.genblk1.genblk1.lut6 (4 -> 1)
  Optimizing lut $abc$76949$lut$aiger76948$8034.genblk1.genblk1.genblk1.genblk1.genblk1.genblk1.genblk1.lut1 (4 -> 0)
  Optimizing lut $abc$76949$lut$aiger76948$8034.genblk1.genblk1.genblk1.genblk1.genblk1.genblk1.genblk1.lut2 (4 -> 0)
  Optimizing lut $abc$76949$lut$aiger76948$8034.genblk1.genblk1.genblk1.genblk1.genblk1.genblk1.genblk1.lut3 (4 -> 0)
  Optimizing lut $abc$76949$lut$aiger76948$8034.genblk1.genblk1.genblk1.genblk1.genblk1.genblk1.genblk1.lut4 (4 -> 3)
  Optimizing lut $abc$76949$lut$aiger76948$8034.genblk1.genblk1.genblk1.genblk1.genblk1.genblk1.genblk1.lut5 (4 -> 0)
  Optimizing lut $abc$76949$lut$aiger76948$8034.genblk1.genblk1.genblk1.genblk1.genblk1.genblk1.genblk1.lut6 (4 -> 0)
  Optimizing lut $abc$76949$lut$aiger76948$8034.genblk1.genblk1.genblk1.genblk1.genblk1.genblk1.genblk1.lut7 (4 -> 0)
  Optimizing lut $abc$76949$lut$aiger76948$8652.genblk1.genblk1.genblk1.genblk1.genblk1.genblk1.lut2 (4 -> 0)
  Optimizing lut $abc$76949$lut$aiger76948$8640.genblk1.genblk1.genblk1.genblk1.genblk1.genblk1.lut1 (4 -> 0)
  Optimizing lut $abc$76949$lut$aiger76948$8640.genblk1.genblk1.genblk1.genblk1.genblk1.genblk1.lut2 (4 -> 0)
  Optimizing lut $abc$76949$lut$aiger76948$8633.genblk1.genblk1.genblk1.genblk1.genblk1.lut1 (4 -> 0)
  Optimizing lut $abc$76949$lut$aiger76948$8629.genblk1.genblk1.genblk1.genblk1.genblk1.genblk1.lut1 (4 -> 0)
  Optimizing lut $abc$76949$lut$aiger76948$8629.genblk1.genblk1.genblk1.genblk1.genblk1.genblk1.lut3 (4 -> 0)
  Optimizing lut $abc$76949$lut$aiger76948$8622.genblk1.genblk1.genblk1.genblk1.genblk1.genblk1.genblk1.lut1 (4 -> 0)
  Optimizing lut $abc$76949$lut$aiger76948$8622.genblk1.genblk1.genblk1.genblk1.genblk1.genblk1.genblk1.lut2 (4 -> 0)
  Optimizing lut $abc$76949$lut$aiger76948$8622.genblk1.genblk1.genblk1.genblk1.genblk1.genblk1.genblk1.lut3 (4 -> 0)
  Optimizing lut $abc$76949$lut$aiger76948$8622.genblk1.genblk1.genblk1.genblk1.genblk1.genblk1.genblk1.lut4 (4 -> 0)
  Optimizing lut $abc$76949$lut$aiger76948$8622.genblk1.genblk1.genblk1.genblk1.genblk1.genblk1.genblk1.lut5 (4 -> 3)
  Optimizing lut $abc$76949$lut$aiger76948$8622.genblk1.genblk1.genblk1.genblk1.genblk1.genblk1.genblk1.lut6 (4 -> 0)
  Optimizing lut $abc$76949$lut$aiger76948$8622.genblk1.genblk1.genblk1.genblk1.genblk1.genblk1.genblk1.lut7 (4 -> 0)
  Optimizing lut $abc$76949$lut$aiger76948$8583.genblk1.genblk1.genblk1.genblk1.genblk1.genblk1.genblk1.lut2 (4 -> 3)
  Optimizing lut $abc$76949$lut$aiger76948$8583.genblk1.genblk1.genblk1.genblk1.genblk1.genblk1.genblk1.lut3 (4 -> 0)
  Optimizing lut $abc$76949$lut$aiger76948$8583.genblk1.genblk1.genblk1.genblk1.genblk1.genblk1.genblk1.lut4 (4 -> 0)
  Optimizing lut $abc$76949$lut$aiger76948$8583.genblk1.genblk1.genblk1.genblk1.genblk1.genblk1.genblk1.lut5 (4 -> 3)
  Optimizing lut $abc$76949$lut$aiger76948$8583.genblk1.genblk1.genblk1.genblk1.genblk1.genblk1.genblk1.lut6 (4 -> 0)
  Optimizing lut $abc$76949$lut$aiger76948$8583.genblk1.genblk1.genblk1.genblk1.genblk1.genblk1.genblk1.lut7 (4 -> 0)
  Optimizing lut $abc$76949$lut\uo_out_val_mem.io_cpuData_req_bits_data[28].genblk1.genblk1.genblk1.genblk1.genblk1.genblk1.genblk1.lut2 (4 -> 1)
  Optimizing lut $abc$76949$lut\uo_out_val_mem.io_cpuData_req_bits_data[28].genblk1.genblk1.genblk1.genblk1.genblk1.genblk1.genblk1.lut3 (4 -> 1)
  Optimizing lut $abc$76949$lut\uo_out_val_mem.io_cpuData_req_bits_data[28].genblk1.genblk1.genblk1.genblk1.genblk1.genblk1.genblk1.lut4 (4 -> 1)
  Optimizing lut $abc$76949$lut\uo_out_val_mem.io_cpuData_req_bits_data[28].genblk1.genblk1.genblk1.genblk1.genblk1.genblk1.genblk1.lut5 (4 -> 1)
  Optimizing lut $abc$76949$lut\uo_out_val_mem.io_cpuData_req_bits_data[28].genblk1.genblk1.genblk1.genblk1.genblk1.genblk1.genblk1.lut6 (4 -> 1)
  Optimizing lut $abc$76949$lut\uo_out_val_mem.io_cpuData_req_bits_data[23].genblk1.genblk1.genblk1.genblk1.genblk1.genblk1.lut2 (4 -> 1)
  Optimizing lut $abc$76949$lut$aiger76948$10132.genblk1.genblk1.genblk1.genblk1.genblk1.genblk1.lut2 (4 -> 0)
  Optimizing lut $abc$76949$lut$aiger76948$10111.genblk1.genblk1.genblk1.genblk1.genblk1.genblk1.genblk1.lut1 (4 -> 0)
  Optimizing lut $abc$76949$lut$aiger76948$10111.genblk1.genblk1.genblk1.genblk1.genblk1.genblk1.genblk1.lut2 (4 -> 0)
  Optimizing lut $abc$76949$lut$aiger76948$10111.genblk1.genblk1.genblk1.genblk1.genblk1.genblk1.genblk1.lut3 (4 -> 0)
  Optimizing lut $abc$76949$lut$aiger76948$10111.genblk1.genblk1.genblk1.genblk1.genblk1.genblk1.genblk1.lut4 (4 -> 0)
  Optimizing lut $abc$76949$lut$aiger76948$10111.genblk1.genblk1.genblk1.genblk1.genblk1.genblk1.genblk1.lut5 (4 -> 0)
  Optimizing lut $abc$76949$lut$aiger76948$10111.genblk1.genblk1.genblk1.genblk1.genblk1.genblk1.genblk1.lut6 (4 -> 0)
  Optimizing lut $abc$76949$lut$aiger76948$10099.genblk1.genblk1.genblk1.genblk1.genblk1.genblk1.genblk1.lut1 (4 -> 0)
  Optimizing lut $abc$76949$lut$aiger76948$10099.genblk1.genblk1.genblk1.genblk1.genblk1.genblk1.genblk1.lut2 (4 -> 0)
  Optimizing lut $abc$76949$lut$aiger76948$10099.genblk1.genblk1.genblk1.genblk1.genblk1.genblk1.genblk1.lut3 (4 -> 3)
  Optimizing lut $abc$76949$lut$aiger76948$10099.genblk1.genblk1.genblk1.genblk1.genblk1.genblk1.genblk1.lut4 (4 -> 0)
  Optimizing lut $abc$76949$lut$aiger76948$10099.genblk1.genblk1.genblk1.genblk1.genblk1.genblk1.genblk1.lut5 (4 -> 0)
  Optimizing lut $abc$76949$lut$aiger76948$10090.genblk1.genblk1.genblk1.genblk1.genblk1.genblk1.lut2 (4 -> 0)
  Optimizing lut $abc$76949$lut$aiger76948$10090.genblk1.genblk1.genblk1.genblk1.genblk1.genblk1.lut3 (4 -> 0)
  Optimizing lut $abc$76949$lut$aiger76948$10085.genblk1.genblk1.genblk1.genblk1.genblk1.lut1 (4 -> 0)
  Optimizing lut $abc$76949$lut\uo_out_val_mem.io_cpuData_req_bits_data[30].genblk1.genblk1.genblk1.genblk1.genblk1.genblk1.genblk1.lut1 (4 -> 1)
  Optimizing lut $abc$76949$lut\uo_out_val_mem.io_cpuData_req_bits_data[30].genblk1.genblk1.genblk1.genblk1.genblk1.genblk1.genblk1.lut2 (4 -> 1)
  Optimizing lut $abc$76949$lut\uo_out_val_mem.io_cpuData_req_bits_data[30].genblk1.genblk1.genblk1.genblk1.genblk1.genblk1.genblk1.lut3 (4 -> 1)
  Optimizing lut $abc$76949$lut\uo_out_val_mem.io_cpuData_req_bits_data[30].genblk1.genblk1.genblk1.genblk1.genblk1.genblk1.genblk1.lut4 (4 -> 1)
  Optimizing lut $abc$76949$lut\uo_out_val_mem.io_cpuData_req_bits_data[30].genblk1.genblk1.genblk1.genblk1.genblk1.genblk1.genblk1.lut5 (4 -> 1)
  Optimizing lut $abc$76949$lut\uo_out_val_mem.io_cpuData_req_bits_data[30].genblk1.genblk1.genblk1.genblk1.genblk1.genblk1.genblk1.lut6 (4 -> 1)
  Optimizing lut $abc$76949$lut$aiger76948$6860.genblk1.genblk1.genblk1.genblk1.genblk1.genblk1.lut1 (4 -> 0)
  Optimizing lut $abc$76949$lut$aiger76948$6860.genblk1.genblk1.genblk1.genblk1.genblk1.genblk1.lut2 (4 -> 0)
  Optimizing lut $abc$76949$lut$aiger76948$6854.genblk1.genblk1.genblk1.genblk1.genblk1.lut1 (4 -> 0)
  Optimizing lut $abc$76949$lut$aiger76948$6834.genblk1.genblk1.genblk1.genblk1.genblk1.genblk1.lut1 (4 -> 0)
  Optimizing lut $abc$76949$lut$aiger76948$6834.genblk1.genblk1.genblk1.genblk1.genblk1.genblk1.lut2 (4 -> 0)
  Optimizing lut $abc$76949$lut$aiger76948$6827.genblk1.genblk1.genblk1.genblk1.genblk1.genblk1.genblk1.lut1 (4 -> 3)
  Optimizing lut $abc$76949$lut$aiger76948$6827.genblk1.genblk1.genblk1.genblk1.genblk1.genblk1.genblk1.lut2 (4 -> 0)
  Optimizing lut $abc$76949$lut$aiger76948$6827.genblk1.genblk1.genblk1.genblk1.genblk1.genblk1.genblk1.lut3 (4 -> 0)
  Optimizing lut $abc$76949$lut$aiger76948$6827.genblk1.genblk1.genblk1.genblk1.genblk1.genblk1.genblk1.lut4 (4 -> 3)
  Optimizing lut $abc$76949$lut$aiger76948$6827.genblk1.genblk1.genblk1.genblk1.genblk1.genblk1.genblk1.lut5 (4 -> 0)
  Optimizing lut $abc$76949$lut$aiger76948$6827.genblk1.genblk1.genblk1.genblk1.genblk1.genblk1.genblk1.lut6 (4 -> 0)
  Optimizing lut $abc$76949$lut$aiger76948$6827.genblk1.genblk1.genblk1.genblk1.genblk1.genblk1.genblk1.lut7 (4 -> 0)
  Optimizing lut $abc$76949$lut$aiger76948$6807.genblk1.genblk1.genblk1.genblk1.genblk1.genblk1.genblk1.lut1 (4 -> 0)
  Optimizing lut $abc$76949$lut$aiger76948$6807.genblk1.genblk1.genblk1.genblk1.genblk1.genblk1.genblk1.lut2 (4 -> 0)
  Optimizing lut $abc$76949$lut$aiger76948$6807.genblk1.genblk1.genblk1.genblk1.genblk1.genblk1.genblk1.lut3 (4 -> 0)
  Optimizing lut $abc$76949$lut$aiger76948$6807.genblk1.genblk1.genblk1.genblk1.genblk1.genblk1.genblk1.lut4 (4 -> 0)
  Optimizing lut $abc$76949$lut$aiger76948$6807.genblk1.genblk1.genblk1.genblk1.genblk1.genblk1.genblk1.lut5 (4 -> 2)
  Optimizing lut $abc$76949$lut$aiger76948$6807.genblk1.genblk1.genblk1.genblk1.genblk1.genblk1.genblk1.lut6 (4 -> 0)
  Optimizing lut $abc$76949$lut$aiger76948$6807.genblk1.genblk1.genblk1.genblk1.genblk1.genblk1.genblk1.lut7 (4 -> 3)
  Optimizing lut $abc$76949$lut$aiger76948$6791.genblk1.genblk1.genblk1.genblk1.genblk1.genblk1.lut2 (4 -> 3)
  Optimizing lut $abc$76949$lut$aiger76948$9099.genblk1.genblk1.genblk1.genblk1.genblk1.genblk1.genblk1.lut2 (4 -> 3)
  Optimizing lut $abc$76949$lut$aiger76948$9099.genblk1.genblk1.genblk1.genblk1.genblk1.genblk1.genblk1.lut3 (4 -> 0)
  Optimizing lut $abc$76949$lut$aiger76948$9099.genblk1.genblk1.genblk1.genblk1.genblk1.genblk1.genblk1.lut4 (4 -> 0)
  Optimizing lut $abc$76949$lut$aiger76948$9099.genblk1.genblk1.genblk1.genblk1.genblk1.genblk1.genblk1.lut5 (4 -> 3)
  Optimizing lut $abc$76949$lut$aiger76948$9099.genblk1.genblk1.genblk1.genblk1.genblk1.genblk1.genblk1.lut6 (4 -> 0)
  Optimizing lut $abc$76949$lut$aiger76948$9099.genblk1.genblk1.genblk1.genblk1.genblk1.genblk1.genblk1.lut7 (4 -> 0)
  Optimizing lut $abc$76949$lut$aiger76948$9088.genblk1.genblk1.genblk1.genblk1.genblk1.genblk1.genblk1.lut1 (4 -> 0)
  Optimizing lut $abc$76949$lut$aiger76948$9088.genblk1.genblk1.genblk1.genblk1.genblk1.genblk1.genblk1.lut2 (4 -> 0)
  Optimizing lut $abc$76949$lut$aiger76948$9088.genblk1.genblk1.genblk1.genblk1.genblk1.genblk1.genblk1.lut3 (4 -> 0)
  Optimizing lut $abc$76949$lut$aiger76948$9088.genblk1.genblk1.genblk1.genblk1.genblk1.genblk1.genblk1.lut4 (4 -> 2)
  Optimizing lut $abc$76949$lut$aiger76948$9088.genblk1.genblk1.genblk1.genblk1.genblk1.genblk1.genblk1.lut5 (4 -> 2)
  Optimizing lut $abc$76949$lut$aiger76948$9088.genblk1.genblk1.genblk1.genblk1.genblk1.genblk1.genblk1.lut6 (4 -> 0)
  Optimizing lut $abc$76949$lut$aiger76948$9088.genblk1.genblk1.genblk1.genblk1.genblk1.genblk1.genblk1.lut7 (4 -> 2)
  Optimizing lut $abc$76949$lut$aiger76948$9059.genblk1.genblk1.genblk1.genblk1.genblk1.genblk1.genblk1.lut1 (4 -> 0)
  Optimizing lut $abc$76949$lut$aiger76948$9059.genblk1.genblk1.genblk1.genblk1.genblk1.genblk1.genblk1.lut2 (4 -> 3)
  Optimizing lut $abc$76949$lut$aiger76948$9059.genblk1.genblk1.genblk1.genblk1.genblk1.genblk1.genblk1.lut3 (4 -> 0)
  Optimizing lut $abc$76949$lut$aiger76948$9059.genblk1.genblk1.genblk1.genblk1.genblk1.genblk1.genblk1.lut4 (4 -> 3)
  Optimizing lut $abc$76949$lut$aiger76948$9059.genblk1.genblk1.genblk1.genblk1.genblk1.genblk1.genblk1.lut5 (4 -> 0)
  Optimizing lut $abc$76949$lut$aiger76948$9059.genblk1.genblk1.genblk1.genblk1.genblk1.genblk1.genblk1.lut6 (4 -> 0)
  Optimizing lut $abc$76949$lut$aiger76948$9059.genblk1.genblk1.genblk1.genblk1.genblk1.genblk1.genblk1.lut7 (4 -> 0)
  Optimizing lut $abc$76949$lut$aiger76948$10061.genblk1.genblk1.genblk1.genblk1.genblk1.genblk1.lut2 (4 -> 0)
  Optimizing lut $abc$76949$lut\uo_out_val_mem.io_cpuData_req_bits_data[21].genblk1.genblk1.genblk1.genblk1.genblk1.genblk1.genblk1.lut1 (4 -> 1)
  Optimizing lut $abc$76949$lut\uo_out_val_mem.io_cpuData_req_bits_data[21].genblk1.genblk1.genblk1.genblk1.genblk1.genblk1.genblk1.lut2 (4 -> 1)
  Optimizing lut $abc$76949$lut\uo_out_val_mem.io_cpuData_req_bits_data[21].genblk1.genblk1.genblk1.genblk1.genblk1.genblk1.genblk1.lut3 (4 -> 1)
  Optimizing lut $abc$76949$lut\uo_out_val_mem.io_cpuData_req_bits_data[21].genblk1.genblk1.genblk1.genblk1.genblk1.genblk1.genblk1.lut4 (4 -> 1)
  Optimizing lut $abc$76949$lut\uo_out_val_mem.io_cpuData_req_bits_data[21].genblk1.genblk1.genblk1.genblk1.genblk1.genblk1.genblk1.lut5 (4 -> 1)
  Optimizing lut $abc$76949$lut\uo_out_val_mem.io_cpuData_req_bits_data[21].genblk1.genblk1.genblk1.genblk1.genblk1.genblk1.genblk1.lut6 (4 -> 1)
  Optimizing lut $abc$76949$lut$aiger76948$7771.genblk1.genblk1.genblk1.genblk1.genblk1.genblk1.genblk1.lut2 (4 -> 0)
  Optimizing lut $abc$76949$lut$aiger76948$7771.genblk1.genblk1.genblk1.genblk1.genblk1.genblk1.genblk1.lut3 (4 -> 0)
  Optimizing lut $abc$76949$lut$aiger76948$7771.genblk1.genblk1.genblk1.genblk1.genblk1.genblk1.genblk1.lut4 (4 -> 0)
  Optimizing lut $abc$76949$lut$aiger76948$7771.genblk1.genblk1.genblk1.genblk1.genblk1.genblk1.genblk1.lut5 (4 -> 3)
  Optimizing lut $abc$76949$lut$aiger76948$7771.genblk1.genblk1.genblk1.genblk1.genblk1.genblk1.genblk1.lut6 (4 -> 3)
  Optimizing lut $abc$76949$lut$aiger76948$7771.genblk1.genblk1.genblk1.genblk1.genblk1.genblk1.genblk1.lut7 (4 -> 0)
  Optimizing lut $abc$76949$lut$aiger76948$6976.genblk1.genblk1.genblk1.genblk1.genblk1.lut1 (4 -> 0)
  Optimizing lut $abc$76949$lut$aiger76948$6970.genblk1.genblk1.genblk1.genblk1.genblk1.genblk1.lut3 (4 -> 0)
  Optimizing lut $abc$76949$lut$aiger76948$6961.genblk1.genblk1.genblk1.genblk1.genblk1.genblk1.lut1 (4 -> 3)
  Optimizing lut $abc$76949$lut$aiger76948$6961.genblk1.genblk1.genblk1.genblk1.genblk1.genblk1.lut2 (4 -> 3)
  Optimizing lut $abc$76949$lut$aiger76948$6939.genblk1.genblk1.genblk1.genblk1.genblk1.genblk1.genblk1.lut1 (4 -> 0)
  Optimizing lut $abc$76949$lut$aiger76948$6939.genblk1.genblk1.genblk1.genblk1.genblk1.genblk1.genblk1.lut2 (4 -> 3)
  Optimizing lut $abc$76949$lut$aiger76948$6939.genblk1.genblk1.genblk1.genblk1.genblk1.genblk1.genblk1.lut3 (4 -> 0)
  Optimizing lut $abc$76949$lut$aiger76948$6939.genblk1.genblk1.genblk1.genblk1.genblk1.genblk1.genblk1.lut4 (4 -> 0)
  Optimizing lut $abc$76949$lut$aiger76948$6939.genblk1.genblk1.genblk1.genblk1.genblk1.genblk1.genblk1.lut5 (4 -> 0)
  Optimizing lut $abc$76949$lut$aiger76948$6939.genblk1.genblk1.genblk1.genblk1.genblk1.genblk1.genblk1.lut6 (4 -> 0)
  Optimizing lut $abc$76949$lut$aiger76948$6939.genblk1.genblk1.genblk1.genblk1.genblk1.genblk1.genblk1.lut7 (4 -> 0)
  Optimizing lut $abc$76949$lut$aiger76948$6924.genblk1.genblk1.genblk1.genblk1.genblk1.genblk1.genblk1.lut2 (4 -> 0)
  Optimizing lut $abc$76949$lut$aiger76948$6924.genblk1.genblk1.genblk1.genblk1.genblk1.genblk1.genblk1.lut3 (4 -> 0)
  Optimizing lut $abc$76949$lut$aiger76948$6924.genblk1.genblk1.genblk1.genblk1.genblk1.genblk1.genblk1.lut4 (4 -> 0)
  Optimizing lut $abc$76949$lut$aiger76948$6924.genblk1.genblk1.genblk1.genblk1.genblk1.genblk1.genblk1.lut5 (4 -> 3)
  Optimizing lut $abc$76949$lut$aiger76948$6924.genblk1.genblk1.genblk1.genblk1.genblk1.genblk1.genblk1.lut6 (4 -> 3)
  Optimizing lut $abc$76949$lut$aiger76948$6924.genblk1.genblk1.genblk1.genblk1.genblk1.genblk1.genblk1.lut7 (4 -> 0)
  Optimizing lut $abc$76949$lut$aiger76948$6907.genblk1.genblk1.genblk1.genblk1.genblk1.genblk1.lut1 (4 -> 0)
  Optimizing lut $abc$76949$lut$aiger76948$6907.genblk1.genblk1.genblk1.genblk1.genblk1.genblk1.lut2 (4 -> 0)
  Optimizing lut $abc$76949$lut$aiger76948$6900.genblk1.genblk1.genblk1.genblk1.genblk1.genblk1.lut1 (4 -> 0)
  Optimizing lut $abc$76949$lut$aiger76948$6900.genblk1.genblk1.genblk1.genblk1.genblk1.genblk1.lut2 (4 -> 3)
  Optimizing lut $abc$76949$lut$aiger76948$6900.genblk1.genblk1.genblk1.genblk1.genblk1.genblk1.lut3 (4 -> 3)
  Optimizing lut $abc$76949$lut$aiger76948$6894.genblk1.genblk1.genblk1.genblk1.genblk1.genblk1.genblk1.lut1 (4 -> 3)
  Optimizing lut $abc$76949$lut$aiger76948$6894.genblk1.genblk1.genblk1.genblk1.genblk1.genblk1.genblk1.lut2 (4 -> 0)
  Optimizing lut $abc$76949$lut$aiger76948$6894.genblk1.genblk1.genblk1.genblk1.genblk1.genblk1.genblk1.lut3 (4 -> 0)
  Optimizing lut $abc$76949$lut$aiger76948$6894.genblk1.genblk1.genblk1.genblk1.genblk1.genblk1.genblk1.lut4 (4 -> 3)
  Optimizing lut $abc$76949$lut$aiger76948$6894.genblk1.genblk1.genblk1.genblk1.genblk1.genblk1.genblk1.lut5 (4 -> 0)
  Optimizing lut $abc$76949$lut$aiger76948$6894.genblk1.genblk1.genblk1.genblk1.genblk1.genblk1.genblk1.lut6 (4 -> 0)
  Optimizing lut $abc$76949$lut$aiger76948$6894.genblk1.genblk1.genblk1.genblk1.genblk1.genblk1.genblk1.lut7 (4 -> 0)
  Optimizing lut $abc$76949$lut$aiger76948$6879.genblk1.genblk1.genblk1.genblk1.genblk1.genblk1.lut1 (4 -> 3)
  Optimizing lut $abc$76949$lut$aiger76948$6879.genblk1.genblk1.genblk1.genblk1.genblk1.genblk1.lut2 (4 -> 3)
  Optimizing lut $abc$76949$lut$aiger76948$7842.genblk1.genblk1.genblk1.genblk1.genblk1.genblk1.genblk1.lut2 (4 -> 0)
  Optimizing lut $abc$76949$lut$aiger76948$7842.genblk1.genblk1.genblk1.genblk1.genblk1.genblk1.genblk1.lut3 (4 -> 0)
  Optimizing lut $abc$76949$lut$aiger76948$7842.genblk1.genblk1.genblk1.genblk1.genblk1.genblk1.genblk1.lut4 (4 -> 0)
  Optimizing lut $abc$76949$lut$aiger76948$7842.genblk1.genblk1.genblk1.genblk1.genblk1.genblk1.genblk1.lut5 (4 -> 0)
  Optimizing lut $abc$76949$lut$aiger76948$7842.genblk1.genblk1.genblk1.genblk1.genblk1.genblk1.genblk1.lut6 (4 -> 0)
  Optimizing lut $abc$76949$lut\uo_out_val_mem.io_cpuData_req_bits_data[25].genblk1.genblk1.genblk1.genblk1.genblk1.genblk1.genblk1.lut1 (4 -> 1)
  Optimizing lut $abc$76949$lut\uo_out_val_mem.io_cpuData_req_bits_data[25].genblk1.genblk1.genblk1.genblk1.genblk1.genblk1.genblk1.lut2 (4 -> 1)
  Optimizing lut $abc$76949$lut\uo_out_val_mem.io_cpuData_req_bits_data[25].genblk1.genblk1.genblk1.genblk1.genblk1.genblk1.genblk1.lut3 (4 -> 1)
  Optimizing lut $abc$76949$lut\uo_out_val_mem.io_cpuData_req_bits_data[25].genblk1.genblk1.genblk1.genblk1.genblk1.genblk1.genblk1.lut4 (4 -> 1)
  Optimizing lut $abc$76949$lut\uo_out_val_mem.io_cpuData_req_bits_data[25].genblk1.genblk1.genblk1.genblk1.genblk1.genblk1.genblk1.lut5 (4 -> 1)
  Optimizing lut $abc$76949$lut\uo_out_val_mem.io_cpuData_req_bits_data[25].genblk1.genblk1.genblk1.genblk1.genblk1.genblk1.genblk1.lut6 (4 -> 1)
  Optimizing lut $abc$76949$lut$aiger76948$7424.genblk1.genblk1.genblk1.genblk1.genblk1.genblk1.genblk1.lut2 (4 -> 0)
  Optimizing lut $abc$76949$lut$aiger76948$7424.genblk1.genblk1.genblk1.genblk1.genblk1.genblk1.genblk1.lut3 (4 -> 0)
  Optimizing lut $abc$76949$lut$aiger76948$7424.genblk1.genblk1.genblk1.genblk1.genblk1.genblk1.genblk1.lut4 (4 -> 2)
  Optimizing lut $abc$76949$lut$aiger76948$7424.genblk1.genblk1.genblk1.genblk1.genblk1.genblk1.genblk1.lut5 (4 -> 0)
  Optimizing lut $abc$76949$lut$aiger76948$7424.genblk1.genblk1.genblk1.genblk1.genblk1.genblk1.genblk1.lut6 (4 -> 2)
  Optimizing lut $abc$76949$lut$aiger76948$7424.genblk1.genblk1.genblk1.genblk1.genblk1.genblk1.genblk1.lut7 (4 -> 2)
  Optimizing lut $abc$76949$lut$aiger76948$7413.genblk1.genblk1.genblk1.genblk1.genblk1.genblk1.lut1 (4 -> 3)
  Optimizing lut $abc$76949$lut$aiger76948$7413.genblk1.genblk1.genblk1.genblk1.genblk1.genblk1.lut2 (4 -> 3)
  Optimizing lut $abc$76949$lut$aiger76948$7408.genblk1.genblk1.genblk1.genblk1.genblk1.lut1 (4 -> 0)
  Optimizing lut $abc$76949$lut$aiger76948$7399.genblk1.genblk1.genblk1.genblk1.genblk1.genblk1.lut1 (4 -> 0)
  Optimizing lut $abc$76949$lut$aiger76948$7399.genblk1.genblk1.genblk1.genblk1.genblk1.genblk1.lut2 (4 -> 3)
  Optimizing lut $abc$76949$lut$aiger76948$7399.genblk1.genblk1.genblk1.genblk1.genblk1.genblk1.lut3 (4 -> 3)
  Optimizing lut $abc$76949$lut$aiger76948$7377.genblk1.genblk1.genblk1.genblk1.genblk1.genblk1.lut2 (4 -> 0)
  Optimizing lut $abc$76949$lut$aiger76948$7372.genblk1.genblk1.genblk1.genblk1.genblk1.genblk1.genblk1.lut1 (4 -> 3)
  Optimizing lut $abc$76949$lut$aiger76948$7372.genblk1.genblk1.genblk1.genblk1.genblk1.genblk1.genblk1.lut2 (4 -> 0)
  Optimizing lut $abc$76949$lut$aiger76948$7372.genblk1.genblk1.genblk1.genblk1.genblk1.genblk1.genblk1.lut3 (4 -> 3)
  Optimizing lut $abc$76949$lut$aiger76948$7372.genblk1.genblk1.genblk1.genblk1.genblk1.genblk1.genblk1.lut4 (4 -> 0)
  Optimizing lut $abc$76949$lut$aiger76948$7372.genblk1.genblk1.genblk1.genblk1.genblk1.genblk1.genblk1.lut5 (4 -> 0)
  Optimizing lut $abc$76949$lut$aiger76948$7372.genblk1.genblk1.genblk1.genblk1.genblk1.genblk1.genblk1.lut6 (4 -> 0)
  Optimizing lut $abc$76949$lut$aiger76948$7372.genblk1.genblk1.genblk1.genblk1.genblk1.genblk1.genblk1.lut7 (4 -> 0)
  Optimizing lut $abc$76949$lut$aiger76948$7363.genblk1.genblk1.genblk1.genblk1.genblk1.genblk1.genblk1.lut1 (4 -> 0)
  Optimizing lut $abc$76949$lut$aiger76948$7363.genblk1.genblk1.genblk1.genblk1.genblk1.genblk1.genblk1.lut2 (4 -> 0)
  Optimizing lut $abc$76949$lut$aiger76948$7363.genblk1.genblk1.genblk1.genblk1.genblk1.genblk1.genblk1.lut3 (4 -> 3)
  Optimizing lut $abc$76949$lut$aiger76948$7363.genblk1.genblk1.genblk1.genblk1.genblk1.genblk1.genblk1.lut4 (4 -> 1)
  Optimizing lut $abc$76949$lut$aiger76948$7363.genblk1.genblk1.genblk1.genblk1.genblk1.genblk1.genblk1.lut5 (4 -> 1)
  Optimizing lut $abc$76949$lut$aiger76948$7363.genblk1.genblk1.genblk1.genblk1.genblk1.genblk1.genblk1.lut6 (4 -> 1)
  Optimizing lut $abc$76949$lut$aiger76948$7349.genblk1.genblk1.genblk1.genblk1.genblk1.genblk1.lut1 (4 -> 0)
  Optimizing lut $abc$76949$lut$aiger76948$7349.genblk1.genblk1.genblk1.genblk1.genblk1.genblk1.lut3 (4 -> 0)
  Optimizing lut $abc$76949$lut$aiger76948$10033.genblk1.genblk1.genblk1.genblk1.genblk1.genblk1.lut1 (4 -> 0)
  Optimizing lut $abc$76949$lut$aiger76948$10033.genblk1.genblk1.genblk1.genblk1.genblk1.genblk1.lut2 (4 -> 0)
  Optimizing lut $abc$76949$lut$aiger76948$9990.genblk1.genblk1.genblk1.genblk1.genblk1.genblk1.lut1 (4 -> 0)
  Optimizing lut $abc$76949$lut$aiger76948$9990.genblk1.genblk1.genblk1.genblk1.genblk1.genblk1.lut2 (4 -> 0)
  Optimizing lut $abc$76949$lut$aiger76948$9990.genblk1.genblk1.genblk1.genblk1.genblk1.genblk1.lut3 (4 -> 0)
  Optimizing lut $abc$76949$lut$aiger76948$9985.genblk1.genblk1.genblk1.genblk1.genblk1.lut1 (4 -> 0)
  Optimizing lut $abc$76949$lut$aiger76948$9979.genblk1.genblk1.genblk1.genblk1.genblk1.lut1 (4 -> 3)
  Optimizing lut $abc$76949$lut\uo_out_val_mem.io_cpuData_req_bits_data[27].genblk1.genblk1.genblk1.genblk1.genblk1.genblk1.genblk1.lut1 (4 -> 1)
  Optimizing lut $abc$76949$lut\uo_out_val_mem.io_cpuData_req_bits_data[27].genblk1.genblk1.genblk1.genblk1.genblk1.genblk1.genblk1.lut2 (4 -> 1)
  Optimizing lut $abc$76949$lut\uo_out_val_mem.io_cpuData_req_bits_data[27].genblk1.genblk1.genblk1.genblk1.genblk1.genblk1.genblk1.lut3 (4 -> 1)
  Optimizing lut $abc$76949$lut\uo_out_val_mem.io_cpuData_req_bits_data[27].genblk1.genblk1.genblk1.genblk1.genblk1.genblk1.genblk1.lut4 (4 -> 1)
  Optimizing lut $abc$76949$lut\uo_out_val_mem.io_cpuData_req_bits_data[27].genblk1.genblk1.genblk1.genblk1.genblk1.genblk1.genblk1.lut5 (4 -> 1)
  Optimizing lut $abc$76949$lut\uo_out_val_mem.io_cpuData_req_bits_data[27].genblk1.genblk1.genblk1.genblk1.genblk1.genblk1.genblk1.lut6 (4 -> 1)
  Optimizing lut $abc$76949$lut$aiger76948$10028.genblk1.genblk1.genblk1.genblk1.genblk1.genblk1.genblk1.lut2 (4 -> 1)
  Optimizing lut $abc$76949$lut$aiger76948$10028.genblk1.genblk1.genblk1.genblk1.genblk1.genblk1.genblk1.lut4 (4 -> 1)
  Optimizing lut $abc$76949$lut$aiger76948$10028.genblk1.genblk1.genblk1.genblk1.genblk1.genblk1.genblk1.lut5 (4 -> 1)
  Optimizing lut $abc$76949$lut$aiger76948$10028.genblk1.genblk1.genblk1.genblk1.genblk1.genblk1.genblk1.lut6 (4 -> 1)
  Optimizing lut $abc$76949$lut$aiger76948$8432.genblk1.genblk1.genblk1.genblk1.genblk1.genblk1.genblk1.lut1 (4 -> 0)
  Optimizing lut $abc$76949$lut$aiger76948$8432.genblk1.genblk1.genblk1.genblk1.genblk1.genblk1.genblk1.lut2 (4 -> 0)
  Optimizing lut $abc$76949$lut$aiger76948$8432.genblk1.genblk1.genblk1.genblk1.genblk1.genblk1.genblk1.lut3 (4 -> 0)
  Optimizing lut $abc$76949$lut$aiger76948$8432.genblk1.genblk1.genblk1.genblk1.genblk1.genblk1.genblk1.lut4 (4 -> 3)
  Optimizing lut $abc$76949$lut$aiger76948$8432.genblk1.genblk1.genblk1.genblk1.genblk1.genblk1.genblk1.lut5 (4 -> 0)
  Optimizing lut $abc$76949$lut$aiger76948$8432.genblk1.genblk1.genblk1.genblk1.genblk1.genblk1.genblk1.lut6 (4 -> 0)
  Optimizing lut $abc$76949$lut$aiger76948$8432.genblk1.genblk1.genblk1.genblk1.genblk1.genblk1.genblk1.lut7 (4 -> 3)
  Optimizing lut $abc$76949$lut$aiger76948$8565.genblk1.genblk1.genblk1.genblk1.genblk1.genblk1.lut2 (4 -> 0)
  Optimizing lut $abc$76949$lut$aiger76948$8542.genblk1.genblk1.genblk1.genblk1.genblk1.genblk1.genblk1.lut2 (4 -> 3)
  Optimizing lut $abc$76949$lut$aiger76948$8542.genblk1.genblk1.genblk1.genblk1.genblk1.genblk1.genblk1.lut3 (4 -> 0)
  Optimizing lut $abc$76949$lut$aiger76948$8542.genblk1.genblk1.genblk1.genblk1.genblk1.genblk1.genblk1.lut4 (4 -> 0)
  Optimizing lut $abc$76949$lut$aiger76948$8542.genblk1.genblk1.genblk1.genblk1.genblk1.genblk1.genblk1.lut5 (4 -> 0)
  Optimizing lut $abc$76949$lut$aiger76948$8542.genblk1.genblk1.genblk1.genblk1.genblk1.genblk1.genblk1.lut6 (4 -> 0)
  Optimizing lut $abc$76949$lut$aiger76948$8542.genblk1.genblk1.genblk1.genblk1.genblk1.genblk1.genblk1.lut7 (4 -> 0)
  Optimizing lut $abc$76949$lut$aiger76948$8520.genblk1.genblk1.genblk1.genblk1.genblk1.genblk1.lut2 (4 -> 0)
  Optimizing lut $abc$76949$lut$aiger76948$8508.genblk1.genblk1.genblk1.genblk1.genblk1.genblk1.genblk1.lut2 (4 -> 0)
  Optimizing lut $abc$76949$lut$aiger76948$8508.genblk1.genblk1.genblk1.genblk1.genblk1.genblk1.genblk1.lut3 (4 -> 3)
  Optimizing lut $abc$76949$lut$aiger76948$8508.genblk1.genblk1.genblk1.genblk1.genblk1.genblk1.genblk1.lut4 (4 -> 1)
  Optimizing lut $abc$76949$lut$aiger76948$8508.genblk1.genblk1.genblk1.genblk1.genblk1.genblk1.genblk1.lut5 (4 -> 1)
  Optimizing lut $abc$76949$lut$aiger76948$8508.genblk1.genblk1.genblk1.genblk1.genblk1.genblk1.genblk1.lut6 (4 -> 1)
  Optimizing lut $abc$76949$lut\_uo_out_val_mem_io_instr_cpu_io_data_req_bits_data[7].genblk1.genblk1.genblk1.genblk1.genblk1.genblk1.lut2 (4 -> 1)
  Optimizing lut $abc$76949$lut$aiger76948$9036.genblk1.genblk1.genblk1.genblk1.genblk1.genblk1.lut1 (4 -> 0)
  Optimizing lut $abc$76949$lut$aiger76948$9036.genblk1.genblk1.genblk1.genblk1.genblk1.genblk1.lut2 (4 -> 3)
  Optimizing lut $abc$76949$lut$aiger76948$9036.genblk1.genblk1.genblk1.genblk1.genblk1.genblk1.lut3 (4 -> 3)
  Optimizing lut $abc$76949$lut$aiger76948$9020.genblk1.genblk1.genblk1.genblk1.genblk1.genblk1.genblk1.lut1 (4 -> 0)
  Optimizing lut $abc$76949$lut$aiger76948$9020.genblk1.genblk1.genblk1.genblk1.genblk1.genblk1.genblk1.lut2 (4 -> 0)
  Optimizing lut $abc$76949$lut$aiger76948$9020.genblk1.genblk1.genblk1.genblk1.genblk1.genblk1.genblk1.lut3 (4 -> 3)
  Optimizing lut $abc$76949$lut$aiger76948$9020.genblk1.genblk1.genblk1.genblk1.genblk1.genblk1.genblk1.lut4 (4 -> 0)
  Optimizing lut $abc$76949$lut$aiger76948$9020.genblk1.genblk1.genblk1.genblk1.genblk1.genblk1.genblk1.lut5 (4 -> 0)
  Optimizing lut $abc$76949$lut$aiger76948$9020.genblk1.genblk1.genblk1.genblk1.genblk1.genblk1.genblk1.lut6 (4 -> 0)
  Optimizing lut $abc$76949$lut$aiger76948$9020.genblk1.genblk1.genblk1.genblk1.genblk1.genblk1.genblk1.lut7 (4 -> 0)
  Optimizing lut $abc$76949$lut$aiger76948$9011.genblk1.genblk1.genblk1.genblk1.genblk1.genblk1.lut1 (4 -> 3)
  Optimizing lut $abc$76949$lut$aiger76948$9011.genblk1.genblk1.genblk1.genblk1.genblk1.genblk1.lut2 (4 -> 1)
  Optimizing lut $abc$76949$lut$aiger76948$9006.genblk1.genblk1.genblk1.genblk1.genblk1.genblk1.genblk1.lut2 (4 -> 0)
  Optimizing lut $abc$76949$lut$aiger76948$9006.genblk1.genblk1.genblk1.genblk1.genblk1.genblk1.genblk1.lut3 (4 -> 0)
  Optimizing lut $abc$76949$lut$aiger76948$9006.genblk1.genblk1.genblk1.genblk1.genblk1.genblk1.genblk1.lut4 (4 -> 0)
  Optimizing lut $abc$76949$lut$aiger76948$9006.genblk1.genblk1.genblk1.genblk1.genblk1.genblk1.genblk1.lut5 (4 -> 0)
  Optimizing lut $abc$76949$lut$aiger76948$9006.genblk1.genblk1.genblk1.genblk1.genblk1.genblk1.genblk1.lut7 (4 -> 0)
  Optimizing lut $abc$76949$lut$aiger76948$9000.genblk1.genblk1.genblk1.genblk1.genblk1.genblk1.lut1 (4 -> 0)
  Optimizing lut $abc$76949$lut$aiger76948$9000.genblk1.genblk1.genblk1.genblk1.genblk1.genblk1.lut2 (4 -> 3)
  Optimizing lut $abc$76949$lut$aiger76948$9000.genblk1.genblk1.genblk1.genblk1.genblk1.genblk1.lut3 (4 -> 3)
  Optimizing lut $abc$76949$lut$aiger76948$8988.genblk1.genblk1.genblk1.genblk1.genblk1.genblk1.genblk1.lut1 (4 -> 3)
  Optimizing lut $abc$76949$lut$aiger76948$8988.genblk1.genblk1.genblk1.genblk1.genblk1.genblk1.genblk1.lut2 (4 -> 0)
  Optimizing lut $abc$76949$lut$aiger76948$8988.genblk1.genblk1.genblk1.genblk1.genblk1.genblk1.genblk1.lut3 (4 -> 3)
  Optimizing lut $abc$76949$lut$aiger76948$8988.genblk1.genblk1.genblk1.genblk1.genblk1.genblk1.genblk1.lut4 (4 -> 0)
  Optimizing lut $abc$76949$lut$aiger76948$8988.genblk1.genblk1.genblk1.genblk1.genblk1.genblk1.genblk1.lut5 (4 -> 0)
  Optimizing lut $abc$76949$lut$aiger76948$8988.genblk1.genblk1.genblk1.genblk1.genblk1.genblk1.genblk1.lut6 (4 -> 0)
  Optimizing lut $abc$76949$lut$aiger76948$8988.genblk1.genblk1.genblk1.genblk1.genblk1.genblk1.genblk1.lut7 (4 -> 0)
  Optimizing lut $abc$76949$lut$aiger76948$8979.genblk1.genblk1.genblk1.genblk1.genblk1.genblk1.genblk1.lut1 (4 -> 0)
  Optimizing lut $abc$76949$lut$aiger76948$8979.genblk1.genblk1.genblk1.genblk1.genblk1.genblk1.genblk1.lut2 (4 -> 3)
  Optimizing lut $abc$76949$lut$aiger76948$8979.genblk1.genblk1.genblk1.genblk1.genblk1.genblk1.genblk1.lut3 (4 -> 3)
  Optimizing lut $abc$76949$lut$aiger76948$8979.genblk1.genblk1.genblk1.genblk1.genblk1.genblk1.genblk1.lut4 (4 -> 0)
  Optimizing lut $abc$76949$lut$aiger76948$8979.genblk1.genblk1.genblk1.genblk1.genblk1.genblk1.genblk1.lut5 (4 -> 0)
  Optimizing lut $abc$76949$lut$aiger76948$8979.genblk1.genblk1.genblk1.genblk1.genblk1.genblk1.genblk1.lut6 (4 -> 0)
  Optimizing lut $abc$76949$lut$aiger76948$8979.genblk1.genblk1.genblk1.genblk1.genblk1.genblk1.genblk1.lut7 (4 -> 0)
  Optimizing lut $abc$76949$lut$aiger76948$8960.genblk1.genblk1.genblk1.genblk1.genblk1.genblk1.lut1 (4 -> 0)
  Optimizing lut $abc$76949$lut$aiger76948$8960.genblk1.genblk1.genblk1.genblk1.genblk1.genblk1.lut2 (4 -> 0)
  Optimizing lut $abc$76949$lut$aiger76948$8954.genblk1.genblk1.genblk1.genblk1.genblk1.genblk1.genblk1.lut1 (4 -> 0)
  Optimizing lut $abc$76949$lut$aiger76948$8954.genblk1.genblk1.genblk1.genblk1.genblk1.genblk1.genblk1.lut2 (4 -> 3)
  Optimizing lut $abc$76949$lut$aiger76948$8954.genblk1.genblk1.genblk1.genblk1.genblk1.genblk1.genblk1.lut3 (4 -> 0)
  Optimizing lut $abc$76949$lut$aiger76948$8954.genblk1.genblk1.genblk1.genblk1.genblk1.genblk1.genblk1.lut4 (4 -> 0)
  Optimizing lut $abc$76949$lut$aiger76948$8954.genblk1.genblk1.genblk1.genblk1.genblk1.genblk1.genblk1.lut5 (4 -> 3)
  Optimizing lut $abc$76949$lut$aiger76948$8954.genblk1.genblk1.genblk1.genblk1.genblk1.genblk1.genblk1.lut6 (4 -> 0)
  Optimizing lut $abc$76949$lut$aiger76948$8954.genblk1.genblk1.genblk1.genblk1.genblk1.genblk1.genblk1.lut7 (4 -> 0)
  Optimizing lut $abc$76949$lut$aiger76948$10004.genblk1.genblk1.genblk1.genblk1.genblk1.genblk1.genblk1.lut2 (4 -> 3)
  Optimizing lut $abc$76949$lut$aiger76948$10004.genblk1.genblk1.genblk1.genblk1.genblk1.genblk1.genblk1.lut3 (4 -> 3)
  Optimizing lut $abc$76949$lut$aiger76948$10004.genblk1.genblk1.genblk1.genblk1.genblk1.genblk1.genblk1.lut4 (4 -> 0)
  Optimizing lut $abc$76949$lut$aiger76948$10004.genblk1.genblk1.genblk1.genblk1.genblk1.genblk1.genblk1.lut5 (4 -> 0)
  Optimizing lut $abc$76949$lut$aiger76948$10004.genblk1.genblk1.genblk1.genblk1.genblk1.genblk1.genblk1.lut6 (4 -> 0)
  Optimizing lut $abc$76949$lut$aiger76948$10004.genblk1.genblk1.genblk1.genblk1.genblk1.genblk1.genblk1.lut7 (4 -> 0)
  Optimizing lut $abc$76949$lut$aiger76948$7951.genblk1.genblk1.genblk1.genblk1.genblk1.genblk1.genblk1.lut2 (4 -> 0)
  Optimizing lut $abc$76949$lut$aiger76948$7951.genblk1.genblk1.genblk1.genblk1.genblk1.genblk1.genblk1.lut3 (4 -> 0)
  Optimizing lut $abc$76949$lut$aiger76948$7951.genblk1.genblk1.genblk1.genblk1.genblk1.genblk1.genblk1.lut4 (4 -> 0)
  Optimizing lut $abc$76949$lut$aiger76948$7951.genblk1.genblk1.genblk1.genblk1.genblk1.genblk1.genblk1.lut5 (4 -> 0)
  Optimizing lut $abc$76949$lut$aiger76948$7951.genblk1.genblk1.genblk1.genblk1.genblk1.genblk1.genblk1.lut6 (4 -> 0)
  Optimizing lut $abc$76949$lut$aiger76948$7945.genblk1.genblk1.genblk1.genblk1.genblk1.genblk1.genblk1.lut1 (4 -> 3)
  Optimizing lut $abc$76949$lut$aiger76948$7945.genblk1.genblk1.genblk1.genblk1.genblk1.genblk1.genblk1.lut2 (4 -> 0)
  Optimizing lut $abc$76949$lut$aiger76948$7945.genblk1.genblk1.genblk1.genblk1.genblk1.genblk1.genblk1.lut3 (4 -> 0)
  Optimizing lut $abc$76949$lut$aiger76948$7945.genblk1.genblk1.genblk1.genblk1.genblk1.genblk1.genblk1.lut4 (4 -> 3)
  Optimizing lut $abc$76949$lut$aiger76948$7945.genblk1.genblk1.genblk1.genblk1.genblk1.genblk1.genblk1.lut5 (4 -> 0)
  Optimizing lut $abc$76949$lut$aiger76948$7945.genblk1.genblk1.genblk1.genblk1.genblk1.genblk1.genblk1.lut6 (4 -> 0)
  Optimizing lut $abc$76949$lut$aiger76948$7945.genblk1.genblk1.genblk1.genblk1.genblk1.genblk1.genblk1.lut7 (4 -> 0)
  Optimizing lut $abc$76949$lut$aiger76948$7935.genblk1.genblk1.genblk1.genblk1.genblk1.genblk1.genblk1.lut2 (4 -> 3)
  Optimizing lut $abc$76949$lut$aiger76948$7935.genblk1.genblk1.genblk1.genblk1.genblk1.genblk1.genblk1.lut3 (4 -> 3)
  Optimizing lut $abc$76949$lut$aiger76948$7935.genblk1.genblk1.genblk1.genblk1.genblk1.genblk1.genblk1.lut4 (4 -> 0)
  Optimizing lut $abc$76949$lut$aiger76948$7935.genblk1.genblk1.genblk1.genblk1.genblk1.genblk1.genblk1.lut5 (4 -> 0)
  Optimizing lut $abc$76949$lut$aiger76948$7935.genblk1.genblk1.genblk1.genblk1.genblk1.genblk1.genblk1.lut6 (4 -> 0)
  Optimizing lut $abc$76949$lut$aiger76948$7935.genblk1.genblk1.genblk1.genblk1.genblk1.genblk1.genblk1.lut7 (4 -> 0)
  Optimizing lut $abc$76949$lut$aiger76948$7924.genblk1.genblk1.genblk1.genblk1.genblk1.genblk1.lut1 (4 -> 3)
  Optimizing lut $abc$76949$lut$aiger76948$7924.genblk1.genblk1.genblk1.genblk1.genblk1.genblk1.lut2 (4 -> 3)
  Optimizing lut $abc$76949$lut$aiger76948$7919.genblk1.genblk1.genblk1.genblk1.genblk1.genblk1.genblk1.lut2 (4 -> 0)
  Optimizing lut $abc$76949$lut$aiger76948$7919.genblk1.genblk1.genblk1.genblk1.genblk1.genblk1.genblk1.lut3 (4 -> 0)
  Optimizing lut $abc$76949$lut$aiger76948$7919.genblk1.genblk1.genblk1.genblk1.genblk1.genblk1.genblk1.lut4 (4 -> 0)
  Optimizing lut $abc$76949$lut$aiger76948$7919.genblk1.genblk1.genblk1.genblk1.genblk1.genblk1.genblk1.lut5 (4 -> 0)
  Optimizing lut $abc$76949$lut$aiger76948$7919.genblk1.genblk1.genblk1.genblk1.genblk1.genblk1.genblk1.lut6 (4 -> 0)
  Optimizing lut $abc$76949$lut$aiger76948$7919.genblk1.genblk1.genblk1.genblk1.genblk1.genblk1.genblk1.lut7 (4 -> 0)
  Optimizing lut $abc$76949$lut$aiger76948$7913.genblk1.genblk1.genblk1.genblk1.genblk1.genblk1.lut1 (4 -> 0)
  Optimizing lut $abc$76949$lut$aiger76948$7913.genblk1.genblk1.genblk1.genblk1.genblk1.genblk1.lut2 (4 -> 3)
  Optimizing lut $abc$76949$lut$aiger76948$7913.genblk1.genblk1.genblk1.genblk1.genblk1.genblk1.lut3 (4 -> 3)
  Optimizing lut $abc$76949$lut$aiger76948$7899.genblk1.genblk1.genblk1.genblk1.genblk1.genblk1.lut1 (4 -> 0)
  Optimizing lut $abc$76949$lut$aiger76948$7899.genblk1.genblk1.genblk1.genblk1.genblk1.genblk1.lut2 (4 -> 3)
  Optimizing lut $abc$76949$lut$aiger76948$7899.genblk1.genblk1.genblk1.genblk1.genblk1.genblk1.lut3 (4 -> 3)
  Optimizing lut $abc$76949$lut$aiger76948$7884.genblk1.genblk1.genblk1.genblk1.genblk1.genblk1.genblk1.lut2 (4 -> 0)
  Optimizing lut $abc$76949$lut$aiger76948$7884.genblk1.genblk1.genblk1.genblk1.genblk1.genblk1.genblk1.lut3 (4 -> 3)
  Optimizing lut $abc$76949$lut$aiger76948$7884.genblk1.genblk1.genblk1.genblk1.genblk1.genblk1.genblk1.lut4 (4 -> 3)
  Optimizing lut $abc$76949$lut$aiger76948$7884.genblk1.genblk1.genblk1.genblk1.genblk1.genblk1.genblk1.lut5 (4 -> 0)
  Optimizing lut $abc$76949$lut$aiger76948$7884.genblk1.genblk1.genblk1.genblk1.genblk1.genblk1.genblk1.lut6 (4 -> 0)
  Optimizing lut $abc$76949$lut$aiger76948$7884.genblk1.genblk1.genblk1.genblk1.genblk1.genblk1.genblk1.lut7 (4 -> 0)
  Optimizing lut $abc$76949$lut$aiger76948$7870.genblk1.genblk1.genblk1.genblk1.genblk1.genblk1.lut1 (4 -> 0)
  Optimizing lut $abc$76949$lut$aiger76948$7870.genblk1.genblk1.genblk1.genblk1.genblk1.genblk1.lut2 (4 -> 0)
  Optimizing lut $abc$76949$lut$aiger76948$7865.genblk1.genblk1.genblk1.genblk1.genblk1.genblk1.lut1 (4 -> 0)
  Optimizing lut $abc$76949$lut$aiger76948$7865.genblk1.genblk1.genblk1.genblk1.genblk1.genblk1.lut3 (4 -> 0)
  Optimizing lut $abc$76949$lut$aiger76948$7707.genblk1.genblk1.genblk1.genblk1.genblk1.genblk1.genblk1.lut2 (4 -> 0)
  Optimizing lut $abc$76949$lut$aiger76948$7707.genblk1.genblk1.genblk1.genblk1.genblk1.genblk1.genblk1.lut3 (4 -> 0)
  Optimizing lut $abc$76949$lut$aiger76948$7707.genblk1.genblk1.genblk1.genblk1.genblk1.genblk1.genblk1.lut4 (4 -> 0)
  Optimizing lut $abc$76949$lut$aiger76948$7707.genblk1.genblk1.genblk1.genblk1.genblk1.genblk1.genblk1.lut5 (4 -> 0)
  Optimizing lut $abc$76949$lut$aiger76948$7707.genblk1.genblk1.genblk1.genblk1.genblk1.genblk1.genblk1.lut6 (4 -> 0)
  Optimizing lut $abc$76949$lut$aiger76948$7701.genblk1.genblk1.genblk1.genblk1.genblk1.genblk1.lut1 (4 -> 0)
  Optimizing lut $abc$76949$lut$aiger76948$7701.genblk1.genblk1.genblk1.genblk1.genblk1.genblk1.lut2 (4 -> 3)
  Optimizing lut $abc$76949$lut$aiger76948$7701.genblk1.genblk1.genblk1.genblk1.genblk1.genblk1.lut3 (4 -> 3)
  Optimizing lut $abc$76949$lut$aiger76948$7694.genblk1.genblk1.genblk1.genblk1.genblk1.genblk1.genblk1.lut1 (4 -> 3)
  Optimizing lut $abc$76949$lut$aiger76948$7694.genblk1.genblk1.genblk1.genblk1.genblk1.genblk1.genblk1.lut2 (4 -> 0)
  Optimizing lut $abc$76949$lut$aiger76948$7694.genblk1.genblk1.genblk1.genblk1.genblk1.genblk1.genblk1.lut3 (4 -> 0)
  Optimizing lut $abc$76949$lut$aiger76948$7694.genblk1.genblk1.genblk1.genblk1.genblk1.genblk1.genblk1.lut4 (4 -> 0)
  Optimizing lut $abc$76949$lut$aiger76948$7694.genblk1.genblk1.genblk1.genblk1.genblk1.genblk1.genblk1.lut5 (4 -> 0)
  Optimizing lut $abc$76949$lut$aiger76948$7694.genblk1.genblk1.genblk1.genblk1.genblk1.genblk1.genblk1.lut6 (4 -> 3)
  Optimizing lut $abc$76949$lut$aiger76948$7694.genblk1.genblk1.genblk1.genblk1.genblk1.genblk1.genblk1.lut7 (4 -> 0)
  Optimizing lut $abc$76949$lut$aiger76948$7683.genblk1.genblk1.genblk1.genblk1.genblk1.genblk1.genblk1.lut1 (4 -> 0)
  Optimizing lut $abc$76949$lut$aiger76948$7683.genblk1.genblk1.genblk1.genblk1.genblk1.genblk1.genblk1.lut2 (4 -> 0)
  Optimizing lut $abc$76949$lut$aiger76948$7683.genblk1.genblk1.genblk1.genblk1.genblk1.genblk1.genblk1.lut3 (4 -> 3)
  Optimizing lut $abc$76949$lut$aiger76948$7683.genblk1.genblk1.genblk1.genblk1.genblk1.genblk1.genblk1.lut4 (4 -> 1)
  Optimizing lut $abc$76949$lut$aiger76948$7683.genblk1.genblk1.genblk1.genblk1.genblk1.genblk1.genblk1.lut5 (4 -> 1)
  Optimizing lut $abc$76949$lut$aiger76948$7683.genblk1.genblk1.genblk1.genblk1.genblk1.genblk1.genblk1.lut6 (4 -> 1)
  Optimizing lut $abc$76949$lut$aiger76948$7674.genblk1.genblk1.genblk1.genblk1.genblk1.genblk1.genblk1.lut2 (4 -> 3)
  Optimizing lut $abc$76949$lut$aiger76948$7674.genblk1.genblk1.genblk1.genblk1.genblk1.genblk1.genblk1.lut3 (4 -> 0)
  Optimizing lut $abc$76949$lut$aiger76948$7674.genblk1.genblk1.genblk1.genblk1.genblk1.genblk1.genblk1.lut4 (4 -> 0)
  Optimizing lut $abc$76949$lut$aiger76948$7674.genblk1.genblk1.genblk1.genblk1.genblk1.genblk1.genblk1.lut5 (4 -> 0)
  Optimizing lut $abc$76949$lut$aiger76948$7674.genblk1.genblk1.genblk1.genblk1.genblk1.genblk1.genblk1.lut6 (4 -> 0)
  Optimizing lut $abc$76949$lut$aiger76948$7674.genblk1.genblk1.genblk1.genblk1.genblk1.genblk1.genblk1.lut7 (4 -> 0)
  Optimizing lut $abc$76949$lut$aiger76948$7659.genblk1.genblk1.genblk1.genblk1.genblk1.genblk1.lut2 (4 -> 3)
  Optimizing lut $abc$76949$lut$aiger76948$7659.genblk1.genblk1.genblk1.genblk1.genblk1.genblk1.lut3 (4 -> 3)
  Optimizing lut $abc$76949$lut$aiger76948$7652.genblk1.genblk1.genblk1.genblk1.genblk1.genblk1.genblk1.lut1 (4 -> 0)
  Optimizing lut $abc$76949$lut$aiger76948$7652.genblk1.genblk1.genblk1.genblk1.genblk1.genblk1.genblk1.lut2 (4 -> 0)
  Optimizing lut $abc$76949$lut$aiger76948$7652.genblk1.genblk1.genblk1.genblk1.genblk1.genblk1.genblk1.lut3 (4 -> 0)
  Optimizing lut $abc$76949$lut$aiger76948$7652.genblk1.genblk1.genblk1.genblk1.genblk1.genblk1.genblk1.lut4 (4 -> 0)
  Optimizing lut $abc$76949$lut$aiger76948$7652.genblk1.genblk1.genblk1.genblk1.genblk1.genblk1.genblk1.lut5 (4 -> 0)
  Optimizing lut $abc$76949$lut$aiger76948$7652.genblk1.genblk1.genblk1.genblk1.genblk1.genblk1.genblk1.lut6 (4 -> 0)
  Optimizing lut $abc$76949$lut$aiger76948$7652.genblk1.genblk1.genblk1.genblk1.genblk1.genblk1.genblk1.lut7 (4 -> 3)
  Optimizing lut $abc$76949$lut$aiger76948$7641.genblk1.genblk1.genblk1.genblk1.genblk1.genblk1.genblk1.lut1 (4 -> 0)
  Optimizing lut $abc$76949$lut$aiger76948$7641.genblk1.genblk1.genblk1.genblk1.genblk1.genblk1.genblk1.lut2 (4 -> 0)
  Optimizing lut $abc$76949$lut$aiger76948$7641.genblk1.genblk1.genblk1.genblk1.genblk1.genblk1.genblk1.lut3 (4 -> 3)
  Optimizing lut $abc$76949$lut$aiger76948$7641.genblk1.genblk1.genblk1.genblk1.genblk1.genblk1.genblk1.lut4 (4 -> 0)
  Optimizing lut $abc$76949$lut$aiger76948$7641.genblk1.genblk1.genblk1.genblk1.genblk1.genblk1.genblk1.lut5 (4 -> 0)
  Optimizing lut $abc$76949$lut$aiger76948$7641.genblk1.genblk1.genblk1.genblk1.genblk1.genblk1.genblk1.lut6 (4 -> 3)
  Optimizing lut $abc$76949$lut$aiger76948$7641.genblk1.genblk1.genblk1.genblk1.genblk1.genblk1.genblk1.lut7 (4 -> 0)
  Optimizing lut $abc$76949$lut$aiger76948$7627.genblk1.genblk1.genblk1.genblk1.genblk1.genblk1.lut1 (4 -> 0)
  Optimizing lut $abc$76949$lut$aiger76948$7627.genblk1.genblk1.genblk1.genblk1.genblk1.genblk1.lut2 (4 -> 0)
  Optimizing lut $abc$76949$lut$aiger76948$7618.genblk1.genblk1.genblk1.genblk1.genblk1.genblk1.genblk1.lut1 (4 -> 0)
  Optimizing lut $abc$76949$lut$aiger76948$7618.genblk1.genblk1.genblk1.genblk1.genblk1.genblk1.genblk1.lut2 (4 -> 0)
  Optimizing lut $abc$76949$lut$aiger76948$7618.genblk1.genblk1.genblk1.genblk1.genblk1.genblk1.genblk1.lut3 (4 -> 3)
  Optimizing lut $abc$76949$lut$aiger76948$7618.genblk1.genblk1.genblk1.genblk1.genblk1.genblk1.genblk1.lut4 (4 -> 3)
  Optimizing lut $abc$76949$lut$aiger76948$7618.genblk1.genblk1.genblk1.genblk1.genblk1.genblk1.genblk1.lut5 (4 -> 0)
  Optimizing lut $abc$76949$lut$aiger76948$7618.genblk1.genblk1.genblk1.genblk1.genblk1.genblk1.genblk1.lut6 (4 -> 0)
  Optimizing lut $abc$76949$lut$aiger76948$7618.genblk1.genblk1.genblk1.genblk1.genblk1.genblk1.genblk1.lut7 (4 -> 0)
  Optimizing lut $abc$76949$lut$aiger76948$7599.genblk1.genblk1.genblk1.genblk1.genblk1.lut1 (4 -> 0)
  Optimizing lut $abc$76949$lut$aiger76948$9994.genblk1.genblk1.genblk1.genblk1.genblk1.lut1 (4 -> 3)
  Optimizing lut $abc$76949$lut$aiger76948$8407.genblk1.genblk1.genblk1.genblk1.genblk1.genblk1.genblk1.lut2 (4 -> 0)
  Optimizing lut $abc$76949$lut$aiger76948$8407.genblk1.genblk1.genblk1.genblk1.genblk1.genblk1.genblk1.lut3 (4 -> 0)
  Optimizing lut $abc$76949$lut$aiger76948$8407.genblk1.genblk1.genblk1.genblk1.genblk1.genblk1.genblk1.lut4 (4 -> 0)
  Optimizing lut $abc$76949$lut$aiger76948$8407.genblk1.genblk1.genblk1.genblk1.genblk1.genblk1.genblk1.lut5 (4 -> 3)
  Optimizing lut $abc$76949$lut$aiger76948$8407.genblk1.genblk1.genblk1.genblk1.genblk1.genblk1.genblk1.lut6 (4 -> 3)
  Optimizing lut $abc$76949$lut$aiger76948$8407.genblk1.genblk1.genblk1.genblk1.genblk1.genblk1.genblk1.lut7 (4 -> 0)
  Optimizing lut $abc$76949$lut$aiger76948$8399.genblk1.genblk1.genblk1.genblk1.genblk1.genblk1.genblk1.lut2 (4 -> 0)
  Optimizing lut $abc$76949$lut$aiger76948$8399.genblk1.genblk1.genblk1.genblk1.genblk1.genblk1.genblk1.lut3 (4 -> 0)
  Optimizing lut $abc$76949$lut$aiger76948$8399.genblk1.genblk1.genblk1.genblk1.genblk1.genblk1.genblk1.lut4 (4 -> 0)
  Optimizing lut $abc$76949$lut$aiger76948$8399.genblk1.genblk1.genblk1.genblk1.genblk1.genblk1.genblk1.lut5 (4 -> 0)
  Optimizing lut $abc$76949$lut$aiger76948$8399.genblk1.genblk1.genblk1.genblk1.genblk1.genblk1.genblk1.lut6 (4 -> 0)
  Optimizing lut $abc$76949$lut$aiger76948$8399.genblk1.genblk1.genblk1.genblk1.genblk1.genblk1.genblk1.lut7 (4 -> 0)
  Optimizing lut $abc$76949$lut$aiger76948$8388.genblk1.genblk1.genblk1.genblk1.genblk1.genblk1.genblk1.lut1 (4 -> 3)
  Optimizing lut $abc$76949$lut$aiger76948$8388.genblk1.genblk1.genblk1.genblk1.genblk1.genblk1.genblk1.lut2 (4 -> 0)
  Optimizing lut $abc$76949$lut$aiger76948$8388.genblk1.genblk1.genblk1.genblk1.genblk1.genblk1.genblk1.lut3 (4 -> 0)
  Optimizing lut $abc$76949$lut$aiger76948$8388.genblk1.genblk1.genblk1.genblk1.genblk1.genblk1.genblk1.lut4 (4 -> 3)
  Optimizing lut $abc$76949$lut$aiger76948$8388.genblk1.genblk1.genblk1.genblk1.genblk1.genblk1.genblk1.lut5 (4 -> 0)
  Optimizing lut $abc$76949$lut$aiger76948$8388.genblk1.genblk1.genblk1.genblk1.genblk1.genblk1.genblk1.lut6 (4 -> 0)
  Optimizing lut $abc$76949$lut$aiger76948$8388.genblk1.genblk1.genblk1.genblk1.genblk1.genblk1.genblk1.lut7 (4 -> 0)
  Optimizing lut $abc$76949$lut$aiger76948$8380.genblk1.genblk1.genblk1.genblk1.genblk1.lut1 (4 -> 0)
  Optimizing lut $abc$76949$lut$aiger76948$8375.genblk1.genblk1.genblk1.genblk1.genblk1.genblk1.lut3 (4 -> 0)
  Optimizing lut $abc$76949$lut$aiger76948$8370.genblk1.genblk1.genblk1.genblk1.genblk1.genblk1.lut1 (4 -> 0)
  Optimizing lut $abc$76949$lut$aiger76948$8370.genblk1.genblk1.genblk1.genblk1.genblk1.genblk1.lut2 (4 -> 3)
  Optimizing lut $abc$76949$lut$aiger76948$8370.genblk1.genblk1.genblk1.genblk1.genblk1.genblk1.lut3 (4 -> 3)
  Optimizing lut $abc$76949$lut$aiger76948$8363.genblk1.genblk1.genblk1.genblk1.genblk1.genblk1.genblk1.lut1 (4 -> 3)
  Optimizing lut $abc$76949$lut$aiger76948$8363.genblk1.genblk1.genblk1.genblk1.genblk1.genblk1.genblk1.lut2 (4 -> 0)
  Optimizing lut $abc$76949$lut$aiger76948$8363.genblk1.genblk1.genblk1.genblk1.genblk1.genblk1.genblk1.lut3 (4 -> 0)
  Optimizing lut $abc$76949$lut$aiger76948$8363.genblk1.genblk1.genblk1.genblk1.genblk1.genblk1.genblk1.lut4 (4 -> 0)
  Optimizing lut $abc$76949$lut$aiger76948$8363.genblk1.genblk1.genblk1.genblk1.genblk1.genblk1.genblk1.lut5 (4 -> 0)
  Optimizing lut $abc$76949$lut$aiger76948$8363.genblk1.genblk1.genblk1.genblk1.genblk1.genblk1.genblk1.lut6 (4 -> 3)
  Optimizing lut $abc$76949$lut$aiger76948$8363.genblk1.genblk1.genblk1.genblk1.genblk1.genblk1.genblk1.lut7 (4 -> 0)
  Optimizing lut $abc$76949$lut$aiger76948$8352.genblk1.genblk1.genblk1.genblk1.genblk1.genblk1.genblk1.lut1 (4 -> 0)
  Optimizing lut $abc$76949$lut$aiger76948$8352.genblk1.genblk1.genblk1.genblk1.genblk1.genblk1.genblk1.lut2 (4 -> 3)
  Optimizing lut $abc$76949$lut$aiger76948$8352.genblk1.genblk1.genblk1.genblk1.genblk1.genblk1.genblk1.lut3 (4 -> 0)
  Optimizing lut $abc$76949$lut$aiger76948$8352.genblk1.genblk1.genblk1.genblk1.genblk1.genblk1.genblk1.lut4 (4 -> 0)
  Optimizing lut $abc$76949$lut$aiger76948$8352.genblk1.genblk1.genblk1.genblk1.genblk1.genblk1.genblk1.lut5 (4 -> 0)
  Optimizing lut $abc$76949$lut$aiger76948$8352.genblk1.genblk1.genblk1.genblk1.genblk1.genblk1.genblk1.lut6 (4 -> 0)
  Optimizing lut $abc$76949$lut$aiger76948$8352.genblk1.genblk1.genblk1.genblk1.genblk1.genblk1.genblk1.lut7 (4 -> 0)
  Optimizing lut $abc$76949$lut$aiger76948$8341.genblk1.genblk1.genblk1.genblk1.genblk1.genblk1.genblk1.lut2 (4 -> 3)
  Optimizing lut $abc$76949$lut$aiger76948$8341.genblk1.genblk1.genblk1.genblk1.genblk1.genblk1.genblk1.lut3 (4 -> 3)
  Optimizing lut $abc$76949$lut$aiger76948$8341.genblk1.genblk1.genblk1.genblk1.genblk1.genblk1.genblk1.lut4 (4 -> 0)
  Optimizing lut $abc$76949$lut$aiger76948$8341.genblk1.genblk1.genblk1.genblk1.genblk1.genblk1.genblk1.lut5 (4 -> 0)
  Optimizing lut $abc$76949$lut$aiger76948$8341.genblk1.genblk1.genblk1.genblk1.genblk1.genblk1.genblk1.lut6 (4 -> 0)
  Optimizing lut $abc$76949$lut$aiger76948$8341.genblk1.genblk1.genblk1.genblk1.genblk1.genblk1.genblk1.lut7 (4 -> 0)
  Optimizing lut $abc$76949$lut$aiger76948$8316.genblk1.genblk1.genblk1.genblk1.genblk1.genblk1.genblk1.lut1 (4 -> 0)
  Optimizing lut $abc$76949$lut$aiger76948$8316.genblk1.genblk1.genblk1.genblk1.genblk1.genblk1.genblk1.lut2 (4 -> 0)
  Optimizing lut $abc$76949$lut$aiger76948$8316.genblk1.genblk1.genblk1.genblk1.genblk1.genblk1.genblk1.lut3 (4 -> 3)
  Optimizing lut $abc$76949$lut$aiger76948$8316.genblk1.genblk1.genblk1.genblk1.genblk1.genblk1.genblk1.lut4 (4 -> 0)
  Optimizing lut $abc$76949$lut$aiger76948$8316.genblk1.genblk1.genblk1.genblk1.genblk1.genblk1.genblk1.lut5 (4 -> 0)
  Optimizing lut $abc$76949$lut$aiger76948$8316.genblk1.genblk1.genblk1.genblk1.genblk1.genblk1.genblk1.lut6 (4 -> 0)
  Optimizing lut $abc$76949$lut$aiger76948$8316.genblk1.genblk1.genblk1.genblk1.genblk1.genblk1.genblk1.lut7 (4 -> 0)
  Optimizing lut $abc$76949$lut$aiger76948$4777.genblk1.genblk1.genblk1.genblk1.genblk1.genblk1.lut2 (4 -> 0)
  Optimizing lut $abc$76949$lut$aiger76948$4769.genblk1.genblk1.genblk1.genblk1.genblk1.genblk1.genblk1.lut2 (4 -> 3)
  Optimizing lut $abc$76949$lut$aiger76948$4769.genblk1.genblk1.genblk1.genblk1.genblk1.genblk1.genblk1.lut3 (4 -> 0)
  Optimizing lut $abc$76949$lut$aiger76948$4769.genblk1.genblk1.genblk1.genblk1.genblk1.genblk1.genblk1.lut4 (4 -> 3)
  Optimizing lut $abc$76949$lut$aiger76948$4769.genblk1.genblk1.genblk1.genblk1.genblk1.genblk1.genblk1.lut5 (4 -> 0)
  Optimizing lut $abc$76949$lut$aiger76948$4769.genblk1.genblk1.genblk1.genblk1.genblk1.genblk1.genblk1.lut6 (4 -> 0)
  Optimizing lut $abc$76949$lut$aiger76948$4769.genblk1.genblk1.genblk1.genblk1.genblk1.genblk1.genblk1.lut7 (4 -> 0)
  Optimizing lut $abc$76949$lut$aiger76948$4749.genblk1.genblk1.genblk1.genblk1.genblk1.genblk1.genblk1.lut1 (4 -> 0)
  Optimizing lut $abc$76949$lut$aiger76948$4749.genblk1.genblk1.genblk1.genblk1.genblk1.genblk1.genblk1.lut2 (4 -> 0)
  Optimizing lut $abc$76949$lut$aiger76948$4749.genblk1.genblk1.genblk1.genblk1.genblk1.genblk1.genblk1.lut3 (4 -> 0)
  Optimizing lut $abc$76949$lut$aiger76948$4749.genblk1.genblk1.genblk1.genblk1.genblk1.genblk1.genblk1.lut4 (4 -> 3)
  Optimizing lut $abc$76949$lut$aiger76948$4749.genblk1.genblk1.genblk1.genblk1.genblk1.genblk1.genblk1.lut5 (4 -> 0)
  Optimizing lut $abc$76949$lut$aiger76948$4749.genblk1.genblk1.genblk1.genblk1.genblk1.genblk1.genblk1.lut6 (4 -> 0)
  Optimizing lut $abc$76949$lut$aiger76948$4749.genblk1.genblk1.genblk1.genblk1.genblk1.genblk1.genblk1.lut7 (4 -> 0)
  Optimizing lut $abc$76949$lut$aiger76948$4738.genblk1.genblk1.genblk1.genblk1.genblk1.genblk1.genblk1.lut2 (4 -> 0)
  Optimizing lut $abc$76949$lut$aiger76948$4738.genblk1.genblk1.genblk1.genblk1.genblk1.genblk1.genblk1.lut3 (4 -> 3)
  Optimizing lut $abc$76949$lut$aiger76948$4738.genblk1.genblk1.genblk1.genblk1.genblk1.genblk1.genblk1.lut4 (4 -> 0)
  Optimizing lut $abc$76949$lut$aiger76948$4738.genblk1.genblk1.genblk1.genblk1.genblk1.genblk1.genblk1.lut5 (4 -> 0)
  Optimizing lut $abc$76949$lut$aiger76948$4738.genblk1.genblk1.genblk1.genblk1.genblk1.genblk1.genblk1.lut6 (4 -> 3)
  Optimizing lut $abc$76949$lut$aiger76948$4738.genblk1.genblk1.genblk1.genblk1.genblk1.genblk1.genblk1.lut7 (4 -> 0)
  Optimizing lut $abc$76949$lut$aiger76948$4730.genblk1.genblk1.genblk1.genblk1.genblk1.genblk1.genblk1.lut1 (4 -> 0)
  Optimizing lut $abc$76949$lut$aiger76948$4730.genblk1.genblk1.genblk1.genblk1.genblk1.genblk1.genblk1.lut2 (4 -> 0)
  Optimizing lut $abc$76949$lut$aiger76948$4730.genblk1.genblk1.genblk1.genblk1.genblk1.genblk1.genblk1.lut3 (4 -> 0)
  Optimizing lut $abc$76949$lut$aiger76948$4730.genblk1.genblk1.genblk1.genblk1.genblk1.genblk1.genblk1.lut4 (4 -> 0)
  Optimizing lut $abc$76949$lut$aiger76948$4730.genblk1.genblk1.genblk1.genblk1.genblk1.genblk1.genblk1.lut5 (4 -> 2)
  Optimizing lut $abc$76949$lut$aiger76948$4730.genblk1.genblk1.genblk1.genblk1.genblk1.genblk1.genblk1.lut6 (4 -> 2)
  Optimizing lut $abc$76949$lut$aiger76948$4730.genblk1.genblk1.genblk1.genblk1.genblk1.genblk1.genblk1.lut7 (4 -> 2)
  Optimizing lut $abc$76949$lut$aiger76948$4719.genblk1.genblk1.genblk1.genblk1.genblk1.genblk1.genblk1.lut1 (4 -> 3)
  Optimizing lut $abc$76949$lut$aiger76948$4719.genblk1.genblk1.genblk1.genblk1.genblk1.genblk1.genblk1.lut2 (4 -> 0)
  Optimizing lut $abc$76949$lut$aiger76948$4719.genblk1.genblk1.genblk1.genblk1.genblk1.genblk1.genblk1.lut3 (4 -> 3)
  Optimizing lut $abc$76949$lut$aiger76948$4719.genblk1.genblk1.genblk1.genblk1.genblk1.genblk1.genblk1.lut4 (4 -> 0)
  Optimizing lut $abc$76949$lut$aiger76948$4719.genblk1.genblk1.genblk1.genblk1.genblk1.genblk1.genblk1.lut5 (4 -> 0)
  Optimizing lut $abc$76949$lut$aiger76948$4719.genblk1.genblk1.genblk1.genblk1.genblk1.genblk1.genblk1.lut6 (4 -> 0)
  Optimizing lut $abc$76949$lut$aiger76948$4719.genblk1.genblk1.genblk1.genblk1.genblk1.genblk1.genblk1.lut7 (4 -> 0)
  Optimizing lut $abc$76949$lut$aiger76948$4711.genblk1.genblk1.genblk1.genblk1.genblk1.genblk1.genblk1.lut1 (4 -> 0)
  Optimizing lut $abc$76949$lut$aiger76948$4711.genblk1.genblk1.genblk1.genblk1.genblk1.genblk1.genblk1.lut2 (4 -> 0)
  Optimizing lut $abc$76949$lut$aiger76948$4711.genblk1.genblk1.genblk1.genblk1.genblk1.genblk1.genblk1.lut3 (4 -> 3)
  Optimizing lut $abc$76949$lut$aiger76948$4711.genblk1.genblk1.genblk1.genblk1.genblk1.genblk1.genblk1.lut4 (4 -> 0)
  Optimizing lut $abc$76949$lut$aiger76948$4711.genblk1.genblk1.genblk1.genblk1.genblk1.genblk1.genblk1.lut5 (4 -> 0)
  Optimizing lut $abc$76949$lut$aiger76948$4711.genblk1.genblk1.genblk1.genblk1.genblk1.genblk1.genblk1.lut6 (4 -> 3)
  Optimizing lut $abc$76949$lut$aiger76948$4711.genblk1.genblk1.genblk1.genblk1.genblk1.genblk1.genblk1.lut7 (4 -> 0)
  Optimizing lut $abc$76949$lut$aiger76948$4698.genblk1.genblk1.genblk1.genblk1.genblk1.genblk1.genblk1.lut1 (4 -> 3)
  Optimizing lut $abc$76949$lut$aiger76948$4698.genblk1.genblk1.genblk1.genblk1.genblk1.genblk1.genblk1.lut2 (4 -> 0)
  Optimizing lut $abc$76949$lut$aiger76948$4698.genblk1.genblk1.genblk1.genblk1.genblk1.genblk1.genblk1.lut3 (4 -> 3)
  Optimizing lut $abc$76949$lut$aiger76948$4698.genblk1.genblk1.genblk1.genblk1.genblk1.genblk1.genblk1.lut4 (4 -> 0)
  Optimizing lut $abc$76949$lut$aiger76948$4698.genblk1.genblk1.genblk1.genblk1.genblk1.genblk1.genblk1.lut5 (4 -> 0)
  Optimizing lut $abc$76949$lut$aiger76948$4698.genblk1.genblk1.genblk1.genblk1.genblk1.genblk1.genblk1.lut6 (4 -> 0)
  Optimizing lut $abc$76949$lut$aiger76948$4698.genblk1.genblk1.genblk1.genblk1.genblk1.genblk1.genblk1.lut7 (4 -> 0)
  Optimizing lut $abc$76949$lut$aiger76948$4690.genblk1.genblk1.genblk1.genblk1.genblk1.genblk1.genblk1.lut1 (4 -> 0)
  Optimizing lut $abc$76949$lut$aiger76948$4690.genblk1.genblk1.genblk1.genblk1.genblk1.genblk1.genblk1.lut2 (4 -> 0)
  Optimizing lut $abc$76949$lut$aiger76948$4690.genblk1.genblk1.genblk1.genblk1.genblk1.genblk1.genblk1.lut3 (4 -> 0)
  Optimizing lut $abc$76949$lut$aiger76948$4690.genblk1.genblk1.genblk1.genblk1.genblk1.genblk1.genblk1.lut4 (4 -> 3)
  Optimizing lut $abc$76949$lut$aiger76948$4690.genblk1.genblk1.genblk1.genblk1.genblk1.genblk1.genblk1.lut5 (4 -> 0)
  Optimizing lut $abc$76949$lut$aiger76948$4690.genblk1.genblk1.genblk1.genblk1.genblk1.genblk1.genblk1.lut6 (4 -> 0)
  Optimizing lut $abc$76949$lut$aiger76948$4690.genblk1.genblk1.genblk1.genblk1.genblk1.genblk1.genblk1.lut7 (4 -> 3)
  Optimizing lut $abc$76949$lut$aiger76948$4681.genblk1.genblk1.genblk1.genblk1.genblk1.genblk1.genblk1.lut1 (4 -> 0)
  Optimizing lut $abc$76949$lut$aiger76948$4681.genblk1.genblk1.genblk1.genblk1.genblk1.genblk1.genblk1.lut2 (4 -> 0)
  Optimizing lut $abc$76949$lut$aiger76948$4681.genblk1.genblk1.genblk1.genblk1.genblk1.genblk1.genblk1.lut3 (4 -> 0)
  Optimizing lut $abc$76949$lut$aiger76948$4681.genblk1.genblk1.genblk1.genblk1.genblk1.genblk1.genblk1.lut4 (4 -> 0)
  Optimizing lut $abc$76949$lut$aiger76948$4681.genblk1.genblk1.genblk1.genblk1.genblk1.genblk1.genblk1.lut5 (4 -> 3)
  Optimizing lut $abc$76949$lut$aiger76948$4681.genblk1.genblk1.genblk1.genblk1.genblk1.genblk1.genblk1.lut6 (4 -> 0)
  Optimizing lut $abc$76949$lut$aiger76948$4681.genblk1.genblk1.genblk1.genblk1.genblk1.genblk1.genblk1.lut7 (4 -> 0)
  Optimizing lut $abc$76949$lut$aiger76948$4671.genblk1.genblk1.genblk1.genblk1.genblk1.genblk1.lut2 (4 -> 0)
  Optimizing lut $abc$76949$lut$aiger76948$4671.genblk1.genblk1.genblk1.genblk1.genblk1.genblk1.lut3 (4 -> 0)
  Optimizing lut $abc$76949$lut$aiger76948$4666.genblk1.genblk1.genblk1.genblk1.genblk1.genblk1.lut1 (4 -> 0)
  Optimizing lut $abc$76949$lut$aiger76948$4666.genblk1.genblk1.genblk1.genblk1.genblk1.genblk1.lut2 (4 -> 0)
  Optimizing lut $abc$76949$lut$aiger76948$3841.genblk1.genblk1.genblk1.genblk1.genblk1.genblk1.lut1 (4 -> 1)
  Optimizing lut $abc$76949$lut$aiger76948$3841.genblk1.genblk1.genblk1.genblk1.genblk1.genblk1.lut2 (4 -> 1)
  Optimizing lut $abc$76949$lut$aiger76948$3831.genblk1.genblk1.genblk1.genblk1.genblk1.genblk1.lut1 (4 -> 0)
  Optimizing lut $abc$76949$lut$aiger76948$3831.genblk1.genblk1.genblk1.genblk1.genblk1.genblk1.lut2 (4 -> 3)
  Optimizing lut $abc$76949$lut$aiger76948$3831.genblk1.genblk1.genblk1.genblk1.genblk1.genblk1.lut3 (4 -> 3)
  Optimizing lut $abc$76949$lut$aiger76948$3810.genblk1.genblk1.genblk1.genblk1.genblk1.genblk1.genblk1.lut1 (4 -> 0)
  Optimizing lut $abc$76949$lut$aiger76948$3810.genblk1.genblk1.genblk1.genblk1.genblk1.genblk1.genblk1.lut2 (4 -> 0)
  Optimizing lut $abc$76949$lut$aiger76948$3810.genblk1.genblk1.genblk1.genblk1.genblk1.genblk1.genblk1.lut3 (4 -> 3)
  Optimizing lut $abc$76949$lut$aiger76948$3810.genblk1.genblk1.genblk1.genblk1.genblk1.genblk1.genblk1.lut4 (4 -> 0)
  Optimizing lut $abc$76949$lut$aiger76948$3810.genblk1.genblk1.genblk1.genblk1.genblk1.genblk1.genblk1.lut5 (4 -> 0)
  Optimizing lut $abc$76949$lut$aiger76948$3810.genblk1.genblk1.genblk1.genblk1.genblk1.genblk1.genblk1.lut6 (4 -> 0)
  Optimizing lut $abc$76949$lut$aiger76948$3810.genblk1.genblk1.genblk1.genblk1.genblk1.genblk1.genblk1.lut7 (4 -> 3)
  Optimizing lut $abc$76949$lut$aiger76948$3802.genblk1.genblk1.genblk1.genblk1.genblk1.genblk1.genblk1.lut1 (4 -> 0)
  Optimizing lut $abc$76949$lut$aiger76948$3802.genblk1.genblk1.genblk1.genblk1.genblk1.genblk1.genblk1.lut2 (4 -> 0)
  Optimizing lut $abc$76949$lut$aiger76948$3802.genblk1.genblk1.genblk1.genblk1.genblk1.genblk1.genblk1.lut3 (4 -> 0)
  Optimizing lut $abc$76949$lut$aiger76948$3802.genblk1.genblk1.genblk1.genblk1.genblk1.genblk1.genblk1.lut4 (4 -> 2)
  Optimizing lut $abc$76949$lut$aiger76948$3802.genblk1.genblk1.genblk1.genblk1.genblk1.genblk1.genblk1.lut5 (4 -> 0)
  Optimizing lut $abc$76949$lut$aiger76948$3802.genblk1.genblk1.genblk1.genblk1.genblk1.genblk1.genblk1.lut6 (4 -> 0)
  Optimizing lut $abc$76949$lut$aiger76948$3802.genblk1.genblk1.genblk1.genblk1.genblk1.genblk1.genblk1.lut7 (4 -> 3)
  Optimizing lut $abc$76949$lut$aiger76948$3791.genblk1.genblk1.genblk1.genblk1.genblk1.genblk1.genblk1.lut2 (4 -> 3)
  Optimizing lut $abc$76949$lut$aiger76948$3791.genblk1.genblk1.genblk1.genblk1.genblk1.genblk1.genblk1.lut3 (4 -> 3)
  Optimizing lut $abc$76949$lut$aiger76948$3791.genblk1.genblk1.genblk1.genblk1.genblk1.genblk1.genblk1.lut4 (4 -> 0)
  Optimizing lut $abc$76949$lut$aiger76948$3791.genblk1.genblk1.genblk1.genblk1.genblk1.genblk1.genblk1.lut5 (4 -> 0)
  Optimizing lut $abc$76949$lut$aiger76948$3791.genblk1.genblk1.genblk1.genblk1.genblk1.genblk1.genblk1.lut6 (4 -> 0)
  Optimizing lut $abc$76949$lut$aiger76948$3791.genblk1.genblk1.genblk1.genblk1.genblk1.genblk1.genblk1.lut7 (4 -> 0)
  Optimizing lut $abc$76949$lut$aiger76948$3774.genblk1.genblk1.genblk1.genblk1.genblk1.genblk1.genblk1.lut2 (4 -> 2)
  Optimizing lut $abc$76949$lut$aiger76948$3774.genblk1.genblk1.genblk1.genblk1.genblk1.genblk1.genblk1.lut3 (4 -> 2)
  Optimizing lut $abc$76949$lut$aiger76948$3774.genblk1.genblk1.genblk1.genblk1.genblk1.genblk1.genblk1.lut4 (4 -> 1)
  Optimizing lut $abc$76949$lut$aiger76948$3774.genblk1.genblk1.genblk1.genblk1.genblk1.genblk1.genblk1.lut5 (4 -> 1)
  Optimizing lut $abc$76949$lut$aiger76948$3774.genblk1.genblk1.genblk1.genblk1.genblk1.genblk1.genblk1.lut6 (4 -> 3)
  Optimizing lut $abc$76949$lut$aiger76948$3774.genblk1.genblk1.genblk1.genblk1.genblk1.genblk1.genblk1.lut7 (4 -> 3)
  Optimizing lut $abc$76949$lut$aiger76948$3766.genblk1.genblk1.genblk1.genblk1.genblk1.lut1 (4 -> 0)
  Optimizing lut $abc$76949$lut$aiger76948$3762.genblk1.genblk1.genblk1.genblk1.genblk1.genblk1.lut1 (4 -> 0)
  Optimizing lut $abc$76949$lut$aiger76948$3762.genblk1.genblk1.genblk1.genblk1.genblk1.genblk1.lut2 (4 -> 3)
  Optimizing lut $abc$76949$lut$aiger76948$3762.genblk1.genblk1.genblk1.genblk1.genblk1.genblk1.lut3 (4 -> 3)
  Optimizing lut $abc$76949$lut$aiger76948$4096.genblk1.genblk1.genblk1.genblk1.genblk1.genblk1.lut2 (4 -> 0)
  Optimizing lut $abc$76949$lut$aiger76948$4078.genblk1.genblk1.genblk1.genblk1.genblk1.genblk1.genblk1.lut1 (4 -> 3)
  Optimizing lut $abc$76949$lut$aiger76948$4078.genblk1.genblk1.genblk1.genblk1.genblk1.genblk1.genblk1.lut2 (4 -> 0)
  Optimizing lut $abc$76949$lut$aiger76948$4078.genblk1.genblk1.genblk1.genblk1.genblk1.genblk1.genblk1.lut3 (4 -> 0)
  Optimizing lut $abc$76949$lut$aiger76948$4078.genblk1.genblk1.genblk1.genblk1.genblk1.genblk1.genblk1.lut4 (4 -> 0)
  Optimizing lut $abc$76949$lut$aiger76948$4078.genblk1.genblk1.genblk1.genblk1.genblk1.genblk1.genblk1.lut5 (4 -> 0)
  Optimizing lut $abc$76949$lut$aiger76948$4078.genblk1.genblk1.genblk1.genblk1.genblk1.genblk1.genblk1.lut6 (4 -> 3)
  Optimizing lut $abc$76949$lut$aiger76948$4078.genblk1.genblk1.genblk1.genblk1.genblk1.genblk1.genblk1.lut7 (4 -> 0)
  Optimizing lut $abc$76949$lut$aiger76948$4067.genblk1.genblk1.genblk1.genblk1.genblk1.genblk1.genblk1.lut1 (4 -> 0)
  Optimizing lut $abc$76949$lut$aiger76948$4067.genblk1.genblk1.genblk1.genblk1.genblk1.genblk1.genblk1.lut2 (4 -> 0)
  Optimizing lut $abc$76949$lut$aiger76948$4067.genblk1.genblk1.genblk1.genblk1.genblk1.genblk1.genblk1.lut3 (4 -> 0)
  Optimizing lut $abc$76949$lut$aiger76948$4067.genblk1.genblk1.genblk1.genblk1.genblk1.genblk1.genblk1.lut4 (4 -> 3)
  Optimizing lut $abc$76949$lut$aiger76948$4067.genblk1.genblk1.genblk1.genblk1.genblk1.genblk1.genblk1.lut5 (4 -> 0)
  Optimizing lut $abc$76949$lut$aiger76948$4067.genblk1.genblk1.genblk1.genblk1.genblk1.genblk1.genblk1.lut6 (4 -> 0)
  Optimizing lut $abc$76949$lut$aiger76948$4067.genblk1.genblk1.genblk1.genblk1.genblk1.genblk1.genblk1.lut7 (4 -> 0)
  Optimizing lut $abc$76949$lut$aiger76948$4056.genblk1.genblk1.genblk1.genblk1.genblk1.genblk1.genblk1.lut2 (4 -> 0)
  Optimizing lut $abc$76949$lut$aiger76948$4056.genblk1.genblk1.genblk1.genblk1.genblk1.genblk1.genblk1.lut3 (4 -> 3)
  Optimizing lut $abc$76949$lut$aiger76948$4056.genblk1.genblk1.genblk1.genblk1.genblk1.genblk1.genblk1.lut4 (4 -> 3)
  Optimizing lut $abc$76949$lut$aiger76948$4056.genblk1.genblk1.genblk1.genblk1.genblk1.genblk1.genblk1.lut5 (4 -> 0)
  Optimizing lut $abc$76949$lut$aiger76948$4056.genblk1.genblk1.genblk1.genblk1.genblk1.genblk1.genblk1.lut6 (4 -> 0)
  Optimizing lut $abc$76949$lut$aiger76948$4056.genblk1.genblk1.genblk1.genblk1.genblk1.genblk1.genblk1.lut7 (4 -> 0)
  Optimizing lut $abc$76949$lut$aiger76948$4045.genblk1.genblk1.genblk1.genblk1.genblk1.genblk1.genblk1.lut1 (4 -> 0)
  Optimizing lut $abc$76949$lut$aiger76948$4045.genblk1.genblk1.genblk1.genblk1.genblk1.genblk1.genblk1.lut2 (4 -> 0)
  Optimizing lut $abc$76949$lut$aiger76948$4045.genblk1.genblk1.genblk1.genblk1.genblk1.genblk1.genblk1.lut3 (4 -> 0)
  Optimizing lut $abc$76949$lut$aiger76948$4045.genblk1.genblk1.genblk1.genblk1.genblk1.genblk1.genblk1.lut4 (4 -> 0)
  Optimizing lut $abc$76949$lut$aiger76948$4045.genblk1.genblk1.genblk1.genblk1.genblk1.genblk1.genblk1.lut5 (4 -> 3)
  Optimizing lut $abc$76949$lut$aiger76948$4045.genblk1.genblk1.genblk1.genblk1.genblk1.genblk1.genblk1.lut6 (4 -> 0)
  Optimizing lut $abc$76949$lut$aiger76948$4045.genblk1.genblk1.genblk1.genblk1.genblk1.genblk1.genblk1.lut7 (4 -> 0)
  Optimizing lut $abc$76949$lut$aiger76948$4037.genblk1.genblk1.genblk1.genblk1.genblk1.genblk1.genblk1.lut1 (4 -> 0)
  Optimizing lut $abc$76949$lut$aiger76948$4037.genblk1.genblk1.genblk1.genblk1.genblk1.genblk1.genblk1.lut2 (4 -> 0)
  Optimizing lut $abc$76949$lut$aiger76948$4037.genblk1.genblk1.genblk1.genblk1.genblk1.genblk1.genblk1.lut3 (4 -> 3)
  Optimizing lut $abc$76949$lut$aiger76948$4037.genblk1.genblk1.genblk1.genblk1.genblk1.genblk1.genblk1.lut4 (4 -> 1)
  Optimizing lut $abc$76949$lut$aiger76948$4037.genblk1.genblk1.genblk1.genblk1.genblk1.genblk1.genblk1.lut5 (4 -> 1)
  Optimizing lut $abc$76949$lut$aiger76948$4037.genblk1.genblk1.genblk1.genblk1.genblk1.genblk1.genblk1.lut6 (4 -> 1)
  Optimizing lut $abc$76949$lut$aiger76948$4030.genblk1.genblk1.genblk1.genblk1.genblk1.genblk1.lut1 (4 -> 0)
  Optimizing lut $abc$76949$lut$aiger76948$4030.genblk1.genblk1.genblk1.genblk1.genblk1.genblk1.lut2 (4 -> 0)
  Optimizing lut $abc$76949$lut$aiger76948$4021.genblk1.genblk1.genblk1.genblk1.genblk1.genblk1.genblk1.lut1 (4 -> 0)
  Optimizing lut $abc$76949$lut$aiger76948$4021.genblk1.genblk1.genblk1.genblk1.genblk1.genblk1.genblk1.lut2 (4 -> 3)
  Optimizing lut $abc$76949$lut$aiger76948$4021.genblk1.genblk1.genblk1.genblk1.genblk1.genblk1.genblk1.lut3 (4 -> 0)
  Optimizing lut $abc$76949$lut$aiger76948$4021.genblk1.genblk1.genblk1.genblk1.genblk1.genblk1.genblk1.lut4 (4 -> 0)
  Optimizing lut $abc$76949$lut$aiger76948$4021.genblk1.genblk1.genblk1.genblk1.genblk1.genblk1.genblk1.lut5 (4 -> 3)
  Optimizing lut $abc$76949$lut$aiger76948$4021.genblk1.genblk1.genblk1.genblk1.genblk1.genblk1.genblk1.lut6 (4 -> 0)
  Optimizing lut $abc$76949$lut$aiger76948$4021.genblk1.genblk1.genblk1.genblk1.genblk1.genblk1.genblk1.lut7 (4 -> 0)
  Optimizing lut $abc$76949$lut$aiger76948$4012.genblk1.genblk1.genblk1.genblk1.genblk1.genblk1.genblk1.lut1 (4 -> 0)
  Optimizing lut $abc$76949$lut$aiger76948$4012.genblk1.genblk1.genblk1.genblk1.genblk1.genblk1.genblk1.lut2 (4 -> 0)
  Optimizing lut $abc$76949$lut$aiger76948$4012.genblk1.genblk1.genblk1.genblk1.genblk1.genblk1.genblk1.lut3 (4 -> 0)
  Optimizing lut $abc$76949$lut$aiger76948$4012.genblk1.genblk1.genblk1.genblk1.genblk1.genblk1.genblk1.lut4 (4 -> 2)
  Optimizing lut $abc$76949$lut$aiger76948$4012.genblk1.genblk1.genblk1.genblk1.genblk1.genblk1.genblk1.lut5 (4 -> 0)
  Optimizing lut $abc$76949$lut$aiger76948$4012.genblk1.genblk1.genblk1.genblk1.genblk1.genblk1.genblk1.lut6 (4 -> 3)
  Optimizing lut $abc$76949$lut$aiger76948$4012.genblk1.genblk1.genblk1.genblk1.genblk1.genblk1.genblk1.lut7 (4 -> 0)
  Optimizing lut $abc$76949$lut$aiger76948$4002.genblk1.genblk1.genblk1.genblk1.genblk1.genblk1.genblk1.lut2 (4 -> 0)
  Optimizing lut $abc$76949$lut$aiger76948$4002.genblk1.genblk1.genblk1.genblk1.genblk1.genblk1.genblk1.lut3 (4 -> 3)
  Optimizing lut $abc$76949$lut$aiger76948$4002.genblk1.genblk1.genblk1.genblk1.genblk1.genblk1.genblk1.lut4 (4 -> 1)
  Optimizing lut $abc$76949$lut$aiger76948$4002.genblk1.genblk1.genblk1.genblk1.genblk1.genblk1.genblk1.lut5 (4 -> 1)
  Optimizing lut $abc$76949$lut$aiger76948$4002.genblk1.genblk1.genblk1.genblk1.genblk1.genblk1.genblk1.lut6 (4 -> 1)
  Optimizing lut $abc$76949$lut$aiger76948$3993.genblk1.genblk1.genblk1.genblk1.genblk1.genblk1.genblk1.lut1 (4 -> 0)
  Optimizing lut $abc$76949$lut$aiger76948$3993.genblk1.genblk1.genblk1.genblk1.genblk1.genblk1.genblk1.lut3 (4 -> 0)
  Optimizing lut $abc$76949$lut$aiger76948$3993.genblk1.genblk1.genblk1.genblk1.genblk1.genblk1.genblk1.lut4 (4 -> 0)
  Optimizing lut $abc$76949$lut$aiger76948$3993.genblk1.genblk1.genblk1.genblk1.genblk1.genblk1.genblk1.lut5 (4 -> 0)
  Optimizing lut $abc$76949$lut$aiger76948$3993.genblk1.genblk1.genblk1.genblk1.genblk1.genblk1.genblk1.lut6 (4 -> 0)
  Optimizing lut $abc$76949$lut$aiger76948$3993.genblk1.genblk1.genblk1.genblk1.genblk1.genblk1.genblk1.lut7 (4 -> 0)
  Optimizing lut $abc$76949$lut$aiger76948$3743.genblk1.genblk1.genblk1.genblk1.genblk1.genblk1.genblk1.lut2 (4 -> 0)
  Optimizing lut $abc$76949$lut$aiger76948$3743.genblk1.genblk1.genblk1.genblk1.genblk1.genblk1.genblk1.lut3 (4 -> 0)
  Optimizing lut $abc$76949$lut$aiger76948$3743.genblk1.genblk1.genblk1.genblk1.genblk1.genblk1.genblk1.lut4 (4 -> 0)
  Optimizing lut $abc$76949$lut$aiger76948$3743.genblk1.genblk1.genblk1.genblk1.genblk1.genblk1.genblk1.lut5 (4 -> 0)
  Optimizing lut $abc$76949$lut$aiger76948$3743.genblk1.genblk1.genblk1.genblk1.genblk1.genblk1.genblk1.lut6 (4 -> 0)
  Optimizing lut $abc$76949$lut$aiger76948$3737.genblk1.genblk1.genblk1.genblk1.genblk1.genblk1.genblk1.lut1 (4 -> 0)
  Optimizing lut $abc$76949$lut$aiger76948$3737.genblk1.genblk1.genblk1.genblk1.genblk1.genblk1.genblk1.lut2 (4 -> 0)
  Optimizing lut $abc$76949$lut$aiger76948$3737.genblk1.genblk1.genblk1.genblk1.genblk1.genblk1.genblk1.lut3 (4 -> 0)
  Optimizing lut $abc$76949$lut$aiger76948$3737.genblk1.genblk1.genblk1.genblk1.genblk1.genblk1.genblk1.lut4 (4 -> 0)
  Optimizing lut $abc$76949$lut$aiger76948$3737.genblk1.genblk1.genblk1.genblk1.genblk1.genblk1.genblk1.lut5 (4 -> 3)
  Optimizing lut $abc$76949$lut$aiger76948$3737.genblk1.genblk1.genblk1.genblk1.genblk1.genblk1.genblk1.lut6 (4 -> 0)
  Optimizing lut $abc$76949$lut$aiger76948$3737.genblk1.genblk1.genblk1.genblk1.genblk1.genblk1.genblk1.lut7 (4 -> 0)
  Optimizing lut $abc$76949$lut$aiger76948$3727.genblk1.genblk1.genblk1.genblk1.genblk1.genblk1.genblk1.lut2 (4 -> 3)
  Optimizing lut $abc$76949$lut$aiger76948$3727.genblk1.genblk1.genblk1.genblk1.genblk1.genblk1.genblk1.lut4 (4 -> 0)
  Optimizing lut $abc$76949$lut$aiger76948$3727.genblk1.genblk1.genblk1.genblk1.genblk1.genblk1.genblk1.lut5 (4 -> 0)
  Optimizing lut $abc$76949$lut$aiger76948$3727.genblk1.genblk1.genblk1.genblk1.genblk1.genblk1.genblk1.lut6 (4 -> 0)
  Optimizing lut $abc$76949$lut$aiger76948$3727.genblk1.genblk1.genblk1.genblk1.genblk1.genblk1.genblk1.lut7 (4 -> 0)
  Optimizing lut $abc$76949$lut$aiger76948$3718.genblk1.genblk1.genblk1.genblk1.genblk1.genblk1.genblk1.lut1 (4 -> 0)
  Optimizing lut $abc$76949$lut$aiger76948$3718.genblk1.genblk1.genblk1.genblk1.genblk1.genblk1.genblk1.lut2 (4 -> 0)
  Optimizing lut $abc$76949$lut$aiger76948$3718.genblk1.genblk1.genblk1.genblk1.genblk1.genblk1.genblk1.lut3 (4 -> 3)
  Optimizing lut $abc$76949$lut$aiger76948$3718.genblk1.genblk1.genblk1.genblk1.genblk1.genblk1.genblk1.lut4 (4 -> 0)
  Optimizing lut $abc$76949$lut$aiger76948$3718.genblk1.genblk1.genblk1.genblk1.genblk1.genblk1.genblk1.lut5 (4 -> 0)
  Optimizing lut $abc$76949$lut$aiger76948$3718.genblk1.genblk1.genblk1.genblk1.genblk1.genblk1.genblk1.lut6 (4 -> 3)
  Optimizing lut $abc$76949$lut$aiger76948$3718.genblk1.genblk1.genblk1.genblk1.genblk1.genblk1.genblk1.lut7 (4 -> 0)
  Optimizing lut $abc$76949$lut$aiger76948$3709.genblk1.genblk1.genblk1.genblk1.genblk1.lut1 (4 -> 0)
  Optimizing lut $abc$76949$lut$aiger76948$3705.genblk1.genblk1.genblk1.genblk1.genblk1.genblk1.genblk1.lut1 (4 -> 3)
  Optimizing lut $abc$76949$lut$aiger76948$3705.genblk1.genblk1.genblk1.genblk1.genblk1.genblk1.genblk1.lut2 (4 -> 0)
  Optimizing lut $abc$76949$lut$aiger76948$3705.genblk1.genblk1.genblk1.genblk1.genblk1.genblk1.genblk1.lut3 (4 -> 0)
  Optimizing lut $abc$76949$lut$aiger76948$3705.genblk1.genblk1.genblk1.genblk1.genblk1.genblk1.genblk1.lut4 (4 -> 0)
  Optimizing lut $abc$76949$lut$aiger76948$3705.genblk1.genblk1.genblk1.genblk1.genblk1.genblk1.genblk1.lut5 (4 -> 0)
  Optimizing lut $abc$76949$lut$aiger76948$3705.genblk1.genblk1.genblk1.genblk1.genblk1.genblk1.genblk1.lut6 (4 -> 3)
  Optimizing lut $abc$76949$lut$aiger76948$3705.genblk1.genblk1.genblk1.genblk1.genblk1.genblk1.genblk1.lut7 (4 -> 0)
  Optimizing lut $abc$76949$lut$aiger76948$3682.genblk1.genblk1.genblk1.genblk1.genblk1.genblk1.lut1 (4 -> 0)
  Optimizing lut $abc$76949$lut$aiger76948$3682.genblk1.genblk1.genblk1.genblk1.genblk1.genblk1.lut2 (4 -> 3)
  Optimizing lut $abc$76949$lut$aiger76948$3682.genblk1.genblk1.genblk1.genblk1.genblk1.genblk1.lut3 (4 -> 3)
  Optimizing lut $abc$76949$lut$aiger76948$3674.genblk1.genblk1.genblk1.genblk1.genblk1.genblk1.lut1 (4 -> 0)
  Optimizing lut $abc$76949$lut$aiger76948$3674.genblk1.genblk1.genblk1.genblk1.genblk1.genblk1.lut3 (4 -> 0)
  Optimizing lut $abc$76949$lut$aiger76948$3669.genblk1.genblk1.genblk1.genblk1.genblk1.genblk1.lut1 (4 -> 0)
  Optimizing lut $abc$76949$lut$aiger76948$3669.genblk1.genblk1.genblk1.genblk1.genblk1.genblk1.lut2 (4 -> 3)
  Optimizing lut $abc$76949$lut$aiger76948$3669.genblk1.genblk1.genblk1.genblk1.genblk1.genblk1.lut3 (4 -> 3)
  Optimizing lut $abc$76949$lut$aiger76948$3662.genblk1.genblk1.genblk1.genblk1.genblk1.genblk1.lut1 (4 -> 0)
  Optimizing lut $abc$76949$lut$aiger76948$3662.genblk1.genblk1.genblk1.genblk1.genblk1.genblk1.lut2 (4 -> 0)
  Optimizing lut $abc$76949$lut$aiger76948$3656.genblk1.genblk1.genblk1.genblk1.genblk1.genblk1.genblk1.lut1 (4 -> 0)
  Optimizing lut $abc$76949$lut$aiger76948$3656.genblk1.genblk1.genblk1.genblk1.genblk1.genblk1.genblk1.lut2 (4 -> 3)
  Optimizing lut $abc$76949$lut$aiger76948$3656.genblk1.genblk1.genblk1.genblk1.genblk1.genblk1.genblk1.lut3 (4 -> 0)
  Optimizing lut $abc$76949$lut$aiger76948$3656.genblk1.genblk1.genblk1.genblk1.genblk1.genblk1.genblk1.lut4 (4 -> 0)
  Optimizing lut $abc$76949$lut$aiger76948$3656.genblk1.genblk1.genblk1.genblk1.genblk1.genblk1.genblk1.lut5 (4 -> 3)
  Optimizing lut $abc$76949$lut$aiger76948$3656.genblk1.genblk1.genblk1.genblk1.genblk1.genblk1.genblk1.lut6 (4 -> 0)
  Optimizing lut $abc$76949$lut$aiger76948$3656.genblk1.genblk1.genblk1.genblk1.genblk1.genblk1.genblk1.lut7 (4 -> 0)
  Optimizing lut $abc$76949$lut$aiger76948$3645.genblk1.genblk1.genblk1.genblk1.genblk1.genblk1.genblk1.lut1 (4 -> 3)
  Optimizing lut $abc$76949$lut$aiger76948$3645.genblk1.genblk1.genblk1.genblk1.genblk1.genblk1.genblk1.lut2 (4 -> 0)
  Optimizing lut $abc$76949$lut$aiger76948$3645.genblk1.genblk1.genblk1.genblk1.genblk1.genblk1.genblk1.lut3 (4 -> 0)
  Optimizing lut $abc$76949$lut$aiger76948$3645.genblk1.genblk1.genblk1.genblk1.genblk1.genblk1.genblk1.lut4 (4 -> 3)
  Optimizing lut $abc$76949$lut$aiger76948$3645.genblk1.genblk1.genblk1.genblk1.genblk1.genblk1.genblk1.lut5 (4 -> 0)
  Optimizing lut $abc$76949$lut$aiger76948$3645.genblk1.genblk1.genblk1.genblk1.genblk1.genblk1.genblk1.lut6 (4 -> 0)
  Optimizing lut $abc$76949$lut$aiger76948$3645.genblk1.genblk1.genblk1.genblk1.genblk1.genblk1.genblk1.lut7 (4 -> 0)
  Optimizing lut $abc$76949$lut$aiger76948$3636.genblk1.genblk1.genblk1.genblk1.genblk1.genblk1.genblk1.lut1 (4 -> 0)
  Optimizing lut $abc$76949$lut$aiger76948$3636.genblk1.genblk1.genblk1.genblk1.genblk1.genblk1.genblk1.lut2 (4 -> 0)
  Optimizing lut $abc$76949$lut$aiger76948$3636.genblk1.genblk1.genblk1.genblk1.genblk1.genblk1.genblk1.lut3 (4 -> 0)
  Optimizing lut $abc$76949$lut$aiger76948$3636.genblk1.genblk1.genblk1.genblk1.genblk1.genblk1.genblk1.lut4 (4 -> 3)
  Optimizing lut $abc$76949$lut$aiger76948$3636.genblk1.genblk1.genblk1.genblk1.genblk1.genblk1.genblk1.lut5 (4 -> 0)
  Optimizing lut $abc$76949$lut$aiger76948$3636.genblk1.genblk1.genblk1.genblk1.genblk1.genblk1.genblk1.lut6 (4 -> 0)
  Optimizing lut $abc$76949$lut$aiger76948$3636.genblk1.genblk1.genblk1.genblk1.genblk1.genblk1.genblk1.lut7 (4 -> 3)
  Optimizing lut $abc$76949$lut$aiger76948$3627.genblk1.genblk1.genblk1.genblk1.genblk1.genblk1.lut2 (4 -> 0)
  Optimizing lut $abc$76949$lut$aiger76948$3627.genblk1.genblk1.genblk1.genblk1.genblk1.genblk1.lut3 (4 -> 0)
  Optimizing lut $abc$76949$lut$aiger76948$3619.genblk1.genblk1.genblk1.genblk1.genblk1.genblk1.genblk1.lut1 (4 -> 0)
  Optimizing lut $abc$76949$lut$aiger76948$3619.genblk1.genblk1.genblk1.genblk1.genblk1.genblk1.genblk1.lut2 (4 -> 0)
  Optimizing lut $abc$76949$lut$aiger76948$3619.genblk1.genblk1.genblk1.genblk1.genblk1.genblk1.genblk1.lut3 (4 -> 3)
  Optimizing lut $abc$76949$lut$aiger76948$3619.genblk1.genblk1.genblk1.genblk1.genblk1.genblk1.genblk1.lut4 (4 -> 0)
  Optimizing lut $abc$76949$lut$aiger76948$3619.genblk1.genblk1.genblk1.genblk1.genblk1.genblk1.genblk1.lut5 (4 -> 0)
  Optimizing lut $abc$76949$lut$aiger76948$3619.genblk1.genblk1.genblk1.genblk1.genblk1.genblk1.genblk1.lut6 (4 -> 0)
  Optimizing lut $abc$76949$lut$aiger76948$3619.genblk1.genblk1.genblk1.genblk1.genblk1.genblk1.genblk1.lut7 (4 -> 0)
  Optimizing lut $abc$76949$lut$aiger76948$10635.genblk1.genblk1.genblk1.genblk1.genblk1.lut1 (4 -> 3)
  Optimizing lut $abc$76949$lut$aiger76948$4225.genblk1.genblk1.genblk1.genblk1.genblk1.genblk1.genblk1.lut2 (4 -> 0)
  Optimizing lut $abc$76949$lut$aiger76948$4225.genblk1.genblk1.genblk1.genblk1.genblk1.genblk1.genblk1.lut3 (4 -> 0)
  Optimizing lut $abc$76949$lut$aiger76948$4225.genblk1.genblk1.genblk1.genblk1.genblk1.genblk1.genblk1.lut4 (4 -> 0)
  Optimizing lut $abc$76949$lut$aiger76948$4225.genblk1.genblk1.genblk1.genblk1.genblk1.genblk1.genblk1.lut5 (4 -> 0)
  Optimizing lut $abc$76949$lut$aiger76948$4225.genblk1.genblk1.genblk1.genblk1.genblk1.genblk1.genblk1.lut6 (4 -> 0)
  Optimizing lut $abc$76949$lut$aiger76948$4219.genblk1.genblk1.genblk1.genblk1.genblk1.genblk1.lut1 (4 -> 0)
  Optimizing lut $abc$76949$lut$aiger76948$4219.genblk1.genblk1.genblk1.genblk1.genblk1.genblk1.lut2 (4 -> 3)
  Optimizing lut $abc$76949$lut$aiger76948$4219.genblk1.genblk1.genblk1.genblk1.genblk1.genblk1.lut3 (4 -> 3)
  Optimizing lut $abc$76949$lut$aiger76948$4213.genblk1.genblk1.genblk1.genblk1.genblk1.genblk1.genblk1.lut1 (4 -> 0)
  Optimizing lut $abc$76949$lut$aiger76948$4213.genblk1.genblk1.genblk1.genblk1.genblk1.genblk1.genblk1.lut2 (4 -> 0)
  Optimizing lut $abc$76949$lut$aiger76948$4213.genblk1.genblk1.genblk1.genblk1.genblk1.genblk1.genblk1.lut3 (4 -> 3)
  Optimizing lut $abc$76949$lut$aiger76948$4213.genblk1.genblk1.genblk1.genblk1.genblk1.genblk1.genblk1.lut4 (4 -> 0)
  Optimizing lut $abc$76949$lut$aiger76948$4213.genblk1.genblk1.genblk1.genblk1.genblk1.genblk1.genblk1.lut5 (4 -> 0)
  Optimizing lut $abc$76949$lut$aiger76948$4213.genblk1.genblk1.genblk1.genblk1.genblk1.genblk1.genblk1.lut6 (4 -> 3)
  Optimizing lut $abc$76949$lut$aiger76948$4213.genblk1.genblk1.genblk1.genblk1.genblk1.genblk1.genblk1.lut7 (4 -> 0)
  Optimizing lut $abc$76949$lut$aiger76948$4203.genblk1.genblk1.genblk1.genblk1.genblk1.genblk1.genblk1.lut1 (4 -> 0)
  Optimizing lut $abc$76949$lut$aiger76948$4203.genblk1.genblk1.genblk1.genblk1.genblk1.genblk1.genblk1.lut2 (4 -> 0)
  Optimizing lut $abc$76949$lut$aiger76948$4203.genblk1.genblk1.genblk1.genblk1.genblk1.genblk1.genblk1.lut3 (4 -> 3)
  Optimizing lut $abc$76949$lut$aiger76948$4203.genblk1.genblk1.genblk1.genblk1.genblk1.genblk1.genblk1.lut4 (4 -> 0)
  Optimizing lut $abc$76949$lut$aiger76948$4203.genblk1.genblk1.genblk1.genblk1.genblk1.genblk1.genblk1.lut5 (4 -> 0)
  Optimizing lut $abc$76949$lut$aiger76948$4203.genblk1.genblk1.genblk1.genblk1.genblk1.genblk1.genblk1.lut6 (4 -> 3)
  Optimizing lut $abc$76949$lut$aiger76948$4203.genblk1.genblk1.genblk1.genblk1.genblk1.genblk1.genblk1.lut7 (4 -> 0)
  Optimizing lut $abc$76949$lut$aiger76948$4193.genblk1.genblk1.genblk1.genblk1.genblk1.genblk1.genblk1.lut1 (4 -> 3)
  Optimizing lut $abc$76949$lut$aiger76948$4193.genblk1.genblk1.genblk1.genblk1.genblk1.genblk1.genblk1.lut2 (4 -> 3)
  Optimizing lut $abc$76949$lut$aiger76948$4193.genblk1.genblk1.genblk1.genblk1.genblk1.genblk1.genblk1.lut4 (4 -> 0)
  Optimizing lut $abc$76949$lut$aiger76948$4193.genblk1.genblk1.genblk1.genblk1.genblk1.genblk1.genblk1.lut5 (4 -> 0)
  Optimizing lut $abc$76949$lut$aiger76948$4193.genblk1.genblk1.genblk1.genblk1.genblk1.genblk1.genblk1.lut6 (4 -> 0)
  Optimizing lut $abc$76949$lut$aiger76948$4193.genblk1.genblk1.genblk1.genblk1.genblk1.genblk1.genblk1.lut7 (4 -> 0)
  Optimizing lut $abc$76949$lut$aiger76948$4186.genblk1.genblk1.genblk1.genblk1.genblk1.genblk1.lut1 (4 -> 0)
  Optimizing lut $abc$76949$lut$aiger76948$4186.genblk1.genblk1.genblk1.genblk1.genblk1.genblk1.lut3 (4 -> 0)
  Optimizing lut $abc$76949$lut$aiger76948$4180.genblk1.genblk1.genblk1.genblk1.genblk1.lut1 (4 -> 0)
  Optimizing lut $abc$76949$lut$aiger76948$4176.genblk1.genblk1.genblk1.genblk1.genblk1.genblk1.lut1 (4 -> 0)
  Optimizing lut $abc$76949$lut$aiger76948$4176.genblk1.genblk1.genblk1.genblk1.genblk1.genblk1.lut2 (4 -> 3)
  Optimizing lut $abc$76949$lut$aiger76948$4176.genblk1.genblk1.genblk1.genblk1.genblk1.genblk1.lut3 (4 -> 3)
  Optimizing lut $abc$76949$lut$aiger76948$4166.genblk1.genblk1.genblk1.genblk1.genblk1.genblk1.lut2 (4 -> 3)
  Optimizing lut $abc$76949$lut$aiger76948$4166.genblk1.genblk1.genblk1.genblk1.genblk1.genblk1.lut3 (4 -> 3)
  Optimizing lut $abc$76949$lut$aiger76948$4158.genblk1.genblk1.genblk1.genblk1.genblk1.genblk1.lut1 (4 -> 0)
  Optimizing lut $abc$76949$lut$aiger76948$4158.genblk1.genblk1.genblk1.genblk1.genblk1.genblk1.lut2 (4 -> 0)
  Optimizing lut $abc$76949$lut$aiger76948$4152.genblk1.genblk1.genblk1.genblk1.genblk1.genblk1.lut1 (4 -> 0)
  Optimizing lut $abc$76949$lut$aiger76948$4152.genblk1.genblk1.genblk1.genblk1.genblk1.genblk1.lut2 (4 -> 3)
  Optimizing lut $abc$76949$lut$aiger76948$4152.genblk1.genblk1.genblk1.genblk1.genblk1.genblk1.lut3 (4 -> 3)
  Optimizing lut $abc$76949$lut$aiger76948$4144.genblk1.genblk1.genblk1.genblk1.genblk1.genblk1.genblk1.lut1 (4 -> 0)
  Optimizing lut $abc$76949$lut$aiger76948$4144.genblk1.genblk1.genblk1.genblk1.genblk1.genblk1.genblk1.lut2 (4 -> 0)
  Optimizing lut $abc$76949$lut$aiger76948$4144.genblk1.genblk1.genblk1.genblk1.genblk1.genblk1.genblk1.lut3 (4 -> 0)
  Optimizing lut $abc$76949$lut$aiger76948$4144.genblk1.genblk1.genblk1.genblk1.genblk1.genblk1.genblk1.lut4 (4 -> 0)
  Optimizing lut $abc$76949$lut$aiger76948$4144.genblk1.genblk1.genblk1.genblk1.genblk1.genblk1.genblk1.lut5 (4 -> 3)
  Optimizing lut $abc$76949$lut$aiger76948$4144.genblk1.genblk1.genblk1.genblk1.genblk1.genblk1.genblk1.lut6 (4 -> 0)
  Optimizing lut $abc$76949$lut$aiger76948$4144.genblk1.genblk1.genblk1.genblk1.genblk1.genblk1.genblk1.lut7 (4 -> 0)
  Optimizing lut $abc$76949$lut$aiger76948$4132.genblk1.genblk1.genblk1.genblk1.genblk1.genblk1.genblk1.lut2 (4 -> 0)
  Optimizing lut $abc$76949$lut$aiger76948$4132.genblk1.genblk1.genblk1.genblk1.genblk1.genblk1.genblk1.lut3 (4 -> 0)
  Optimizing lut $abc$76949$lut$aiger76948$4132.genblk1.genblk1.genblk1.genblk1.genblk1.genblk1.genblk1.lut4 (4 -> 0)
  Optimizing lut $abc$76949$lut$aiger76948$4132.genblk1.genblk1.genblk1.genblk1.genblk1.genblk1.genblk1.lut5 (4 -> 3)
  Optimizing lut $abc$76949$lut$aiger76948$4132.genblk1.genblk1.genblk1.genblk1.genblk1.genblk1.genblk1.lut6 (4 -> 3)
  Optimizing lut $abc$76949$lut$aiger76948$4132.genblk1.genblk1.genblk1.genblk1.genblk1.genblk1.genblk1.lut7 (4 -> 0)
  Optimizing lut $abc$76949$lut$aiger76948$4124.genblk1.genblk1.genblk1.genblk1.genblk1.genblk1.genblk1.lut1 (4 -> 0)
  Optimizing lut $abc$76949$lut$aiger76948$4124.genblk1.genblk1.genblk1.genblk1.genblk1.genblk1.genblk1.lut2 (4 -> 0)
  Optimizing lut $abc$76949$lut$aiger76948$4124.genblk1.genblk1.genblk1.genblk1.genblk1.genblk1.genblk1.lut3 (4 -> 0)
  Optimizing lut $abc$76949$lut$aiger76948$4124.genblk1.genblk1.genblk1.genblk1.genblk1.genblk1.genblk1.lut4 (4 -> 3)
  Optimizing lut $abc$76949$lut$aiger76948$4124.genblk1.genblk1.genblk1.genblk1.genblk1.genblk1.genblk1.lut5 (4 -> 0)
  Optimizing lut $abc$76949$lut$aiger76948$4124.genblk1.genblk1.genblk1.genblk1.genblk1.genblk1.genblk1.lut6 (4 -> 0)
  Optimizing lut $abc$76949$lut$aiger76948$4124.genblk1.genblk1.genblk1.genblk1.genblk1.genblk1.genblk1.lut7 (4 -> 3)
  Optimizing lut $abc$76949$lut$aiger76948$4114.genblk1.genblk1.genblk1.genblk1.genblk1.genblk1.genblk1.lut1 (4 -> 0)
  Optimizing lut $abc$76949$lut$aiger76948$4114.genblk1.genblk1.genblk1.genblk1.genblk1.genblk1.genblk1.lut2 (4 -> 3)
  Optimizing lut $abc$76949$lut$aiger76948$4114.genblk1.genblk1.genblk1.genblk1.genblk1.genblk1.genblk1.lut3 (4 -> 0)
  Optimizing lut $abc$76949$lut$aiger76948$4114.genblk1.genblk1.genblk1.genblk1.genblk1.genblk1.genblk1.lut4 (4 -> 3)
  Optimizing lut $abc$76949$lut$aiger76948$4114.genblk1.genblk1.genblk1.genblk1.genblk1.genblk1.genblk1.lut5 (4 -> 0)
  Optimizing lut $abc$76949$lut$aiger76948$4114.genblk1.genblk1.genblk1.genblk1.genblk1.genblk1.genblk1.lut6 (4 -> 0)
  Optimizing lut $abc$76949$lut$aiger76948$4114.genblk1.genblk1.genblk1.genblk1.genblk1.genblk1.genblk1.lut7 (4 -> 0)
  Optimizing lut $abc$76949$lut$aiger76948$4104.genblk1.genblk1.genblk1.genblk1.genblk1.genblk1.lut1 (4 -> 3)
  Optimizing lut $abc$76949$lut$aiger76948$4104.genblk1.genblk1.genblk1.genblk1.genblk1.genblk1.lut2 (4 -> 1)
  Optimizing lut $abc$76949$lut$aiger76948$3031.genblk1.genblk1.genblk1.genblk1.genblk1.genblk1.lut2 (4 -> 0)
  Optimizing lut $abc$76949$lut$aiger76948$3026.genblk1.genblk1.genblk1.genblk1.genblk1.genblk1.genblk1.lut1 (4 -> 0)
  Optimizing lut $abc$76949$lut$aiger76948$3026.genblk1.genblk1.genblk1.genblk1.genblk1.genblk1.genblk1.lut2 (4 -> 0)
  Optimizing lut $abc$76949$lut$aiger76948$3026.genblk1.genblk1.genblk1.genblk1.genblk1.genblk1.genblk1.lut3 (4 -> 0)
  Optimizing lut $abc$76949$lut$aiger76948$3026.genblk1.genblk1.genblk1.genblk1.genblk1.genblk1.genblk1.lut4 (4 -> 0)
  Optimizing lut $abc$76949$lut$aiger76948$3026.genblk1.genblk1.genblk1.genblk1.genblk1.genblk1.genblk1.lut5 (4 -> 3)
  Optimizing lut $abc$76949$lut$aiger76948$3026.genblk1.genblk1.genblk1.genblk1.genblk1.genblk1.genblk1.lut6 (4 -> 3)
  Optimizing lut $abc$76949$lut$aiger76948$3026.genblk1.genblk1.genblk1.genblk1.genblk1.genblk1.genblk1.lut7 (4 -> 0)
  Optimizing lut $abc$76949$lut$aiger76948$3016.genblk1.genblk1.genblk1.genblk1.genblk1.genblk1.genblk1.lut1 (4 -> 0)
  Optimizing lut $abc$76949$lut$aiger76948$3016.genblk1.genblk1.genblk1.genblk1.genblk1.genblk1.genblk1.lut2 (4 -> 3)
  Optimizing lut $abc$76949$lut$aiger76948$3016.genblk1.genblk1.genblk1.genblk1.genblk1.genblk1.genblk1.lut3 (4 -> 0)
  Optimizing lut $abc$76949$lut$aiger76948$3016.genblk1.genblk1.genblk1.genblk1.genblk1.genblk1.genblk1.lut4 (4 -> 0)
  Optimizing lut $abc$76949$lut$aiger76948$3016.genblk1.genblk1.genblk1.genblk1.genblk1.genblk1.genblk1.lut5 (4 -> 0)
  Optimizing lut $abc$76949$lut$aiger76948$3016.genblk1.genblk1.genblk1.genblk1.genblk1.genblk1.genblk1.lut6 (4 -> 0)
  Optimizing lut $abc$76949$lut$aiger76948$3016.genblk1.genblk1.genblk1.genblk1.genblk1.genblk1.genblk1.lut7 (4 -> 0)
  Optimizing lut $abc$76949$lut$aiger76948$3008.genblk1.genblk1.genblk1.genblk1.genblk1.genblk1.lut2 (4 -> 0)
  Optimizing lut $abc$76949$lut$aiger76948$3008.genblk1.genblk1.genblk1.genblk1.genblk1.genblk1.lut3 (4 -> 0)
  Optimizing lut $abc$76949$lut$aiger76948$3000.genblk1.genblk1.genblk1.genblk1.genblk1.genblk1.lut1 (4 -> 0)
  Optimizing lut $abc$76949$lut$aiger76948$3000.genblk1.genblk1.genblk1.genblk1.genblk1.genblk1.lut2 (4 -> 0)
  Optimizing lut $abc$76949$lut$aiger76948$2982.genblk1.genblk1.genblk1.genblk1.genblk1.genblk1.genblk1.lut1 (4 -> 0)
  Optimizing lut $abc$76949$lut$aiger76948$2982.genblk1.genblk1.genblk1.genblk1.genblk1.genblk1.genblk1.lut2 (4 -> 0)
  Optimizing lut $abc$76949$lut$aiger76948$2982.genblk1.genblk1.genblk1.genblk1.genblk1.genblk1.genblk1.lut3 (4 -> 0)
  Optimizing lut $abc$76949$lut$aiger76948$2982.genblk1.genblk1.genblk1.genblk1.genblk1.genblk1.genblk1.lut4 (4 -> 3)
  Optimizing lut $abc$76949$lut$aiger76948$2982.genblk1.genblk1.genblk1.genblk1.genblk1.genblk1.genblk1.lut5 (4 -> 0)
  Optimizing lut $abc$76949$lut$aiger76948$2982.genblk1.genblk1.genblk1.genblk1.genblk1.genblk1.genblk1.lut6 (4 -> 0)
  Optimizing lut $abc$76949$lut$aiger76948$2982.genblk1.genblk1.genblk1.genblk1.genblk1.genblk1.genblk1.lut7 (4 -> 0)
  Optimizing lut $abc$76949$lut$aiger76948$2962.genblk1.genblk1.genblk1.genblk1.genblk1.genblk1.genblk1.lut1 (4 -> 0)
  Optimizing lut $abc$76949$lut$aiger76948$2962.genblk1.genblk1.genblk1.genblk1.genblk1.genblk1.genblk1.lut2 (4 -> 0)
  Optimizing lut $abc$76949$lut$aiger76948$2962.genblk1.genblk1.genblk1.genblk1.genblk1.genblk1.genblk1.lut3 (4 -> 3)
  Optimizing lut $abc$76949$lut$aiger76948$2962.genblk1.genblk1.genblk1.genblk1.genblk1.genblk1.genblk1.lut4 (4 -> 0)
  Optimizing lut $abc$76949$lut$aiger76948$2962.genblk1.genblk1.genblk1.genblk1.genblk1.genblk1.genblk1.lut5 (4 -> 0)
  Optimizing lut $abc$76949$lut$aiger76948$2962.genblk1.genblk1.genblk1.genblk1.genblk1.genblk1.genblk1.lut6 (4 -> 3)
  Optimizing lut $abc$76949$lut$aiger76948$2962.genblk1.genblk1.genblk1.genblk1.genblk1.genblk1.genblk1.lut7 (4 -> 0)
  Optimizing lut $abc$76949$lut$aiger76948$2939.genblk1.genblk1.genblk1.genblk1.genblk1.genblk1.lut1 (4 -> 0)
  Optimizing lut $abc$76949$lut$aiger76948$2939.genblk1.genblk1.genblk1.genblk1.genblk1.genblk1.lut2 (4 -> 3)
  Optimizing lut $abc$76949$lut$aiger76948$2939.genblk1.genblk1.genblk1.genblk1.genblk1.genblk1.lut3 (4 -> 3)
  Optimizing lut $abc$76949$lut$aiger76948$2931.genblk1.genblk1.genblk1.genblk1.genblk1.genblk1.lut1 (4 -> 0)
  Optimizing lut $abc$76949$lut$aiger76948$2931.genblk1.genblk1.genblk1.genblk1.genblk1.genblk1.lut2 (4 -> 3)
  Optimizing lut $abc$76949$lut$aiger76948$2931.genblk1.genblk1.genblk1.genblk1.genblk1.genblk1.lut3 (4 -> 3)
  Optimizing lut $abc$76949$lut$aiger76948$2922.genblk1.genblk1.genblk1.genblk1.genblk1.genblk1.genblk1.lut1 (4 -> 0)
  Optimizing lut $abc$76949$lut$aiger76948$2922.genblk1.genblk1.genblk1.genblk1.genblk1.genblk1.genblk1.lut2 (4 -> 0)
  Optimizing lut $abc$76949$lut$aiger76948$2922.genblk1.genblk1.genblk1.genblk1.genblk1.genblk1.genblk1.lut3 (4 -> 3)
  Optimizing lut $abc$76949$lut$aiger76948$2922.genblk1.genblk1.genblk1.genblk1.genblk1.genblk1.genblk1.lut4 (4 -> 0)
  Optimizing lut $abc$76949$lut$aiger76948$2922.genblk1.genblk1.genblk1.genblk1.genblk1.genblk1.genblk1.lut5 (4 -> 3)
  Optimizing lut $abc$76949$lut$aiger76948$2922.genblk1.genblk1.genblk1.genblk1.genblk1.genblk1.genblk1.lut6 (4 -> 0)
  Optimizing lut $abc$76949$lut$aiger76948$2922.genblk1.genblk1.genblk1.genblk1.genblk1.genblk1.genblk1.lut7 (4 -> 0)
  Optimizing lut $abc$76949$lut$aiger76948$2912.genblk1.genblk1.genblk1.genblk1.genblk1.genblk1.genblk1.lut1 (4 -> 3)
  Optimizing lut $abc$76949$lut$aiger76948$2912.genblk1.genblk1.genblk1.genblk1.genblk1.genblk1.genblk1.lut2 (4 -> 0)
  Optimizing lut $abc$76949$lut$aiger76948$2912.genblk1.genblk1.genblk1.genblk1.genblk1.genblk1.genblk1.lut3 (4 -> 0)
  Optimizing lut $abc$76949$lut$aiger76948$2912.genblk1.genblk1.genblk1.genblk1.genblk1.genblk1.genblk1.lut4 (4 -> 3)
  Optimizing lut $abc$76949$lut$aiger76948$2912.genblk1.genblk1.genblk1.genblk1.genblk1.genblk1.genblk1.lut5 (4 -> 0)
  Optimizing lut $abc$76949$lut$aiger76948$2912.genblk1.genblk1.genblk1.genblk1.genblk1.genblk1.genblk1.lut6 (4 -> 0)
  Optimizing lut $abc$76949$lut$aiger76948$2912.genblk1.genblk1.genblk1.genblk1.genblk1.genblk1.genblk1.lut7 (4 -> 0)
  Optimizing lut $abc$76949$lut$aiger76948$2895.genblk1.genblk1.genblk1.genblk1.genblk1.genblk1.lut2 (4 -> 0)
  Optimizing lut $abc$76949$lut$aiger76948$2895.genblk1.genblk1.genblk1.genblk1.genblk1.genblk1.lut3 (4 -> 0)
  Optimizing lut $abc$76949$lut$aiger76948$2890.genblk1.genblk1.genblk1.genblk1.genblk1.genblk1.genblk1.lut1 (4 -> 3)
  Optimizing lut $abc$76949$lut$aiger76948$2890.genblk1.genblk1.genblk1.genblk1.genblk1.genblk1.genblk1.lut2 (4 -> 0)
  Optimizing lut $abc$76949$lut$aiger76948$2890.genblk1.genblk1.genblk1.genblk1.genblk1.genblk1.genblk1.lut3 (4 -> 3)
  Optimizing lut $abc$76949$lut$aiger76948$2890.genblk1.genblk1.genblk1.genblk1.genblk1.genblk1.genblk1.lut4 (4 -> 0)
  Optimizing lut $abc$76949$lut$aiger76948$2890.genblk1.genblk1.genblk1.genblk1.genblk1.genblk1.genblk1.lut5 (4 -> 0)
  Optimizing lut $abc$76949$lut$aiger76948$2890.genblk1.genblk1.genblk1.genblk1.genblk1.genblk1.genblk1.lut6 (4 -> 0)
  Optimizing lut $abc$76949$lut$aiger76948$2890.genblk1.genblk1.genblk1.genblk1.genblk1.genblk1.genblk1.lut7 (4 -> 0)
  Optimizing lut $abc$76949$lut$aiger76948$5137.genblk1.genblk1.genblk1.genblk1.genblk1.genblk1.genblk1.lut2 (4 -> 1)
  Optimizing lut $abc$76949$lut$aiger76948$5137.genblk1.genblk1.genblk1.genblk1.genblk1.genblk1.genblk1.lut3 (4 -> 1)
  Optimizing lut $abc$76949$lut$aiger76948$5137.genblk1.genblk1.genblk1.genblk1.genblk1.genblk1.genblk1.lut4 (4 -> 1)
  Optimizing lut $abc$76949$lut$aiger76948$5137.genblk1.genblk1.genblk1.genblk1.genblk1.genblk1.genblk1.lut5 (4 -> 1)
  Optimizing lut $abc$76949$lut$aiger76948$5137.genblk1.genblk1.genblk1.genblk1.genblk1.genblk1.genblk1.lut6 (4 -> 1)
  Optimizing lut $abc$76949$lut$aiger76948$5126.genblk1.genblk1.genblk1.genblk1.genblk1.genblk1.lut1 (4 -> 0)
  Optimizing lut $abc$76949$lut$aiger76948$5126.genblk1.genblk1.genblk1.genblk1.genblk1.genblk1.lut2 (4 -> 3)
  Optimizing lut $abc$76949$lut$aiger76948$5126.genblk1.genblk1.genblk1.genblk1.genblk1.genblk1.lut3 (4 -> 3)
  Optimizing lut $abc$76949$lut$aiger76948$5120.genblk1.genblk1.genblk1.genblk1.genblk1.lut1 (4 -> 0)
  Optimizing lut $abc$76949$lut$aiger76948$5112.genblk1.genblk1.genblk1.genblk1.genblk1.genblk1.lut2 (4 -> 0)
  Optimizing lut $abc$76949$lut$aiger76948$5102.genblk1.genblk1.genblk1.genblk1.genblk1.genblk1.lut2 (4 -> 0)
  Optimizing lut $abc$76949$lut$aiger76948$5093.genblk1.genblk1.genblk1.genblk1.genblk1.genblk1.genblk1.lut1 (4 -> 0)
  Optimizing lut $abc$76949$lut$aiger76948$5093.genblk1.genblk1.genblk1.genblk1.genblk1.genblk1.genblk1.lut2 (4 -> 3)
  Optimizing lut $abc$76949$lut$aiger76948$5093.genblk1.genblk1.genblk1.genblk1.genblk1.genblk1.genblk1.lut3 (4 -> 0)
  Optimizing lut $abc$76949$lut$aiger76948$5093.genblk1.genblk1.genblk1.genblk1.genblk1.genblk1.genblk1.lut4 (4 -> 3)
  Optimizing lut $abc$76949$lut$aiger76948$5093.genblk1.genblk1.genblk1.genblk1.genblk1.genblk1.genblk1.lut5 (4 -> 0)
  Optimizing lut $abc$76949$lut$aiger76948$5093.genblk1.genblk1.genblk1.genblk1.genblk1.genblk1.genblk1.lut6 (4 -> 0)
  Optimizing lut $abc$76949$lut$aiger76948$5093.genblk1.genblk1.genblk1.genblk1.genblk1.genblk1.genblk1.lut7 (4 -> 0)
  Optimizing lut $abc$76949$lut$aiger76948$4457.genblk1.genblk1.genblk1.genblk1.genblk1.genblk1.genblk1.lut2 (4 -> 1)
  Optimizing lut $abc$76949$lut$aiger76948$4457.genblk1.genblk1.genblk1.genblk1.genblk1.genblk1.genblk1.lut3 (4 -> 1)
  Optimizing lut $abc$76949$lut$aiger76948$4457.genblk1.genblk1.genblk1.genblk1.genblk1.genblk1.genblk1.lut4 (4 -> 1)
  Optimizing lut $abc$76949$lut$aiger76948$4457.genblk1.genblk1.genblk1.genblk1.genblk1.genblk1.genblk1.lut5 (4 -> 1)
  Optimizing lut $abc$76949$lut$aiger76948$4457.genblk1.genblk1.genblk1.genblk1.genblk1.genblk1.genblk1.lut6 (4 -> 1)
  Optimizing lut $abc$76949$lut$aiger76948$5053.genblk1.genblk1.genblk1.genblk1.genblk1.genblk1.genblk1.lut2 (4 -> 1)
  Optimizing lut $abc$76949$lut$aiger76948$5053.genblk1.genblk1.genblk1.genblk1.genblk1.genblk1.genblk1.lut3 (4 -> 1)
  Optimizing lut $abc$76949$lut$aiger76948$5053.genblk1.genblk1.genblk1.genblk1.genblk1.genblk1.genblk1.lut4 (4 -> 1)
  Optimizing lut $abc$76949$lut$aiger76948$5053.genblk1.genblk1.genblk1.genblk1.genblk1.genblk1.genblk1.lut5 (4 -> 1)
  Optimizing lut $abc$76949$lut$aiger76948$5053.genblk1.genblk1.genblk1.genblk1.genblk1.genblk1.genblk1.lut6 (4 -> 1)
  Optimizing lut $abc$76949$lut$aiger76948$5036.genblk1.genblk1.genblk1.genblk1.genblk1.genblk1.genblk1.lut1 (4 -> 0)
  Optimizing lut $abc$76949$lut$aiger76948$5036.genblk1.genblk1.genblk1.genblk1.genblk1.genblk1.genblk1.lut2 (4 -> 0)
  Optimizing lut $abc$76949$lut$aiger76948$5036.genblk1.genblk1.genblk1.genblk1.genblk1.genblk1.genblk1.lut3 (4 -> 3)
  Optimizing lut $abc$76949$lut$aiger76948$5036.genblk1.genblk1.genblk1.genblk1.genblk1.genblk1.genblk1.lut4 (4 -> 0)
  Optimizing lut $abc$76949$lut$aiger76948$5036.genblk1.genblk1.genblk1.genblk1.genblk1.genblk1.genblk1.lut5 (4 -> 3)
  Optimizing lut $abc$76949$lut$aiger76948$5036.genblk1.genblk1.genblk1.genblk1.genblk1.genblk1.genblk1.lut6 (4 -> 0)
  Optimizing lut $abc$76949$lut$aiger76948$5036.genblk1.genblk1.genblk1.genblk1.genblk1.genblk1.genblk1.lut7 (4 -> 0)
  Optimizing lut $abc$76949$lut$aiger76948$5014.genblk1.genblk1.genblk1.genblk1.genblk1.genblk1.genblk1.lut1 (4 -> 0)
  Optimizing lut $abc$76949$lut$aiger76948$5014.genblk1.genblk1.genblk1.genblk1.genblk1.genblk1.genblk1.lut2 (4 -> 0)
  Optimizing lut $abc$76949$lut$aiger76948$5014.genblk1.genblk1.genblk1.genblk1.genblk1.genblk1.genblk1.lut3 (4 -> 3)
  Optimizing lut $abc$76949$lut$aiger76948$5014.genblk1.genblk1.genblk1.genblk1.genblk1.genblk1.genblk1.lut4 (4 -> 0)
  Optimizing lut $abc$76949$lut$aiger76948$5014.genblk1.genblk1.genblk1.genblk1.genblk1.genblk1.genblk1.lut5 (4 -> 3)
  Optimizing lut $abc$76949$lut$aiger76948$5014.genblk1.genblk1.genblk1.genblk1.genblk1.genblk1.genblk1.lut6 (4 -> 0)
  Optimizing lut $abc$76949$lut$aiger76948$5014.genblk1.genblk1.genblk1.genblk1.genblk1.genblk1.genblk1.lut7 (4 -> 0)
  Optimizing lut $abc$76949$lut$aiger76948$4994.genblk1.genblk1.genblk1.genblk1.genblk1.genblk1.genblk1.lut1 (4 -> 0)
  Optimizing lut $abc$76949$lut$aiger76948$4994.genblk1.genblk1.genblk1.genblk1.genblk1.genblk1.genblk1.lut2 (4 -> 0)
  Optimizing lut $abc$76949$lut$aiger76948$4994.genblk1.genblk1.genblk1.genblk1.genblk1.genblk1.genblk1.lut3 (4 -> 0)
  Optimizing lut $abc$76949$lut$aiger76948$4994.genblk1.genblk1.genblk1.genblk1.genblk1.genblk1.genblk1.lut4 (4 -> 3)
  Optimizing lut $abc$76949$lut$aiger76948$4994.genblk1.genblk1.genblk1.genblk1.genblk1.genblk1.genblk1.lut5 (4 -> 0)
  Optimizing lut $abc$76949$lut$aiger76948$4994.genblk1.genblk1.genblk1.genblk1.genblk1.genblk1.genblk1.lut6 (4 -> 3)
  Optimizing lut $abc$76949$lut$aiger76948$4994.genblk1.genblk1.genblk1.genblk1.genblk1.genblk1.genblk1.lut7 (4 -> 0)
  Optimizing lut $abc$76949$lut$aiger76948$4972.genblk1.genblk1.genblk1.genblk1.genblk1.genblk1.lut2 (4 -> 0)
  Optimizing lut $abc$76949$lut$aiger76948$4972.genblk1.genblk1.genblk1.genblk1.genblk1.genblk1.lut3 (4 -> 0)
  Optimizing lut $abc$76949$lut$aiger76948$4967.genblk1.genblk1.genblk1.genblk1.genblk1.genblk1.genblk1.lut1 (4 -> 0)
  Optimizing lut $abc$76949$lut$aiger76948$4967.genblk1.genblk1.genblk1.genblk1.genblk1.genblk1.genblk1.lut2 (4 -> 3)
  Optimizing lut $abc$76949$lut$aiger76948$4967.genblk1.genblk1.genblk1.genblk1.genblk1.genblk1.genblk1.lut3 (4 -> 0)
  Optimizing lut $abc$76949$lut$aiger76948$4967.genblk1.genblk1.genblk1.genblk1.genblk1.genblk1.genblk1.lut4 (4 -> 0)
  Optimizing lut $abc$76949$lut$aiger76948$4967.genblk1.genblk1.genblk1.genblk1.genblk1.genblk1.genblk1.lut5 (4 -> 3)
  Optimizing lut $abc$76949$lut$aiger76948$4967.genblk1.genblk1.genblk1.genblk1.genblk1.genblk1.genblk1.lut6 (4 -> 0)
  Optimizing lut $abc$76949$lut$aiger76948$4967.genblk1.genblk1.genblk1.genblk1.genblk1.genblk1.genblk1.lut7 (4 -> 0)
  Optimizing lut $abc$76949$lut$aiger76948$4879.genblk1.genblk1.genblk1.genblk1.genblk1.genblk1.genblk1.lut2 (4 -> 0)
  Optimizing lut $abc$76949$lut$aiger76948$4879.genblk1.genblk1.genblk1.genblk1.genblk1.genblk1.genblk1.lut3 (4 -> 0)
  Optimizing lut $abc$76949$lut$aiger76948$4879.genblk1.genblk1.genblk1.genblk1.genblk1.genblk1.genblk1.lut4 (4 -> 0)
  Optimizing lut $abc$76949$lut$aiger76948$4879.genblk1.genblk1.genblk1.genblk1.genblk1.genblk1.genblk1.lut5 (4 -> 0)
  Optimizing lut $abc$76949$lut$aiger76948$4879.genblk1.genblk1.genblk1.genblk1.genblk1.genblk1.genblk1.lut6 (4 -> 0)
  Optimizing lut $abc$76949$lut$aiger76948$4873.genblk1.genblk1.genblk1.genblk1.genblk1.genblk1.genblk1.lut1 (4 -> 0)
  Optimizing lut $abc$76949$lut$aiger76948$4873.genblk1.genblk1.genblk1.genblk1.genblk1.genblk1.genblk1.lut2 (4 -> 3)
  Optimizing lut $abc$76949$lut$aiger76948$4873.genblk1.genblk1.genblk1.genblk1.genblk1.genblk1.genblk1.lut3 (4 -> 0)
  Optimizing lut $abc$76949$lut$aiger76948$4873.genblk1.genblk1.genblk1.genblk1.genblk1.genblk1.genblk1.lut4 (4 -> 0)
  Optimizing lut $abc$76949$lut$aiger76948$4873.genblk1.genblk1.genblk1.genblk1.genblk1.genblk1.genblk1.lut5 (4 -> 0)
  Optimizing lut $abc$76949$lut$aiger76948$4873.genblk1.genblk1.genblk1.genblk1.genblk1.genblk1.genblk1.lut6 (4 -> 3)
  Optimizing lut $abc$76949$lut$aiger76948$4873.genblk1.genblk1.genblk1.genblk1.genblk1.genblk1.genblk1.lut7 (4 -> 0)
  Optimizing lut $abc$76949$lut$aiger76948$4865.genblk1.genblk1.genblk1.genblk1.genblk1.genblk1.genblk1.lut1 (4 -> 0)
  Optimizing lut $abc$76949$lut$aiger76948$4865.genblk1.genblk1.genblk1.genblk1.genblk1.genblk1.genblk1.lut2 (4 -> 0)
  Optimizing lut $abc$76949$lut$aiger76948$4865.genblk1.genblk1.genblk1.genblk1.genblk1.genblk1.genblk1.lut3 (4 -> 0)
  Optimizing lut $abc$76949$lut$aiger76948$4865.genblk1.genblk1.genblk1.genblk1.genblk1.genblk1.genblk1.lut4 (4 -> 0)
  Optimizing lut $abc$76949$lut$aiger76948$4865.genblk1.genblk1.genblk1.genblk1.genblk1.genblk1.genblk1.lut5 (4 -> 3)
  Optimizing lut $abc$76949$lut$aiger76948$4865.genblk1.genblk1.genblk1.genblk1.genblk1.genblk1.genblk1.lut6 (4 -> 0)
  Optimizing lut $abc$76949$lut$aiger76948$4865.genblk1.genblk1.genblk1.genblk1.genblk1.genblk1.genblk1.lut7 (4 -> 0)
  Optimizing lut $abc$76949$lut$aiger76948$4857.genblk1.genblk1.genblk1.genblk1.genblk1.genblk1.lut1 (4 -> 3)
  Optimizing lut $abc$76949$lut$aiger76948$4857.genblk1.genblk1.genblk1.genblk1.genblk1.genblk1.lut2 (4 -> 3)
  Optimizing lut $abc$76949$lut$aiger76948$4852.genblk1.genblk1.genblk1.genblk1.genblk1.lut1 (4 -> 0)
  Optimizing lut $abc$76949$lut$aiger76948$4843.genblk1.genblk1.genblk1.genblk1.genblk1.genblk1.lut1 (4 -> 0)
  Optimizing lut $abc$76949$lut$aiger76948$4843.genblk1.genblk1.genblk1.genblk1.genblk1.genblk1.lut2 (4 -> 3)
  Optimizing lut $abc$76949$lut$aiger76948$4843.genblk1.genblk1.genblk1.genblk1.genblk1.genblk1.lut3 (4 -> 3)
  Optimizing lut $abc$76949$lut$aiger76948$4833.genblk1.genblk1.genblk1.genblk1.genblk1.genblk1.lut3 (4 -> 0)
  Optimizing lut $abc$76949$lut$aiger76948$4823.genblk1.genblk1.genblk1.genblk1.genblk1.genblk1.genblk1.lut1 (4 -> 0)
  Optimizing lut $abc$76949$lut$aiger76948$4823.genblk1.genblk1.genblk1.genblk1.genblk1.genblk1.genblk1.lut2 (4 -> 0)
  Optimizing lut $abc$76949$lut$aiger76948$4823.genblk1.genblk1.genblk1.genblk1.genblk1.genblk1.genblk1.lut3 (4 -> 3)
  Optimizing lut $abc$76949$lut$aiger76948$4823.genblk1.genblk1.genblk1.genblk1.genblk1.genblk1.genblk1.lut4 (4 -> 0)
  Optimizing lut $abc$76949$lut$aiger76948$4823.genblk1.genblk1.genblk1.genblk1.genblk1.genblk1.genblk1.lut5 (4 -> 0)
  Optimizing lut $abc$76949$lut$aiger76948$4823.genblk1.genblk1.genblk1.genblk1.genblk1.genblk1.genblk1.lut6 (4 -> 0)
  Optimizing lut $abc$76949$lut$aiger76948$4823.genblk1.genblk1.genblk1.genblk1.genblk1.genblk1.genblk1.lut7 (4 -> 0)
  Optimizing lut $abc$76949$lut$aiger76948$4813.genblk1.genblk1.genblk1.genblk1.genblk1.genblk1.genblk1.lut1 (4 -> 0)
  Optimizing lut $abc$76949$lut$aiger76948$4813.genblk1.genblk1.genblk1.genblk1.genblk1.genblk1.genblk1.lut2 (4 -> 2)
  Optimizing lut $abc$76949$lut$aiger76948$4813.genblk1.genblk1.genblk1.genblk1.genblk1.genblk1.genblk1.lut3 (4 -> 2)
  Optimizing lut $abc$76949$lut$aiger76948$4813.genblk1.genblk1.genblk1.genblk1.genblk1.genblk1.genblk1.lut4 (4 -> 1)
  Optimizing lut $abc$76949$lut$aiger76948$4813.genblk1.genblk1.genblk1.genblk1.genblk1.genblk1.genblk1.lut5 (4 -> 1)
  Optimizing lut $abc$76949$lut$aiger76948$4813.genblk1.genblk1.genblk1.genblk1.genblk1.genblk1.genblk1.lut6 (4 -> 3)
  Optimizing lut $abc$76949$lut$aiger76948$4813.genblk1.genblk1.genblk1.genblk1.genblk1.genblk1.genblk1.lut7 (4 -> 3)
  Optimizing lut $abc$76949$lut$aiger76948$4806.genblk1.genblk1.genblk1.genblk1.genblk1.genblk1.lut1 (4 -> 0)
  Optimizing lut $abc$76949$lut$aiger76948$4806.genblk1.genblk1.genblk1.genblk1.genblk1.genblk1.lut2 (4 -> 0)
  Optimizing lut $abc$76949$lut$aiger76948$4801.genblk1.genblk1.genblk1.genblk1.genblk1.genblk1.lut1 (4 -> 0)
  Optimizing lut $abc$76949$lut$aiger76948$4801.genblk1.genblk1.genblk1.genblk1.genblk1.genblk1.lut2 (4 -> 3)
  Optimizing lut $abc$76949$lut$aiger76948$4801.genblk1.genblk1.genblk1.genblk1.genblk1.genblk1.lut3 (4 -> 3)
  Optimizing lut $abc$76949$lut$aiger76948$4952.genblk1.genblk1.genblk1.genblk1.genblk1.genblk1.genblk1.lut2 (4 -> 1)
  Optimizing lut $abc$76949$lut$aiger76948$4952.genblk1.genblk1.genblk1.genblk1.genblk1.genblk1.genblk1.lut3 (4 -> 1)
  Optimizing lut $abc$76949$lut$aiger76948$4952.genblk1.genblk1.genblk1.genblk1.genblk1.genblk1.genblk1.lut4 (4 -> 1)
  Optimizing lut $abc$76949$lut$aiger76948$4952.genblk1.genblk1.genblk1.genblk1.genblk1.genblk1.genblk1.lut5 (4 -> 1)
  Optimizing lut $abc$76949$lut$aiger76948$4952.genblk1.genblk1.genblk1.genblk1.genblk1.genblk1.genblk1.lut6 (4 -> 1)
  Optimizing lut $abc$76949$lut$aiger76948$4941.genblk1.genblk1.genblk1.genblk1.genblk1.genblk1.lut1 (4 -> 0)
  Optimizing lut $abc$76949$lut$aiger76948$4941.genblk1.genblk1.genblk1.genblk1.genblk1.genblk1.lut2 (4 -> 3)
  Optimizing lut $abc$76949$lut$aiger76948$4941.genblk1.genblk1.genblk1.genblk1.genblk1.genblk1.lut3 (4 -> 3)
  Optimizing lut $abc$76949$lut$aiger76948$4904.genblk1.genblk1.genblk1.genblk1.genblk1.genblk1.lut1 (4 -> 0)
  Optimizing lut $abc$76949$lut$aiger76948$4904.genblk1.genblk1.genblk1.genblk1.genblk1.genblk1.lut2 (4 -> 3)
  Optimizing lut $abc$76949$lut$aiger76948$4904.genblk1.genblk1.genblk1.genblk1.genblk1.genblk1.lut3 (4 -> 3)
  Optimizing lut $abc$76949$lut$aiger76948$4659.genblk1.genblk1.genblk1.genblk1.genblk1.genblk1.genblk1.lut2 (4 -> 0)
  Optimizing lut $abc$76949$lut$aiger76948$4659.genblk1.genblk1.genblk1.genblk1.genblk1.genblk1.genblk1.lut3 (4 -> 0)
  Optimizing lut $abc$76949$lut$aiger76948$4659.genblk1.genblk1.genblk1.genblk1.genblk1.genblk1.genblk1.lut4 (4 -> 0)
  Optimizing lut $abc$76949$lut$aiger76948$4659.genblk1.genblk1.genblk1.genblk1.genblk1.genblk1.genblk1.lut5 (4 -> 0)
  Optimizing lut $abc$76949$lut$aiger76948$4659.genblk1.genblk1.genblk1.genblk1.genblk1.genblk1.genblk1.lut6 (4 -> 0)
  Optimizing lut $abc$76949$lut$aiger76948$4641.genblk1.genblk1.genblk1.genblk1.genblk1.genblk1.genblk1.lut1 (4 -> 0)
  Optimizing lut $abc$76949$lut$aiger76948$4641.genblk1.genblk1.genblk1.genblk1.genblk1.genblk1.genblk1.lut2 (4 -> 3)
  Optimizing lut $abc$76949$lut$aiger76948$4641.genblk1.genblk1.genblk1.genblk1.genblk1.genblk1.genblk1.lut3 (4 -> 0)
  Optimizing lut $abc$76949$lut$aiger76948$4641.genblk1.genblk1.genblk1.genblk1.genblk1.genblk1.genblk1.lut4 (4 -> 0)
  Optimizing lut $abc$76949$lut$aiger76948$4641.genblk1.genblk1.genblk1.genblk1.genblk1.genblk1.genblk1.lut5 (4 -> 0)
  Optimizing lut $abc$76949$lut$aiger76948$4641.genblk1.genblk1.genblk1.genblk1.genblk1.genblk1.genblk1.lut6 (4 -> 0)
  Optimizing lut $abc$76949$lut$aiger76948$4641.genblk1.genblk1.genblk1.genblk1.genblk1.genblk1.genblk1.lut7 (4 -> 0)
  Optimizing lut $abc$76949$lut$aiger76948$4633.genblk1.genblk1.genblk1.genblk1.genblk1.lut1 (4 -> 0)
  Optimizing lut $abc$76949$lut$aiger76948$4626.genblk1.genblk1.genblk1.genblk1.genblk1.genblk1.genblk1.lut2 (4 -> 0)
  Optimizing lut $abc$76949$lut$aiger76948$4626.genblk1.genblk1.genblk1.genblk1.genblk1.genblk1.genblk1.lut3 (4 -> 3)
  Optimizing lut $abc$76949$lut$aiger76948$4626.genblk1.genblk1.genblk1.genblk1.genblk1.genblk1.genblk1.lut4 (4 -> 3)
  Optimizing lut $abc$76949$lut$aiger76948$4626.genblk1.genblk1.genblk1.genblk1.genblk1.genblk1.genblk1.lut5 (4 -> 0)
  Optimizing lut $abc$76949$lut$aiger76948$4626.genblk1.genblk1.genblk1.genblk1.genblk1.genblk1.genblk1.lut6 (4 -> 0)
  Optimizing lut $abc$76949$lut$aiger76948$4626.genblk1.genblk1.genblk1.genblk1.genblk1.genblk1.genblk1.lut7 (4 -> 0)
  Optimizing lut $abc$76949$lut$aiger76948$4612.genblk1.genblk1.genblk1.genblk1.genblk1.genblk1.lut1 (4 -> 0)
  Optimizing lut $abc$76949$lut$aiger76948$4612.genblk1.genblk1.genblk1.genblk1.genblk1.genblk1.lut2 (4 -> 0)
  Optimizing lut $abc$76949$lut$aiger76948$4606.genblk1.genblk1.genblk1.genblk1.genblk1.genblk1.lut1 (4 -> 0)
  Optimizing lut $abc$76949$lut$aiger76948$4606.genblk1.genblk1.genblk1.genblk1.genblk1.genblk1.lut2 (4 -> 3)
  Optimizing lut $abc$76949$lut$aiger76948$4606.genblk1.genblk1.genblk1.genblk1.genblk1.genblk1.lut3 (4 -> 3)
  Optimizing lut $abc$76949$lut$aiger76948$4598.genblk1.genblk1.genblk1.genblk1.genblk1.genblk1.genblk1.lut1 (4 -> 0)
  Optimizing lut $abc$76949$lut$aiger76948$4598.genblk1.genblk1.genblk1.genblk1.genblk1.genblk1.genblk1.lut2 (4 -> 0)
  Optimizing lut $abc$76949$lut$aiger76948$4598.genblk1.genblk1.genblk1.genblk1.genblk1.genblk1.genblk1.lut3 (4 -> 0)
  Optimizing lut $abc$76949$lut$aiger76948$4598.genblk1.genblk1.genblk1.genblk1.genblk1.genblk1.genblk1.lut4 (4 -> 0)
  Optimizing lut $abc$76949$lut$aiger76948$4598.genblk1.genblk1.genblk1.genblk1.genblk1.genblk1.genblk1.lut5 (4 -> 3)
  Optimizing lut $abc$76949$lut$aiger76948$4598.genblk1.genblk1.genblk1.genblk1.genblk1.genblk1.genblk1.lut6 (4 -> 3)
  Optimizing lut $abc$76949$lut$aiger76948$4598.genblk1.genblk1.genblk1.genblk1.genblk1.genblk1.genblk1.lut7 (4 -> 0)
  Optimizing lut $abc$76949$lut$aiger76948$4590.genblk1.genblk1.genblk1.genblk1.genblk1.genblk1.lut1 (4 -> 0)
  Optimizing lut $abc$76949$lut$aiger76948$4590.genblk1.genblk1.genblk1.genblk1.genblk1.genblk1.lut3 (4 -> 0)
  Optimizing lut $abc$76949$lut$aiger76948$4584.genblk1.genblk1.genblk1.genblk1.genblk1.genblk1.genblk1.lut2 (4 -> 2)
  Optimizing lut $abc$76949$lut$aiger76948$4584.genblk1.genblk1.genblk1.genblk1.genblk1.genblk1.genblk1.lut3 (4 -> 0)
  Optimizing lut $abc$76949$lut$aiger76948$4584.genblk1.genblk1.genblk1.genblk1.genblk1.genblk1.genblk1.lut4 (4 -> 2)
  Optimizing lut $abc$76949$lut$aiger76948$4584.genblk1.genblk1.genblk1.genblk1.genblk1.genblk1.genblk1.lut5 (4 -> 2)
  Optimizing lut $abc$76949$lut$aiger76948$4584.genblk1.genblk1.genblk1.genblk1.genblk1.genblk1.genblk1.lut6 (4 -> 3)
  Optimizing lut $abc$76949$lut$aiger76948$4584.genblk1.genblk1.genblk1.genblk1.genblk1.genblk1.genblk1.lut7 (4 -> 2)
  Optimizing lut $abc$76949$lut$aiger76948$4571.genblk1.genblk1.genblk1.genblk1.genblk1.genblk1.genblk1.lut2 (4 -> 3)
  Optimizing lut $abc$76949$lut$aiger76948$4571.genblk1.genblk1.genblk1.genblk1.genblk1.genblk1.genblk1.lut3 (4 -> 2)
  Optimizing lut $abc$76949$lut$aiger76948$4571.genblk1.genblk1.genblk1.genblk1.genblk1.genblk1.genblk1.lut4 (4 -> 0)
  Optimizing lut $abc$76949$lut$aiger76948$4571.genblk1.genblk1.genblk1.genblk1.genblk1.genblk1.genblk1.lut5 (4 -> 0)
  Optimizing lut $abc$76949$lut$aiger76948$4571.genblk1.genblk1.genblk1.genblk1.genblk1.genblk1.genblk1.lut6 (4 -> 0)
  Optimizing lut $abc$76949$lut$aiger76948$4571.genblk1.genblk1.genblk1.genblk1.genblk1.genblk1.genblk1.lut7 (4 -> 0)
  Optimizing lut $abc$76949$lut$aiger76948$4562.genblk1.genblk1.genblk1.genblk1.genblk1.genblk1.lut1 (4 -> 0)
  Optimizing lut $abc$76949$lut$aiger76948$4562.genblk1.genblk1.genblk1.genblk1.genblk1.genblk1.lut2 (4 -> 0)
  Optimizing lut $abc$76949$lut$aiger76948$5518.genblk1.genblk1.genblk1.genblk1.genblk1.genblk1.lut2 (4 -> 1)
  Optimizing lut $abc$76949$lut$aiger76948$4551.genblk1.genblk1.genblk1.genblk1.genblk1.genblk1.genblk1.lut2 (4 -> 0)
  Optimizing lut $abc$76949$lut$aiger76948$4551.genblk1.genblk1.genblk1.genblk1.genblk1.genblk1.genblk1.lut3 (4 -> 0)
  Optimizing lut $abc$76949$lut$aiger76948$4551.genblk1.genblk1.genblk1.genblk1.genblk1.genblk1.genblk1.lut4 (4 -> 0)
  Optimizing lut $abc$76949$lut$aiger76948$4551.genblk1.genblk1.genblk1.genblk1.genblk1.genblk1.genblk1.lut5 (4 -> 0)
  Optimizing lut $abc$76949$lut$aiger76948$4551.genblk1.genblk1.genblk1.genblk1.genblk1.genblk1.genblk1.lut6 (4 -> 0)
  Optimizing lut $abc$76949$lut$aiger76948$4539.genblk1.genblk1.genblk1.genblk1.genblk1.genblk1.genblk1.lut2 (4 -> 0)
  Optimizing lut $abc$76949$lut$aiger76948$4539.genblk1.genblk1.genblk1.genblk1.genblk1.genblk1.genblk1.lut3 (4 -> 3)
  Optimizing lut $abc$76949$lut$aiger76948$4539.genblk1.genblk1.genblk1.genblk1.genblk1.genblk1.genblk1.lut4 (4 -> 0)
  Optimizing lut $abc$76949$lut$aiger76948$4539.genblk1.genblk1.genblk1.genblk1.genblk1.genblk1.genblk1.lut5 (4 -> 0)
  Optimizing lut $abc$76949$lut$aiger76948$4539.genblk1.genblk1.genblk1.genblk1.genblk1.genblk1.genblk1.lut6 (4 -> 0)
  Optimizing lut $abc$76949$lut$aiger76948$4539.genblk1.genblk1.genblk1.genblk1.genblk1.genblk1.genblk1.lut7 (4 -> 0)
  Optimizing lut $abc$76949$lut$aiger76948$4528.genblk1.genblk1.genblk1.genblk1.genblk1.genblk1.genblk1.lut2 (4 -> 0)
  Optimizing lut $abc$76949$lut$aiger76948$4528.genblk1.genblk1.genblk1.genblk1.genblk1.genblk1.genblk1.lut3 (4 -> 0)
  Optimizing lut $abc$76949$lut$aiger76948$4528.genblk1.genblk1.genblk1.genblk1.genblk1.genblk1.genblk1.lut4 (4 -> 0)
  Optimizing lut $abc$76949$lut$aiger76948$4528.genblk1.genblk1.genblk1.genblk1.genblk1.genblk1.genblk1.lut5 (4 -> 3)
  Optimizing lut $abc$76949$lut$aiger76948$4528.genblk1.genblk1.genblk1.genblk1.genblk1.genblk1.genblk1.lut6 (4 -> 0)
  Optimizing lut $abc$76949$lut$aiger76948$4528.genblk1.genblk1.genblk1.genblk1.genblk1.genblk1.genblk1.lut7 (4 -> 0)
  Optimizing lut $abc$76949$lut$aiger76948$4513.genblk1.genblk1.genblk1.genblk1.genblk1.genblk1.lut1 (4 -> 0)
  Optimizing lut $abc$76949$lut$aiger76948$4513.genblk1.genblk1.genblk1.genblk1.genblk1.genblk1.lut2 (4 -> 3)
  Optimizing lut $abc$76949$lut$aiger76948$4513.genblk1.genblk1.genblk1.genblk1.genblk1.genblk1.lut3 (4 -> 3)
  Optimizing lut $abc$76949$lut$aiger76948$4506.genblk1.genblk1.genblk1.genblk1.genblk1.genblk1.genblk1.lut1 (4 -> 0)
  Optimizing lut $abc$76949$lut$aiger76948$4506.genblk1.genblk1.genblk1.genblk1.genblk1.genblk1.genblk1.lut2 (4 -> 0)
  Optimizing lut $abc$76949$lut$aiger76948$4506.genblk1.genblk1.genblk1.genblk1.genblk1.genblk1.genblk1.lut3 (4 -> 0)
  Optimizing lut $abc$76949$lut$aiger76948$4506.genblk1.genblk1.genblk1.genblk1.genblk1.genblk1.genblk1.lut4 (4 -> 0)
  Optimizing lut $abc$76949$lut$aiger76948$4506.genblk1.genblk1.genblk1.genblk1.genblk1.genblk1.genblk1.lut5 (4 -> 0)
  Optimizing lut $abc$76949$lut$aiger76948$4506.genblk1.genblk1.genblk1.genblk1.genblk1.genblk1.genblk1.lut6 (4 -> 3)
  Optimizing lut $abc$76949$lut$aiger76948$4506.genblk1.genblk1.genblk1.genblk1.genblk1.genblk1.genblk1.lut7 (4 -> 0)
  Optimizing lut $abc$76949$lut$aiger76948$4491.genblk1.genblk1.genblk1.genblk1.genblk1.genblk1.lut2 (4 -> 0)
  Optimizing lut $abc$76949$lut$aiger76948$4478.genblk1.genblk1.genblk1.genblk1.genblk1.genblk1.genblk1.lut2 (4 -> 0)
  Optimizing lut $abc$76949$lut$aiger76948$4478.genblk1.genblk1.genblk1.genblk1.genblk1.genblk1.genblk1.lut3 (4 -> 3)
  Optimizing lut $abc$76949$lut$aiger76948$4478.genblk1.genblk1.genblk1.genblk1.genblk1.genblk1.genblk1.lut4 (4 -> 0)
  Optimizing lut $abc$76949$lut$aiger76948$4478.genblk1.genblk1.genblk1.genblk1.genblk1.genblk1.genblk1.lut5 (4 -> 0)
  Optimizing lut $abc$76949$lut$aiger76948$4478.genblk1.genblk1.genblk1.genblk1.genblk1.genblk1.genblk1.lut6 (4 -> 3)
  Optimizing lut $abc$76949$lut$aiger76948$4478.genblk1.genblk1.genblk1.genblk1.genblk1.genblk1.genblk1.lut7 (4 -> 0)
  Optimizing lut $abc$76949$lut$aiger76948$4468.genblk1.genblk1.genblk1.genblk1.genblk1.genblk1.genblk1.lut1 (4 -> 0)
  Optimizing lut $abc$76949$lut$aiger76948$4468.genblk1.genblk1.genblk1.genblk1.genblk1.genblk1.genblk1.lut2 (4 -> 0)
  Optimizing lut $abc$76949$lut$aiger76948$4468.genblk1.genblk1.genblk1.genblk1.genblk1.genblk1.genblk1.lut3 (4 -> 0)
  Optimizing lut $abc$76949$lut$aiger76948$4468.genblk1.genblk1.genblk1.genblk1.genblk1.genblk1.genblk1.lut4 (4 -> 0)
  Optimizing lut $abc$76949$lut$aiger76948$4468.genblk1.genblk1.genblk1.genblk1.genblk1.genblk1.genblk1.lut5 (4 -> 3)
  Optimizing lut $abc$76949$lut$aiger76948$4468.genblk1.genblk1.genblk1.genblk1.genblk1.genblk1.genblk1.lut6 (4 -> 2)
  Optimizing lut $abc$76949$lut$aiger76948$4468.genblk1.genblk1.genblk1.genblk1.genblk1.genblk1.genblk1.lut7 (4 -> 0)
  Optimizing lut $abc$76949$lut$aiger76948$10605.genblk1.genblk1.genblk1.genblk1.genblk1.genblk1.lut1 (4 -> 3)
  Optimizing lut $abc$76949$lut$aiger76948$6497.genblk1.genblk1.genblk1.genblk1.genblk1.genblk1.genblk1.lut2 (4 -> 1)
  Optimizing lut $abc$76949$lut$aiger76948$6497.genblk1.genblk1.genblk1.genblk1.genblk1.genblk1.genblk1.lut3 (4 -> 1)
  Optimizing lut $abc$76949$lut$aiger76948$6497.genblk1.genblk1.genblk1.genblk1.genblk1.genblk1.genblk1.lut4 (4 -> 1)
  Optimizing lut $abc$76949$lut$aiger76948$6497.genblk1.genblk1.genblk1.genblk1.genblk1.genblk1.genblk1.lut5 (4 -> 1)
  Optimizing lut $abc$76949$lut$aiger76948$6497.genblk1.genblk1.genblk1.genblk1.genblk1.genblk1.genblk1.lut6 (4 -> 1)
  Optimizing lut $abc$76949$lut$aiger76948$6482.genblk1.genblk1.genblk1.genblk1.genblk1.genblk1.lut1 (4 -> 3)
  Optimizing lut $abc$76949$lut$aiger76948$6482.genblk1.genblk1.genblk1.genblk1.genblk1.genblk1.lut2 (4 -> 3)
  Optimizing lut $abc$76949$lut$aiger76948$6477.genblk1.genblk1.genblk1.genblk1.genblk1.lut1 (4 -> 0)
  Optimizing lut $abc$76949$lut$aiger76948$6469.genblk1.genblk1.genblk1.genblk1.genblk1.genblk1.genblk1.lut1 (4 -> 0)
  Optimizing lut $abc$76949$lut$aiger76948$6469.genblk1.genblk1.genblk1.genblk1.genblk1.genblk1.genblk1.lut2 (4 -> 0)
  Optimizing lut $abc$76949$lut$aiger76948$6469.genblk1.genblk1.genblk1.genblk1.genblk1.genblk1.genblk1.lut3 (4 -> 0)
  Optimizing lut $abc$76949$lut$aiger76948$6469.genblk1.genblk1.genblk1.genblk1.genblk1.genblk1.genblk1.lut4 (4 -> 0)
  Optimizing lut $abc$76949$lut$aiger76948$6469.genblk1.genblk1.genblk1.genblk1.genblk1.genblk1.genblk1.lut5 (4 -> 3)
  Optimizing lut $abc$76949$lut$aiger76948$6469.genblk1.genblk1.genblk1.genblk1.genblk1.genblk1.genblk1.lut6 (4 -> 3)
  Optimizing lut $abc$76949$lut$aiger76948$6469.genblk1.genblk1.genblk1.genblk1.genblk1.genblk1.genblk1.lut7 (4 -> 0)
  Optimizing lut $abc$76949$lut$aiger76948$6460.genblk1.genblk1.genblk1.genblk1.genblk1.genblk1.lut2 (4 -> 0)
  Optimizing lut $abc$76949$lut$aiger76948$6451.genblk1.genblk1.genblk1.genblk1.genblk1.genblk1.genblk1.lut1 (4 -> 0)
  Optimizing lut $abc$76949$lut$aiger76948$6451.genblk1.genblk1.genblk1.genblk1.genblk1.genblk1.genblk1.lut2 (4 -> 0)
  Optimizing lut $abc$76949$lut$aiger76948$6451.genblk1.genblk1.genblk1.genblk1.genblk1.genblk1.genblk1.lut3 (4 -> 0)
  Optimizing lut $abc$76949$lut$aiger76948$6451.genblk1.genblk1.genblk1.genblk1.genblk1.genblk1.genblk1.lut4 (4 -> 0)
  Optimizing lut $abc$76949$lut$aiger76948$6451.genblk1.genblk1.genblk1.genblk1.genblk1.genblk1.genblk1.lut5 (4 -> 0)
  Optimizing lut $abc$76949$lut$aiger76948$6451.genblk1.genblk1.genblk1.genblk1.genblk1.genblk1.genblk1.lut6 (4 -> 0)
  Optimizing lut $abc$76949$lut$aiger76948$6451.genblk1.genblk1.genblk1.genblk1.genblk1.genblk1.genblk1.lut7 (4 -> 3)
  Optimizing lut $abc$76949$lut$aiger76948$6440.genblk1.genblk1.genblk1.genblk1.genblk1.genblk1.genblk1.lut1 (4 -> 0)
  Optimizing lut $abc$76949$lut$aiger76948$6440.genblk1.genblk1.genblk1.genblk1.genblk1.genblk1.genblk1.lut2 (4 -> 0)
  Optimizing lut $abc$76949$lut$aiger76948$6440.genblk1.genblk1.genblk1.genblk1.genblk1.genblk1.genblk1.lut3 (4 -> 3)
  Optimizing lut $abc$76949$lut$aiger76948$6440.genblk1.genblk1.genblk1.genblk1.genblk1.genblk1.genblk1.lut4 (4 -> 3)
  Optimizing lut $abc$76949$lut$aiger76948$6440.genblk1.genblk1.genblk1.genblk1.genblk1.genblk1.genblk1.lut5 (4 -> 0)
  Optimizing lut $abc$76949$lut$aiger76948$6440.genblk1.genblk1.genblk1.genblk1.genblk1.genblk1.genblk1.lut6 (4 -> 0)
  Optimizing lut $abc$76949$lut$aiger76948$6440.genblk1.genblk1.genblk1.genblk1.genblk1.genblk1.genblk1.lut7 (4 -> 0)
  Optimizing lut $abc$76949$lut$aiger76948$6425.genblk1.genblk1.genblk1.genblk1.genblk1.genblk1.genblk1.lut2 (4 -> 3)
  Optimizing lut $abc$76949$lut$aiger76948$6425.genblk1.genblk1.genblk1.genblk1.genblk1.genblk1.genblk1.lut3 (4 -> 3)
  Optimizing lut $abc$76949$lut$aiger76948$6425.genblk1.genblk1.genblk1.genblk1.genblk1.genblk1.genblk1.lut4 (4 -> 0)
  Optimizing lut $abc$76949$lut$aiger76948$6425.genblk1.genblk1.genblk1.genblk1.genblk1.genblk1.genblk1.lut5 (4 -> 0)
  Optimizing lut $abc$76949$lut$aiger76948$6425.genblk1.genblk1.genblk1.genblk1.genblk1.genblk1.genblk1.lut6 (4 -> 0)
  Optimizing lut $abc$76949$lut$aiger76948$6425.genblk1.genblk1.genblk1.genblk1.genblk1.genblk1.genblk1.lut7 (4 -> 0)
  Optimizing lut $abc$76949$lut$aiger76948$6409.genblk1.genblk1.genblk1.genblk1.genblk1.genblk1.lut2 (4 -> 3)
  Optimizing lut $abc$76949$lut$aiger76948$6409.genblk1.genblk1.genblk1.genblk1.genblk1.genblk1.lut3 (4 -> 3)
  Optimizing lut $abc$76949$lut$aiger76948$6297.genblk1.genblk1.genblk1.genblk1.genblk1.genblk1.genblk1.lut2 (4 -> 0)
  Optimizing lut $abc$76949$lut$aiger76948$6297.genblk1.genblk1.genblk1.genblk1.genblk1.genblk1.genblk1.lut3 (4 -> 0)
  Optimizing lut $abc$76949$lut$aiger76948$6297.genblk1.genblk1.genblk1.genblk1.genblk1.genblk1.genblk1.lut4 (4 -> 0)
  Optimizing lut $abc$76949$lut$aiger76948$6297.genblk1.genblk1.genblk1.genblk1.genblk1.genblk1.genblk1.lut5 (4 -> 0)
  Optimizing lut $abc$76949$lut$aiger76948$6297.genblk1.genblk1.genblk1.genblk1.genblk1.genblk1.genblk1.lut6 (4 -> 0)
  Optimizing lut $abc$76949$lut$aiger76948$6291.genblk1.genblk1.genblk1.genblk1.genblk1.genblk1.lut1 (4 -> 0)
  Optimizing lut $abc$76949$lut$aiger76948$6291.genblk1.genblk1.genblk1.genblk1.genblk1.genblk1.lut3 (4 -> 0)
  Optimizing lut $abc$76949$lut$aiger76948$6275.genblk1.genblk1.genblk1.genblk1.genblk1.genblk1.genblk1.lut1 (4 -> 3)
  Optimizing lut $abc$76949$lut$aiger76948$6275.genblk1.genblk1.genblk1.genblk1.genblk1.genblk1.genblk1.lut2 (4 -> 0)
  Optimizing lut $abc$76949$lut$aiger76948$6275.genblk1.genblk1.genblk1.genblk1.genblk1.genblk1.genblk1.lut3 (4 -> 0)
  Optimizing lut $abc$76949$lut$aiger76948$6275.genblk1.genblk1.genblk1.genblk1.genblk1.genblk1.genblk1.lut4 (4 -> 0)
  Optimizing lut $abc$76949$lut$aiger76948$6275.genblk1.genblk1.genblk1.genblk1.genblk1.genblk1.genblk1.lut5 (4 -> 0)
  Optimizing lut $abc$76949$lut$aiger76948$6275.genblk1.genblk1.genblk1.genblk1.genblk1.genblk1.genblk1.lut6 (4 -> 0)
  Optimizing lut $abc$76949$lut$aiger76948$6275.genblk1.genblk1.genblk1.genblk1.genblk1.genblk1.genblk1.lut7 (4 -> 3)
  Optimizing lut $abc$76949$lut$aiger76948$6265.genblk1.genblk1.genblk1.genblk1.genblk1.lut1 (4 -> 0)
  Optimizing lut $abc$76949$lut$aiger76948$6261.genblk1.genblk1.genblk1.genblk1.genblk1.genblk1.lut1 (4 -> 0)
  Optimizing lut $abc$76949$lut$aiger76948$6261.genblk1.genblk1.genblk1.genblk1.genblk1.genblk1.lut2 (4 -> 0)
  Optimizing lut $abc$76949$lut$aiger76948$6252.genblk1.genblk1.genblk1.genblk1.genblk1.genblk1.lut2 (4 -> 0)
  Optimizing lut $abc$76949$lut$aiger76948$6246.genblk1.genblk1.genblk1.genblk1.genblk1.genblk1.lut1 (4 -> 0)
  Optimizing lut $abc$76949$lut$aiger76948$6246.genblk1.genblk1.genblk1.genblk1.genblk1.genblk1.lut3 (4 -> 0)
  Optimizing lut $abc$76949$lut$aiger76948$6240.genblk1.genblk1.genblk1.genblk1.genblk1.genblk1.genblk1.lut1 (4 -> 0)
  Optimizing lut $abc$76949$lut$aiger76948$6240.genblk1.genblk1.genblk1.genblk1.genblk1.genblk1.genblk1.lut2 (4 -> 0)
  Optimizing lut $abc$76949$lut$aiger76948$6240.genblk1.genblk1.genblk1.genblk1.genblk1.genblk1.genblk1.lut3 (4 -> 3)
  Optimizing lut $abc$76949$lut$aiger76948$6240.genblk1.genblk1.genblk1.genblk1.genblk1.genblk1.genblk1.lut4 (4 -> 3)
  Optimizing lut $abc$76949$lut$aiger76948$6240.genblk1.genblk1.genblk1.genblk1.genblk1.genblk1.genblk1.lut5 (4 -> 0)
  Optimizing lut $abc$76949$lut$aiger76948$6240.genblk1.genblk1.genblk1.genblk1.genblk1.genblk1.genblk1.lut6 (4 -> 0)
  Optimizing lut $abc$76949$lut$aiger76948$6240.genblk1.genblk1.genblk1.genblk1.genblk1.genblk1.genblk1.lut7 (4 -> 0)
  Optimizing lut $abc$76949$lut$aiger76948$6230.genblk1.genblk1.genblk1.genblk1.genblk1.genblk1.lut1 (4 -> 3)
  Optimizing lut $abc$76949$lut$aiger76948$6230.genblk1.genblk1.genblk1.genblk1.genblk1.genblk1.lut2 (4 -> 1)
  Optimizing lut $abc$76949$lut$aiger76948$6216.genblk1.genblk1.genblk1.genblk1.genblk1.genblk1.lut3 (4 -> 0)
  Optimizing lut $abc$76949$lut$aiger76948$6210.genblk1.genblk1.genblk1.genblk1.genblk1.genblk1.genblk1.lut1 (4 -> 0)
  Optimizing lut $abc$76949$lut$aiger76948$6210.genblk1.genblk1.genblk1.genblk1.genblk1.genblk1.genblk1.lut2 (4 -> 0)
  Optimizing lut $abc$76949$lut$aiger76948$6210.genblk1.genblk1.genblk1.genblk1.genblk1.genblk1.genblk1.lut3 (4 -> 3)
  Optimizing lut $abc$76949$lut$aiger76948$6210.genblk1.genblk1.genblk1.genblk1.genblk1.genblk1.genblk1.lut4 (4 -> 0)
  Optimizing lut $abc$76949$lut$aiger76948$6210.genblk1.genblk1.genblk1.genblk1.genblk1.genblk1.genblk1.lut5 (4 -> 0)
  Optimizing lut $abc$76949$lut$aiger76948$6210.genblk1.genblk1.genblk1.genblk1.genblk1.genblk1.genblk1.lut6 (4 -> 0)
  Optimizing lut $abc$76949$lut$aiger76948$6210.genblk1.genblk1.genblk1.genblk1.genblk1.genblk1.genblk1.lut7 (4 -> 0)
  Optimizing lut $abc$76949$lut$aiger76948$5964.genblk1.genblk1.genblk1.genblk1.genblk1.genblk1.genblk1.lut2 (4 -> 0)
  Optimizing lut $abc$76949$lut$aiger76948$5964.genblk1.genblk1.genblk1.genblk1.genblk1.genblk1.genblk1.lut3 (4 -> 0)
  Optimizing lut $abc$76949$lut$aiger76948$5964.genblk1.genblk1.genblk1.genblk1.genblk1.genblk1.genblk1.lut4 (4 -> 0)
  Optimizing lut $abc$76949$lut$aiger76948$5964.genblk1.genblk1.genblk1.genblk1.genblk1.genblk1.genblk1.lut5 (4 -> 0)
  Optimizing lut $abc$76949$lut$aiger76948$5964.genblk1.genblk1.genblk1.genblk1.genblk1.genblk1.genblk1.lut6 (4 -> 0)
  Optimizing lut $abc$76949$lut$aiger76948$5958.genblk1.genblk1.genblk1.genblk1.genblk1.genblk1.genblk1.lut1 (4 -> 0)
  Optimizing lut $abc$76949$lut$aiger76948$5958.genblk1.genblk1.genblk1.genblk1.genblk1.genblk1.genblk1.lut2 (4 -> 0)
  Optimizing lut $abc$76949$lut$aiger76948$5958.genblk1.genblk1.genblk1.genblk1.genblk1.genblk1.genblk1.lut3 (4 -> 0)
  Optimizing lut $abc$76949$lut$aiger76948$5958.genblk1.genblk1.genblk1.genblk1.genblk1.genblk1.genblk1.lut4 (4 -> 0)
  Optimizing lut $abc$76949$lut$aiger76948$5958.genblk1.genblk1.genblk1.genblk1.genblk1.genblk1.genblk1.lut5 (4 -> 2)
  Optimizing lut $abc$76949$lut$aiger76948$5958.genblk1.genblk1.genblk1.genblk1.genblk1.genblk1.genblk1.lut6 (4 -> 2)
  Optimizing lut $abc$76949$lut$aiger76948$5958.genblk1.genblk1.genblk1.genblk1.genblk1.genblk1.genblk1.lut7 (4 -> 2)
  Optimizing lut $abc$76949$lut$aiger76948$5948.genblk1.genblk1.genblk1.genblk1.genblk1.lut1 (4 -> 0)
  Optimizing lut $abc$76949$lut$aiger76948$5935.genblk1.genblk1.genblk1.genblk1.genblk1.genblk1.genblk1.lut2 (4 -> 0)
  Optimizing lut $abc$76949$lut$aiger76948$5935.genblk1.genblk1.genblk1.genblk1.genblk1.genblk1.genblk1.lut3 (4 -> 0)
  Optimizing lut $abc$76949$lut$aiger76948$5935.genblk1.genblk1.genblk1.genblk1.genblk1.genblk1.genblk1.lut4 (4 -> 0)
  Optimizing lut $abc$76949$lut$aiger76948$5935.genblk1.genblk1.genblk1.genblk1.genblk1.genblk1.genblk1.lut5 (4 -> 3)
  Optimizing lut $abc$76949$lut$aiger76948$5935.genblk1.genblk1.genblk1.genblk1.genblk1.genblk1.genblk1.lut6 (4 -> 0)
  Optimizing lut $abc$76949$lut$aiger76948$5935.genblk1.genblk1.genblk1.genblk1.genblk1.genblk1.genblk1.lut7 (4 -> 0)
  Optimizing lut $abc$76949$lut$aiger76948$6392.genblk1.genblk1.genblk1.genblk1.genblk1.genblk1.genblk1.lut2 (4 -> 1)
  Optimizing lut $abc$76949$lut$aiger76948$6392.genblk1.genblk1.genblk1.genblk1.genblk1.genblk1.genblk1.lut3 (4 -> 1)
  Optimizing lut $abc$76949$lut$aiger76948$6392.genblk1.genblk1.genblk1.genblk1.genblk1.genblk1.genblk1.lut4 (4 -> 1)
  Optimizing lut $abc$76949$lut$aiger76948$6392.genblk1.genblk1.genblk1.genblk1.genblk1.genblk1.genblk1.lut5 (4 -> 1)
  Optimizing lut $abc$76949$lut$aiger76948$6392.genblk1.genblk1.genblk1.genblk1.genblk1.genblk1.genblk1.lut6 (4 -> 1)
  Optimizing lut $abc$76949$lut$aiger76948$6381.genblk1.genblk1.genblk1.genblk1.genblk1.genblk1.lut1 (4 -> 0)
  Optimizing lut $abc$76949$lut$aiger76948$6381.genblk1.genblk1.genblk1.genblk1.genblk1.genblk1.lut2 (4 -> 3)
  Optimizing lut $abc$76949$lut$aiger76948$6381.genblk1.genblk1.genblk1.genblk1.genblk1.genblk1.lut3 (4 -> 3)
  Optimizing lut $abc$76949$lut$aiger76948$6371.genblk1.genblk1.genblk1.genblk1.genblk1.genblk1.genblk1.lut1 (4 -> 0)
  Optimizing lut $abc$76949$lut$aiger76948$6371.genblk1.genblk1.genblk1.genblk1.genblk1.genblk1.genblk1.lut2 (4 -> 0)
  Optimizing lut $abc$76949$lut$aiger76948$6371.genblk1.genblk1.genblk1.genblk1.genblk1.genblk1.genblk1.lut3 (4 -> 0)
  Optimizing lut $abc$76949$lut$aiger76948$6371.genblk1.genblk1.genblk1.genblk1.genblk1.genblk1.genblk1.lut4 (4 -> 0)
  Optimizing lut $abc$76949$lut$aiger76948$6371.genblk1.genblk1.genblk1.genblk1.genblk1.genblk1.genblk1.lut5 (4 -> 0)
  Optimizing lut $abc$76949$lut$aiger76948$6371.genblk1.genblk1.genblk1.genblk1.genblk1.genblk1.genblk1.lut6 (4 -> 0)
  Optimizing lut $abc$76949$lut$aiger76948$6371.genblk1.genblk1.genblk1.genblk1.genblk1.genblk1.genblk1.lut7 (4 -> 3)
  Optimizing lut $abc$76949$lut$aiger76948$6360.genblk1.genblk1.genblk1.genblk1.genblk1.lut1 (4 -> 0)
  Optimizing lut $abc$76949$lut$aiger76948$6356.genblk1.genblk1.genblk1.genblk1.genblk1.genblk1.lut1 (4 -> 0)
  Optimizing lut $abc$76949$lut$aiger76948$6356.genblk1.genblk1.genblk1.genblk1.genblk1.genblk1.lut3 (4 -> 0)
  Optimizing lut $abc$76949$lut$aiger76948$6342.genblk1.genblk1.genblk1.genblk1.genblk1.genblk1.lut1 (4 -> 0)
  Optimizing lut $abc$76949$lut$aiger76948$6342.genblk1.genblk1.genblk1.genblk1.genblk1.genblk1.lut2 (4 -> 3)
  Optimizing lut $abc$76949$lut$aiger76948$6342.genblk1.genblk1.genblk1.genblk1.genblk1.genblk1.lut3 (4 -> 3)
  Optimizing lut $abc$76949$lut$aiger76948$6335.genblk1.genblk1.genblk1.genblk1.genblk1.genblk1.lut1 (4 -> 0)
  Optimizing lut $abc$76949$lut$aiger76948$6335.genblk1.genblk1.genblk1.genblk1.genblk1.genblk1.lut2 (4 -> 3)
  Optimizing lut $abc$76949$lut$aiger76948$6335.genblk1.genblk1.genblk1.genblk1.genblk1.genblk1.lut3 (4 -> 3)
  Optimizing lut $abc$76949$lut$aiger76948$6320.genblk1.genblk1.genblk1.genblk1.genblk1.genblk1.lut2 (4 -> 3)
  Optimizing lut $abc$76949$lut$aiger76948$6320.genblk1.genblk1.genblk1.genblk1.genblk1.genblk1.lut3 (4 -> 3)
  Optimizing lut $abc$76949$lut$aiger76948$6031.genblk1.genblk1.genblk1.genblk1.genblk1.genblk1.lut2 (4 -> 1)
  Optimizing lut $abc$76949$lut$aiger76948$6112.genblk1.genblk1.genblk1.genblk1.genblk1.genblk1.genblk1.lut2 (4 -> 0)
  Optimizing lut $abc$76949$lut$aiger76948$6112.genblk1.genblk1.genblk1.genblk1.genblk1.genblk1.genblk1.lut3 (4 -> 0)
  Optimizing lut $abc$76949$lut$aiger76948$6112.genblk1.genblk1.genblk1.genblk1.genblk1.genblk1.genblk1.lut4 (4 -> 0)
  Optimizing lut $abc$76949$lut$aiger76948$6112.genblk1.genblk1.genblk1.genblk1.genblk1.genblk1.genblk1.lut5 (4 -> 0)
  Optimizing lut $abc$76949$lut$aiger76948$6112.genblk1.genblk1.genblk1.genblk1.genblk1.genblk1.genblk1.lut6 (4 -> 0)
  Optimizing lut $abc$76949$lut$aiger76948$6095.genblk1.genblk1.genblk1.genblk1.genblk1.genblk1.lut1 (4 -> 0)
  Optimizing lut $abc$76949$lut$aiger76948$6095.genblk1.genblk1.genblk1.genblk1.genblk1.genblk1.lut2 (4 -> 3)
  Optimizing lut $abc$76949$lut$aiger76948$6095.genblk1.genblk1.genblk1.genblk1.genblk1.genblk1.lut3 (4 -> 3)
  Optimizing lut $abc$76949$lut$aiger76948$6085.genblk1.genblk1.genblk1.genblk1.genblk1.genblk1.lut2 (4 -> 3)
  Optimizing lut $abc$76949$lut$aiger76948$6085.genblk1.genblk1.genblk1.genblk1.genblk1.genblk1.lut3 (4 -> 3)
  Optimizing lut $abc$76949$lut$aiger76948$6068.genblk1.genblk1.genblk1.genblk1.genblk1.genblk1.lut3 (4 -> 0)
  Optimizing lut $abc$76949$lut$aiger76948$6062.genblk1.genblk1.genblk1.genblk1.genblk1.genblk1.lut1 (4 -> 0)
  Optimizing lut $abc$76949$lut$aiger76948$6062.genblk1.genblk1.genblk1.genblk1.genblk1.genblk1.lut3 (4 -> 0)
  Optimizing lut $abc$76949$lut$aiger76948$6038.genblk1.genblk1.genblk1.genblk1.genblk1.genblk1.lut1 (4 -> 0)
  Optimizing lut $abc$76949$lut$aiger76948$6038.genblk1.genblk1.genblk1.genblk1.genblk1.genblk1.lut2 (4 -> 3)
  Optimizing lut $abc$76949$lut$aiger76948$6038.genblk1.genblk1.genblk1.genblk1.genblk1.genblk1.lut3 (4 -> 3)
  Optimizing lut $abc$76949$lut$aiger76948$5885.genblk1.genblk1.genblk1.genblk1.genblk1.genblk1.genblk1.lut2 (4 -> 0)
  Optimizing lut $abc$76949$lut$aiger76948$5885.genblk1.genblk1.genblk1.genblk1.genblk1.genblk1.genblk1.lut3 (4 -> 0)
  Optimizing lut $abc$76949$lut$aiger76948$5885.genblk1.genblk1.genblk1.genblk1.genblk1.genblk1.genblk1.lut4 (4 -> 0)
  Optimizing lut $abc$76949$lut$aiger76948$5885.genblk1.genblk1.genblk1.genblk1.genblk1.genblk1.genblk1.lut5 (4 -> 0)
  Optimizing lut $abc$76949$lut$aiger76948$5885.genblk1.genblk1.genblk1.genblk1.genblk1.genblk1.genblk1.lut6 (4 -> 0)
  Optimizing lut $abc$76949$lut$aiger76948$5872.genblk1.genblk1.genblk1.genblk1.genblk1.genblk1.lut2 (4 -> 0)
  Optimizing lut $abc$76949$lut$aiger76948$5872.genblk1.genblk1.genblk1.genblk1.genblk1.genblk1.lut3 (4 -> 0)
  Optimizing lut $abc$76949$lut$aiger76948$5867.genblk1.genblk1.genblk1.genblk1.genblk1.genblk1.genblk1.lut1 (4 -> 0)
  Optimizing lut $abc$76949$lut$aiger76948$5867.genblk1.genblk1.genblk1.genblk1.genblk1.genblk1.genblk1.lut2 (4 -> 0)
  Optimizing lut $abc$76949$lut$aiger76948$5867.genblk1.genblk1.genblk1.genblk1.genblk1.genblk1.genblk1.lut3 (4 -> 0)
  Optimizing lut $abc$76949$lut$aiger76948$5867.genblk1.genblk1.genblk1.genblk1.genblk1.genblk1.genblk1.lut4 (4 -> 0)
  Optimizing lut $abc$76949$lut$aiger76948$5867.genblk1.genblk1.genblk1.genblk1.genblk1.genblk1.genblk1.lut5 (4 -> 0)
  Optimizing lut $abc$76949$lut$aiger76948$5867.genblk1.genblk1.genblk1.genblk1.genblk1.genblk1.genblk1.lut6 (4 -> 3)
  Optimizing lut $abc$76949$lut$aiger76948$5867.genblk1.genblk1.genblk1.genblk1.genblk1.genblk1.genblk1.lut7 (4 -> 2)
  Optimizing lut $abc$76949$lut$aiger76948$5853.genblk1.genblk1.genblk1.genblk1.genblk1.genblk1.genblk1.lut1 (4 -> 0)
  Optimizing lut $abc$76949$lut$aiger76948$5853.genblk1.genblk1.genblk1.genblk1.genblk1.genblk1.genblk1.lut2 (4 -> 0)
  Optimizing lut $abc$76949$lut$aiger76948$5853.genblk1.genblk1.genblk1.genblk1.genblk1.genblk1.genblk1.lut3 (4 -> 0)
  Optimizing lut $abc$76949$lut$aiger76948$5853.genblk1.genblk1.genblk1.genblk1.genblk1.genblk1.genblk1.lut4 (4 -> 3)
  Optimizing lut $abc$76949$lut$aiger76948$5853.genblk1.genblk1.genblk1.genblk1.genblk1.genblk1.genblk1.lut5 (4 -> 0)
  Optimizing lut $abc$76949$lut$aiger76948$5853.genblk1.genblk1.genblk1.genblk1.genblk1.genblk1.genblk1.lut6 (4 -> 0)
  Optimizing lut $abc$76949$lut$aiger76948$5853.genblk1.genblk1.genblk1.genblk1.genblk1.genblk1.genblk1.lut7 (4 -> 0)
  Optimizing lut $abc$76949$lut$aiger76948$5839.genblk1.genblk1.genblk1.genblk1.genblk1.genblk1.lut1 (4 -> 0)
  Optimizing lut $abc$76949$lut$aiger76948$5839.genblk1.genblk1.genblk1.genblk1.genblk1.genblk1.lut2 (4 -> 3)
  Optimizing lut $abc$76949$lut$aiger76948$5839.genblk1.genblk1.genblk1.genblk1.genblk1.genblk1.lut3 (4 -> 3)
  Optimizing lut $abc$76949$lut$aiger76948$5823.genblk1.genblk1.genblk1.genblk1.genblk1.genblk1.lut1 (4 -> 0)
  Optimizing lut $abc$76949$lut$aiger76948$5823.genblk1.genblk1.genblk1.genblk1.genblk1.genblk1.lut2 (4 -> 3)
  Optimizing lut $abc$76949$lut$aiger76948$5823.genblk1.genblk1.genblk1.genblk1.genblk1.genblk1.lut3 (4 -> 3)
  Optimizing lut $abc$76949$lut$aiger76948$5795.genblk1.genblk1.genblk1.genblk1.genblk1.genblk1.genblk1.lut2 (4 -> 1)
  Optimizing lut $abc$76949$lut$aiger76948$5795.genblk1.genblk1.genblk1.genblk1.genblk1.genblk1.genblk1.lut3 (4 -> 1)
  Optimizing lut $abc$76949$lut$aiger76948$5795.genblk1.genblk1.genblk1.genblk1.genblk1.genblk1.genblk1.lut4 (4 -> 1)
  Optimizing lut $abc$76949$lut$aiger76948$5795.genblk1.genblk1.genblk1.genblk1.genblk1.genblk1.genblk1.lut5 (4 -> 1)
  Optimizing lut $abc$76949$lut$aiger76948$5795.genblk1.genblk1.genblk1.genblk1.genblk1.genblk1.genblk1.lut6 (4 -> 1)
  Optimizing lut $abc$76949$lut$aiger76948$5777.genblk1.genblk1.genblk1.genblk1.genblk1.lut1 (4 -> 0)
  Optimizing lut $abc$76949$lut$aiger76948$5773.genblk1.genblk1.genblk1.genblk1.genblk1.genblk1.lut1 (4 -> 0)
  Optimizing lut $abc$76949$lut$aiger76948$5773.genblk1.genblk1.genblk1.genblk1.genblk1.genblk1.lut2 (4 -> 3)
  Optimizing lut $abc$76949$lut$aiger76948$5773.genblk1.genblk1.genblk1.genblk1.genblk1.genblk1.lut3 (4 -> 3)
  Optimizing lut $abc$76949$lut$aiger76948$5761.genblk1.genblk1.genblk1.genblk1.genblk1.genblk1.genblk1.lut1 (4 -> 0)
  Optimizing lut $abc$76949$lut$aiger76948$5761.genblk1.genblk1.genblk1.genblk1.genblk1.genblk1.genblk1.lut2 (4 -> 0)
  Optimizing lut $abc$76949$lut$aiger76948$5761.genblk1.genblk1.genblk1.genblk1.genblk1.genblk1.genblk1.lut3 (4 -> 3)
  Optimizing lut $abc$76949$lut$aiger76948$5761.genblk1.genblk1.genblk1.genblk1.genblk1.genblk1.genblk1.lut4 (4 -> 0)
  Optimizing lut $abc$76949$lut$aiger76948$5761.genblk1.genblk1.genblk1.genblk1.genblk1.genblk1.genblk1.lut5 (4 -> 0)
  Optimizing lut $abc$76949$lut$aiger76948$5761.genblk1.genblk1.genblk1.genblk1.genblk1.genblk1.genblk1.lut6 (4 -> 3)
  Optimizing lut $abc$76949$lut$aiger76948$5761.genblk1.genblk1.genblk1.genblk1.genblk1.genblk1.genblk1.lut7 (4 -> 0)
  Optimizing lut $abc$76949$lut$aiger76948$5749.genblk1.genblk1.genblk1.genblk1.genblk1.genblk1.genblk1.lut1 (4 -> 0)
  Optimizing lut $abc$76949$lut$aiger76948$5749.genblk1.genblk1.genblk1.genblk1.genblk1.genblk1.genblk1.lut2 (4 -> 2)
  Optimizing lut $abc$76949$lut$aiger76948$5749.genblk1.genblk1.genblk1.genblk1.genblk1.genblk1.genblk1.lut3 (4 -> 2)
  Optimizing lut $abc$76949$lut$aiger76948$5749.genblk1.genblk1.genblk1.genblk1.genblk1.genblk1.genblk1.lut4 (4 -> 1)
  Optimizing lut $abc$76949$lut$aiger76948$5749.genblk1.genblk1.genblk1.genblk1.genblk1.genblk1.genblk1.lut5 (4 -> 1)
  Optimizing lut $abc$76949$lut$aiger76948$5749.genblk1.genblk1.genblk1.genblk1.genblk1.genblk1.genblk1.lut6 (4 -> 3)
  Optimizing lut $abc$76949$lut$aiger76948$5749.genblk1.genblk1.genblk1.genblk1.genblk1.genblk1.genblk1.lut7 (4 -> 3)
  Optimizing lut $abc$76949$lut$aiger76948$5734.genblk1.genblk1.genblk1.genblk1.genblk1.genblk1.lut1 (4 -> 0)
  Optimizing lut $abc$76949$lut$aiger76948$5734.genblk1.genblk1.genblk1.genblk1.genblk1.genblk1.lut2 (4 -> 0)
  Optimizing lut $abc$76949$lut$aiger76948$5728.genblk1.genblk1.genblk1.genblk1.genblk1.genblk1.lut1 (4 -> 0)
  Optimizing lut $abc$76949$lut$aiger76948$5728.genblk1.genblk1.genblk1.genblk1.genblk1.genblk1.lut2 (4 -> 0)
  Optimizing lut $abc$76949$lut$aiger76948$5721.genblk1.genblk1.genblk1.genblk1.genblk1.genblk1.lut1 (4 -> 3)
  Optimizing lut $abc$76949$lut$aiger76948$5721.genblk1.genblk1.genblk1.genblk1.genblk1.genblk1.lut2 (4 -> 1)
  Optimizing lut $abc$76949$lut$aiger76948$5716.genblk1.genblk1.genblk1.genblk1.genblk1.lut1 (4 -> 0)
  Optimizing lut $abc$76949$lut$aiger76948$5708.genblk1.genblk1.genblk1.genblk1.genblk1.lut1 (4 -> 0)
  Optimizing lut $abc$76949$lut$aiger76948$5285.genblk1.genblk1.genblk1.genblk1.genblk1.genblk1.lut2 (4 -> 1)
  Optimizing lut $abc$76949$lut$aiger76948$5268.genblk1.genblk1.genblk1.genblk1.genblk1.genblk1.genblk1.lut1 (4 -> 0)
  Optimizing lut $abc$76949$lut$aiger76948$5268.genblk1.genblk1.genblk1.genblk1.genblk1.genblk1.genblk1.lut2 (4 -> 2)
  Optimizing lut $abc$76949$lut$aiger76948$5268.genblk1.genblk1.genblk1.genblk1.genblk1.genblk1.genblk1.lut3 (4 -> 0)
  Optimizing lut $abc$76949$lut$aiger76948$5268.genblk1.genblk1.genblk1.genblk1.genblk1.genblk1.genblk1.lut4 (4 -> 2)
  Optimizing lut $abc$76949$lut$aiger76948$5268.genblk1.genblk1.genblk1.genblk1.genblk1.genblk1.genblk1.lut5 (4 -> 2)
  Optimizing lut $abc$76949$lut$aiger76948$5268.genblk1.genblk1.genblk1.genblk1.genblk1.genblk1.genblk1.lut6 (4 -> 3)
  Optimizing lut $abc$76949$lut$aiger76948$5268.genblk1.genblk1.genblk1.genblk1.genblk1.genblk1.genblk1.lut7 (4 -> 2)
  Optimizing lut $abc$76949$lut$aiger76948$5240.genblk1.genblk1.genblk1.genblk1.genblk1.genblk1.genblk1.lut1 (4 -> 3)
  Optimizing lut $abc$76949$lut$aiger76948$5240.genblk1.genblk1.genblk1.genblk1.genblk1.genblk1.genblk1.lut2 (4 -> 0)
  Optimizing lut $abc$76949$lut$aiger76948$5240.genblk1.genblk1.genblk1.genblk1.genblk1.genblk1.genblk1.lut3 (4 -> 0)
  Optimizing lut $abc$76949$lut$aiger76948$5240.genblk1.genblk1.genblk1.genblk1.genblk1.genblk1.genblk1.lut4 (4 -> 3)
  Optimizing lut $abc$76949$lut$aiger76948$5240.genblk1.genblk1.genblk1.genblk1.genblk1.genblk1.genblk1.lut5 (4 -> 0)
  Optimizing lut $abc$76949$lut$aiger76948$5240.genblk1.genblk1.genblk1.genblk1.genblk1.genblk1.genblk1.lut6 (4 -> 0)
  Optimizing lut $abc$76949$lut$aiger76948$5240.genblk1.genblk1.genblk1.genblk1.genblk1.genblk1.genblk1.lut7 (4 -> 0)
  Optimizing lut $abc$76949$lut$aiger76948$5230.genblk1.genblk1.genblk1.genblk1.genblk1.genblk1.genblk1.lut1 (4 -> 0)
  Optimizing lut $abc$76949$lut$aiger76948$5230.genblk1.genblk1.genblk1.genblk1.genblk1.genblk1.genblk1.lut2 (4 -> 0)
  Optimizing lut $abc$76949$lut$aiger76948$5230.genblk1.genblk1.genblk1.genblk1.genblk1.genblk1.genblk1.lut3 (4 -> 0)
  Optimizing lut $abc$76949$lut$aiger76948$5230.genblk1.genblk1.genblk1.genblk1.genblk1.genblk1.genblk1.lut4 (4 -> 0)
  Optimizing lut $abc$76949$lut$aiger76948$5230.genblk1.genblk1.genblk1.genblk1.genblk1.genblk1.genblk1.lut5 (4 -> 0)
  Optimizing lut $abc$76949$lut$aiger76948$5230.genblk1.genblk1.genblk1.genblk1.genblk1.genblk1.genblk1.lut6 (4 -> 0)
  Optimizing lut $abc$76949$lut$aiger76948$6199.genblk1.genblk1.genblk1.genblk1.genblk1.genblk1.genblk1.lut2 (4 -> 1)
  Optimizing lut $abc$76949$lut$aiger76948$6199.genblk1.genblk1.genblk1.genblk1.genblk1.genblk1.genblk1.lut3 (4 -> 1)
  Optimizing lut $abc$76949$lut$aiger76948$6199.genblk1.genblk1.genblk1.genblk1.genblk1.genblk1.genblk1.lut4 (4 -> 1)
  Optimizing lut $abc$76949$lut$aiger76948$6199.genblk1.genblk1.genblk1.genblk1.genblk1.genblk1.genblk1.lut5 (4 -> 1)
  Optimizing lut $abc$76949$lut$aiger76948$6199.genblk1.genblk1.genblk1.genblk1.genblk1.genblk1.genblk1.lut6 (4 -> 1)
  Optimizing lut $abc$76949$lut$aiger76948$6188.genblk1.genblk1.genblk1.genblk1.genblk1.genblk1.lut1 (4 -> 0)
  Optimizing lut $abc$76949$lut$aiger76948$6188.genblk1.genblk1.genblk1.genblk1.genblk1.genblk1.lut2 (4 -> 3)
  Optimizing lut $abc$76949$lut$aiger76948$6188.genblk1.genblk1.genblk1.genblk1.genblk1.genblk1.lut3 (4 -> 3)
  Optimizing lut $abc$76949$lut$aiger76948$6171.genblk1.genblk1.genblk1.genblk1.genblk1.genblk1.lut2 (4 -> 0)
  Optimizing lut $abc$76949$lut$aiger76948$6165.genblk1.genblk1.genblk1.genblk1.genblk1.genblk1.genblk1.lut1 (4 -> 0)
  Optimizing lut $abc$76949$lut$aiger76948$6165.genblk1.genblk1.genblk1.genblk1.genblk1.genblk1.genblk1.lut2 (4 -> 0)
  Optimizing lut $abc$76949$lut$aiger76948$6165.genblk1.genblk1.genblk1.genblk1.genblk1.genblk1.genblk1.lut3 (4 -> 3)
  Optimizing lut $abc$76949$lut$aiger76948$6165.genblk1.genblk1.genblk1.genblk1.genblk1.genblk1.genblk1.lut4 (4 -> 0)
  Optimizing lut $abc$76949$lut$aiger76948$6165.genblk1.genblk1.genblk1.genblk1.genblk1.genblk1.genblk1.lut5 (4 -> 3)
  Optimizing lut $abc$76949$lut$aiger76948$6165.genblk1.genblk1.genblk1.genblk1.genblk1.genblk1.genblk1.lut6 (4 -> 0)
  Optimizing lut $abc$76949$lut$aiger76948$6165.genblk1.genblk1.genblk1.genblk1.genblk1.genblk1.genblk1.lut7 (4 -> 0)
  Optimizing lut $abc$76949$lut$aiger76948$6150.genblk1.genblk1.genblk1.genblk1.genblk1.genblk1.lut2 (4 -> 3)
  Optimizing lut $abc$76949$lut$aiger76948$6150.genblk1.genblk1.genblk1.genblk1.genblk1.genblk1.lut3 (4 -> 3)
  Optimizing lut $abc$76949$lut$aiger76948$6131.genblk1.genblk1.genblk1.genblk1.genblk1.genblk1.lut2 (4 -> 3)
  Optimizing lut $abc$76949$lut$aiger76948$6131.genblk1.genblk1.genblk1.genblk1.genblk1.genblk1.lut3 (4 -> 3)
  Optimizing lut $abc$76949$lut$aiger76948$5703.genblk1.genblk1.genblk1.genblk1.genblk1.genblk1.genblk1.lut2 (4 -> 1)
  Optimizing lut $abc$76949$lut$aiger76948$5703.genblk1.genblk1.genblk1.genblk1.genblk1.genblk1.genblk1.lut3 (4 -> 1)
  Optimizing lut $abc$76949$lut$aiger76948$5703.genblk1.genblk1.genblk1.genblk1.genblk1.genblk1.genblk1.lut4 (4 -> 1)
  Optimizing lut $abc$76949$lut$aiger76948$5703.genblk1.genblk1.genblk1.genblk1.genblk1.genblk1.genblk1.lut5 (4 -> 1)
  Optimizing lut $abc$76949$lut$aiger76948$5703.genblk1.genblk1.genblk1.genblk1.genblk1.genblk1.genblk1.lut6 (4 -> 1)
  Optimizing lut $abc$76949$lut$aiger76948$5686.genblk1.genblk1.genblk1.genblk1.genblk1.genblk1.genblk1.lut1 (4 -> 0)
  Optimizing lut $abc$76949$lut$aiger76948$5686.genblk1.genblk1.genblk1.genblk1.genblk1.genblk1.genblk1.lut2 (4 -> 0)
  Optimizing lut $abc$76949$lut$aiger76948$5686.genblk1.genblk1.genblk1.genblk1.genblk1.genblk1.genblk1.lut3 (4 -> 0)
  Optimizing lut $abc$76949$lut$aiger76948$5686.genblk1.genblk1.genblk1.genblk1.genblk1.genblk1.genblk1.lut4 (4 -> 3)
  Optimizing lut $abc$76949$lut$aiger76948$5686.genblk1.genblk1.genblk1.genblk1.genblk1.genblk1.genblk1.lut5 (4 -> 0)
  Optimizing lut $abc$76949$lut$aiger76948$5686.genblk1.genblk1.genblk1.genblk1.genblk1.genblk1.genblk1.lut6 (4 -> 0)
  Optimizing lut $abc$76949$lut$aiger76948$5686.genblk1.genblk1.genblk1.genblk1.genblk1.genblk1.genblk1.lut7 (4 -> 0)
  Optimizing lut $abc$76949$lut$aiger76948$5678.genblk1.genblk1.genblk1.genblk1.genblk1.genblk1.genblk1.lut1 (4 -> 0)
  Optimizing lut $abc$76949$lut$aiger76948$5678.genblk1.genblk1.genblk1.genblk1.genblk1.genblk1.genblk1.lut2 (4 -> 0)
  Optimizing lut $abc$76949$lut$aiger76948$5678.genblk1.genblk1.genblk1.genblk1.genblk1.genblk1.genblk1.lut3 (4 -> 0)
  Optimizing lut $abc$76949$lut$aiger76948$5678.genblk1.genblk1.genblk1.genblk1.genblk1.genblk1.genblk1.lut4 (4 -> 0)
  Optimizing lut $abc$76949$lut$aiger76948$5678.genblk1.genblk1.genblk1.genblk1.genblk1.genblk1.genblk1.lut5 (4 -> 0)
  Optimizing lut $abc$76949$lut$aiger76948$5678.genblk1.genblk1.genblk1.genblk1.genblk1.genblk1.genblk1.lut6 (4 -> 2)
  Optimizing lut $abc$76949$lut$aiger76948$5678.genblk1.genblk1.genblk1.genblk1.genblk1.genblk1.genblk1.lut7 (4 -> 3)
  Optimizing lut $abc$76949$lut$aiger76948$5654.genblk1.genblk1.genblk1.genblk1.genblk1.genblk1.lut1 (4 -> 0)
  Optimizing lut $abc$76949$lut$aiger76948$5654.genblk1.genblk1.genblk1.genblk1.genblk1.genblk1.lut3 (4 -> 0)
  Optimizing lut $abc$76949$lut$aiger76948$5644.genblk1.genblk1.genblk1.genblk1.genblk1.genblk1.genblk1.lut1 (4 -> 0)
  Optimizing lut $abc$76949$lut$aiger76948$5644.genblk1.genblk1.genblk1.genblk1.genblk1.genblk1.genblk1.lut2 (4 -> 0)
  Optimizing lut $abc$76949$lut$aiger76948$5644.genblk1.genblk1.genblk1.genblk1.genblk1.genblk1.genblk1.lut3 (4 -> 0)
  Optimizing lut $abc$76949$lut$aiger76948$5644.genblk1.genblk1.genblk1.genblk1.genblk1.genblk1.genblk1.lut4 (4 -> 2)
  Optimizing lut $abc$76949$lut$aiger76948$5644.genblk1.genblk1.genblk1.genblk1.genblk1.genblk1.genblk1.lut5 (4 -> 2)
  Optimizing lut $abc$76949$lut$aiger76948$5644.genblk1.genblk1.genblk1.genblk1.genblk1.genblk1.genblk1.lut6 (4 -> 0)
  Optimizing lut $abc$76949$lut$aiger76948$5644.genblk1.genblk1.genblk1.genblk1.genblk1.genblk1.genblk1.lut7 (4 -> 2)
  Optimizing lut $abc$76949$lut$aiger76948$5453.genblk1.genblk1.genblk1.genblk1.genblk1.genblk1.lut2 (4 -> 1)
  Optimizing lut $abc$76949$lut$aiger76948$5439.genblk1.genblk1.genblk1.genblk1.genblk1.genblk1.genblk1.lut1 (4 -> 0)
  Optimizing lut $abc$76949$lut$aiger76948$5439.genblk1.genblk1.genblk1.genblk1.genblk1.genblk1.genblk1.lut2 (4 -> 0)
  Optimizing lut $abc$76949$lut$aiger76948$5439.genblk1.genblk1.genblk1.genblk1.genblk1.genblk1.genblk1.lut3 (4 -> 3)
  Optimizing lut $abc$76949$lut$aiger76948$5439.genblk1.genblk1.genblk1.genblk1.genblk1.genblk1.genblk1.lut4 (4 -> 3)
  Optimizing lut $abc$76949$lut$aiger76948$5439.genblk1.genblk1.genblk1.genblk1.genblk1.genblk1.genblk1.lut5 (4 -> 0)
  Optimizing lut $abc$76949$lut$aiger76948$5439.genblk1.genblk1.genblk1.genblk1.genblk1.genblk1.genblk1.lut6 (4 -> 0)
  Optimizing lut $abc$76949$lut$aiger76948$5439.genblk1.genblk1.genblk1.genblk1.genblk1.genblk1.genblk1.lut7 (4 -> 0)
  Optimizing lut $abc$76949$lut$aiger76948$5430.genblk1.genblk1.genblk1.genblk1.genblk1.genblk1.genblk1.lut1 (4 -> 3)
  Optimizing lut $abc$76949$lut$aiger76948$5430.genblk1.genblk1.genblk1.genblk1.genblk1.genblk1.genblk1.lut2 (4 -> 0)
  Optimizing lut $abc$76949$lut$aiger76948$5430.genblk1.genblk1.genblk1.genblk1.genblk1.genblk1.genblk1.lut3 (4 -> 3)
  Optimizing lut $abc$76949$lut$aiger76948$5430.genblk1.genblk1.genblk1.genblk1.genblk1.genblk1.genblk1.lut4 (4 -> 0)
  Optimizing lut $abc$76949$lut$aiger76948$5430.genblk1.genblk1.genblk1.genblk1.genblk1.genblk1.genblk1.lut5 (4 -> 0)
  Optimizing lut $abc$76949$lut$aiger76948$5430.genblk1.genblk1.genblk1.genblk1.genblk1.genblk1.genblk1.lut6 (4 -> 0)
  Optimizing lut $abc$76949$lut$aiger76948$5430.genblk1.genblk1.genblk1.genblk1.genblk1.genblk1.genblk1.lut7 (4 -> 0)
  Optimizing lut $abc$76949$lut$aiger76948$5414.genblk1.genblk1.genblk1.genblk1.genblk1.genblk1.lut2 (4 -> 3)
  Optimizing lut $abc$76949$lut$aiger76948$5409.genblk1.genblk1.genblk1.genblk1.genblk1.genblk1.lut1 (4 -> 0)
  Optimizing lut $abc$76949$lut$aiger76948$5409.genblk1.genblk1.genblk1.genblk1.genblk1.genblk1.lut2 (4 -> 0)
  Optimizing lut $abc$76949$lut$aiger76948$5404.genblk1.genblk1.genblk1.genblk1.genblk1.genblk1.lut1 (4 -> 0)
  Optimizing lut $abc$76949$lut$aiger76948$5404.genblk1.genblk1.genblk1.genblk1.genblk1.genblk1.lut2 (4 -> 3)
  Optimizing lut $abc$76949$lut$aiger76948$5404.genblk1.genblk1.genblk1.genblk1.genblk1.genblk1.lut3 (4 -> 3)
  Optimizing lut $abc$76949$lut$aiger76948$5394.genblk1.genblk1.genblk1.genblk1.genblk1.genblk1.genblk1.lut1 (4 -> 0)
  Optimizing lut $abc$76949$lut$aiger76948$5394.genblk1.genblk1.genblk1.genblk1.genblk1.genblk1.genblk1.lut2 (4 -> 3)
  Optimizing lut $abc$76949$lut$aiger76948$5394.genblk1.genblk1.genblk1.genblk1.genblk1.genblk1.genblk1.lut3 (4 -> 0)
  Optimizing lut $abc$76949$lut$aiger76948$5394.genblk1.genblk1.genblk1.genblk1.genblk1.genblk1.genblk1.lut4 (4 -> 0)
  Optimizing lut $abc$76949$lut$aiger76948$5394.genblk1.genblk1.genblk1.genblk1.genblk1.genblk1.genblk1.lut5 (4 -> 3)
  Optimizing lut $abc$76949$lut$aiger76948$5394.genblk1.genblk1.genblk1.genblk1.genblk1.genblk1.genblk1.lut6 (4 -> 0)
  Optimizing lut $abc$76949$lut$aiger76948$5394.genblk1.genblk1.genblk1.genblk1.genblk1.genblk1.genblk1.lut7 (4 -> 0)
  Optimizing lut $abc$76949$lut$aiger76948$5380.genblk1.genblk1.genblk1.genblk1.genblk1.genblk1.lut2 (4 -> 1)
  Optimizing lut $abc$76949$lut$aiger76948$5362.genblk1.genblk1.genblk1.genblk1.genblk1.genblk1.lut1 (4 -> 0)
  Optimizing lut $abc$76949$lut$aiger76948$5362.genblk1.genblk1.genblk1.genblk1.genblk1.genblk1.lut2 (4 -> 3)
  Optimizing lut $abc$76949$lut$aiger76948$5362.genblk1.genblk1.genblk1.genblk1.genblk1.genblk1.lut3 (4 -> 3)
  Optimizing lut $abc$76949$lut$aiger76948$5617.genblk1.genblk1.genblk1.genblk1.genblk1.genblk1.genblk1.lut2 (4 -> 1)
  Optimizing lut $abc$76949$lut$aiger76948$5617.genblk1.genblk1.genblk1.genblk1.genblk1.genblk1.genblk1.lut3 (4 -> 1)
  Optimizing lut $abc$76949$lut$aiger76948$5617.genblk1.genblk1.genblk1.genblk1.genblk1.genblk1.genblk1.lut4 (4 -> 1)
  Optimizing lut $abc$76949$lut$aiger76948$5617.genblk1.genblk1.genblk1.genblk1.genblk1.genblk1.genblk1.lut5 (4 -> 1)
  Optimizing lut $abc$76949$lut$aiger76948$5617.genblk1.genblk1.genblk1.genblk1.genblk1.genblk1.genblk1.lut6 (4 -> 1)
  Optimizing lut $abc$76949$lut$aiger76948$5600.genblk1.genblk1.genblk1.genblk1.genblk1.genblk1.lut1 (4 -> 0)
  Optimizing lut $abc$76949$lut$aiger76948$5600.genblk1.genblk1.genblk1.genblk1.genblk1.genblk1.lut2 (4 -> 3)
  Optimizing lut $abc$76949$lut$aiger76948$5600.genblk1.genblk1.genblk1.genblk1.genblk1.genblk1.lut3 (4 -> 3)
  Optimizing lut $abc$76949$lut$aiger76948$5591.genblk1.genblk1.genblk1.genblk1.genblk1.genblk1.lut2 (4 -> 3)
  Optimizing lut $abc$76949$lut$aiger76948$5591.genblk1.genblk1.genblk1.genblk1.genblk1.genblk1.lut3 (4 -> 3)
  Optimizing lut $abc$76949$lut$aiger76948$5584.genblk1.genblk1.genblk1.genblk1.genblk1.genblk1.lut1 (4 -> 0)
  Optimizing lut $abc$76949$lut$aiger76948$5584.genblk1.genblk1.genblk1.genblk1.genblk1.genblk1.lut2 (4 -> 3)
  Optimizing lut $abc$76949$lut$aiger76948$5584.genblk1.genblk1.genblk1.genblk1.genblk1.genblk1.lut3 (4 -> 3)
  Optimizing lut $abc$76949$lut$aiger76948$5566.genblk1.genblk1.genblk1.genblk1.genblk1.genblk1.lut1 (4 -> 0)
  Optimizing lut $abc$76949$lut$aiger76948$5566.genblk1.genblk1.genblk1.genblk1.genblk1.genblk1.lut2 (4 -> 3)
  Optimizing lut $abc$76949$lut$aiger76948$5566.genblk1.genblk1.genblk1.genblk1.genblk1.genblk1.lut3 (4 -> 3)
  Optimizing lut $abc$76949$lut$aiger76948$5559.genblk1.genblk1.genblk1.genblk1.genblk1.genblk1.genblk1.lut1 (4 -> 0)
  Optimizing lut $abc$76949$lut$aiger76948$5559.genblk1.genblk1.genblk1.genblk1.genblk1.genblk1.genblk1.lut2 (4 -> 3)
  Optimizing lut $abc$76949$lut$aiger76948$5559.genblk1.genblk1.genblk1.genblk1.genblk1.genblk1.genblk1.lut3 (4 -> 0)
  Optimizing lut $abc$76949$lut$aiger76948$5559.genblk1.genblk1.genblk1.genblk1.genblk1.genblk1.genblk1.lut4 (4 -> 0)
  Optimizing lut $abc$76949$lut$aiger76948$5559.genblk1.genblk1.genblk1.genblk1.genblk1.genblk1.genblk1.lut5 (4 -> 0)
  Optimizing lut $abc$76949$lut$aiger76948$5559.genblk1.genblk1.genblk1.genblk1.genblk1.genblk1.genblk1.lut6 (4 -> 3)
  Optimizing lut $abc$76949$lut$aiger76948$5559.genblk1.genblk1.genblk1.genblk1.genblk1.genblk1.genblk1.lut7 (4 -> 0)
  Optimizing lut $abc$76949$lut$aiger76948$5546.genblk1.genblk1.genblk1.genblk1.genblk1.genblk1.lut2 (4 -> 3)
  Optimizing lut $abc$76949$lut$aiger76948$5546.genblk1.genblk1.genblk1.genblk1.genblk1.genblk1.lut3 (4 -> 3)
  Optimizing lut $abc$76949$lut$aiger76948$5539.genblk1.genblk1.genblk1.genblk1.genblk1.genblk1.genblk1.lut1 (4 -> 0)
  Optimizing lut $abc$76949$lut$aiger76948$5539.genblk1.genblk1.genblk1.genblk1.genblk1.genblk1.genblk1.lut2 (4 -> 0)
  Optimizing lut $abc$76949$lut$aiger76948$5539.genblk1.genblk1.genblk1.genblk1.genblk1.genblk1.genblk1.lut3 (4 -> 3)
  Optimizing lut $abc$76949$lut$aiger76948$5539.genblk1.genblk1.genblk1.genblk1.genblk1.genblk1.genblk1.lut4 (4 -> 0)
  Optimizing lut $abc$76949$lut$aiger76948$5539.genblk1.genblk1.genblk1.genblk1.genblk1.genblk1.genblk1.lut5 (4 -> 0)
  Optimizing lut $abc$76949$lut$aiger76948$5539.genblk1.genblk1.genblk1.genblk1.genblk1.genblk1.genblk1.lut6 (4 -> 3)
  Optimizing lut $abc$76949$lut$aiger76948$5539.genblk1.genblk1.genblk1.genblk1.genblk1.genblk1.genblk1.lut7 (4 -> 0)
  Optimizing lut $abc$76949$lut$aiger76948$5529.genblk1.genblk1.genblk1.genblk1.genblk1.lut1 (4 -> 0)
  Optimizing lut $abc$76949$lut$aiger76948$5525.genblk1.genblk1.genblk1.genblk1.genblk1.genblk1.lut1 (4 -> 0)
  Optimizing lut $abc$76949$lut$aiger76948$5525.genblk1.genblk1.genblk1.genblk1.genblk1.genblk1.lut2 (4 -> 3)
  Optimizing lut $abc$76949$lut$aiger76948$5525.genblk1.genblk1.genblk1.genblk1.genblk1.genblk1.lut3 (4 -> 3)
  Optimizing lut $abc$76949$lut$aiger76948$5353.genblk1.genblk1.genblk1.genblk1.genblk1.genblk1.lut1 (4 -> 1)
  Optimizing lut $abc$76949$lut$aiger76948$5353.genblk1.genblk1.genblk1.genblk1.genblk1.genblk1.lut2 (4 -> 1)
  Optimizing lut $abc$76949$lut\_uo_out_val_mem_io_instr_cpu_io_data_req_bits_data[4].genblk1.genblk1.genblk1.genblk1.genblk1.genblk1.genblk1.lut2 (4 -> 1)
  Optimizing lut $abc$76949$lut\_uo_out_val_mem_io_instr_cpu_io_data_req_bits_data[4].genblk1.genblk1.genblk1.genblk1.genblk1.genblk1.genblk1.lut3 (4 -> 1)
  Optimizing lut $abc$76949$lut\_uo_out_val_mem_io_instr_cpu_io_data_req_bits_data[4].genblk1.genblk1.genblk1.genblk1.genblk1.genblk1.genblk1.lut4 (4 -> 1)
  Optimizing lut $abc$76949$lut\_uo_out_val_mem_io_instr_cpu_io_data_req_bits_data[4].genblk1.genblk1.genblk1.genblk1.genblk1.genblk1.genblk1.lut5 (4 -> 1)
  Optimizing lut $abc$76949$lut\_uo_out_val_mem_io_instr_cpu_io_data_req_bits_data[4].genblk1.genblk1.genblk1.genblk1.genblk1.genblk1.genblk1.lut6 (4 -> 1)
  Optimizing lut $abc$76949$lut$aiger76948$6630.genblk1.genblk1.genblk1.genblk1.genblk1.genblk1.genblk1.lut2 (4 -> 2)
  Optimizing lut $abc$76949$lut$aiger76948$6630.genblk1.genblk1.genblk1.genblk1.genblk1.genblk1.genblk1.lut3 (4 -> 2)
  Optimizing lut $abc$76949$lut$aiger76948$6630.genblk1.genblk1.genblk1.genblk1.genblk1.genblk1.genblk1.lut4 (4 -> 1)
  Optimizing lut $abc$76949$lut$aiger76948$6630.genblk1.genblk1.genblk1.genblk1.genblk1.genblk1.genblk1.lut5 (4 -> 1)
  Optimizing lut $abc$76949$lut$aiger76948$6630.genblk1.genblk1.genblk1.genblk1.genblk1.genblk1.genblk1.lut6 (4 -> 3)
  Optimizing lut $abc$76949$lut$aiger76948$6630.genblk1.genblk1.genblk1.genblk1.genblk1.genblk1.genblk1.lut7 (4 -> 3)
  Optimizing lut $abc$76949$lut$aiger76948$6623.genblk1.genblk1.genblk1.genblk1.genblk1.lut1 (4 -> 0)
  Optimizing lut $abc$76949$lut$aiger76948$6616.genblk1.genblk1.genblk1.genblk1.genblk1.genblk1.genblk1.lut1 (4 -> 0)
  Optimizing lut $abc$76949$lut$aiger76948$6616.genblk1.genblk1.genblk1.genblk1.genblk1.genblk1.genblk1.lut2 (4 -> 0)
  Optimizing lut $abc$76949$lut$aiger76948$6616.genblk1.genblk1.genblk1.genblk1.genblk1.genblk1.genblk1.lut3 (4 -> 0)
  Optimizing lut $abc$76949$lut$aiger76948$6616.genblk1.genblk1.genblk1.genblk1.genblk1.genblk1.genblk1.lut4 (4 -> 0)
  Optimizing lut $abc$76949$lut$aiger76948$6616.genblk1.genblk1.genblk1.genblk1.genblk1.genblk1.genblk1.lut5 (4 -> 3)
  Optimizing lut $abc$76949$lut$aiger76948$6616.genblk1.genblk1.genblk1.genblk1.genblk1.genblk1.genblk1.lut6 (4 -> 3)
  Optimizing lut $abc$76949$lut$aiger76948$6616.genblk1.genblk1.genblk1.genblk1.genblk1.genblk1.genblk1.lut7 (4 -> 0)
  Optimizing lut $abc$76949$lut$aiger76948$6607.genblk1.genblk1.genblk1.genblk1.genblk1.genblk1.lut1 (4 -> 0)
  Optimizing lut $abc$76949$lut$aiger76948$6607.genblk1.genblk1.genblk1.genblk1.genblk1.genblk1.lut2 (4 -> 0)
  Optimizing lut $abc$76949$lut$aiger76948$6607.genblk1.genblk1.genblk1.genblk1.genblk1.genblk1.lut3 (4 -> 0)
  Optimizing lut $abc$76949$lut$aiger76948$6592.genblk1.genblk1.genblk1.genblk1.genblk1.genblk1.genblk1.lut1 (4 -> 0)
  Optimizing lut $abc$76949$lut$aiger76948$6592.genblk1.genblk1.genblk1.genblk1.genblk1.genblk1.genblk1.lut2 (4 -> 0)
  Optimizing lut $abc$76949$lut$aiger76948$6592.genblk1.genblk1.genblk1.genblk1.genblk1.genblk1.genblk1.lut3 (4 -> 0)
  Optimizing lut $abc$76949$lut$aiger76948$6592.genblk1.genblk1.genblk1.genblk1.genblk1.genblk1.genblk1.lut4 (4 -> 0)
  Optimizing lut $abc$76949$lut$aiger76948$6592.genblk1.genblk1.genblk1.genblk1.genblk1.genblk1.genblk1.lut5 (4 -> 3)
  Optimizing lut $abc$76949$lut$aiger76948$6592.genblk1.genblk1.genblk1.genblk1.genblk1.genblk1.genblk1.lut6 (4 -> 0)
  Optimizing lut $abc$76949$lut$aiger76948$6592.genblk1.genblk1.genblk1.genblk1.genblk1.genblk1.genblk1.lut7 (4 -> 3)
  Optimizing lut $abc$76949$lut$aiger76948$6576.genblk1.genblk1.genblk1.genblk1.genblk1.genblk1.genblk1.lut1 (4 -> 0)
  Optimizing lut $abc$76949$lut$aiger76948$6576.genblk1.genblk1.genblk1.genblk1.genblk1.genblk1.genblk1.lut2 (4 -> 0)
  Optimizing lut $abc$76949$lut$aiger76948$6576.genblk1.genblk1.genblk1.genblk1.genblk1.genblk1.genblk1.lut3 (4 -> 0)
  Optimizing lut $abc$76949$lut$aiger76948$6576.genblk1.genblk1.genblk1.genblk1.genblk1.genblk1.genblk1.lut4 (4 -> 0)
  Optimizing lut $abc$76949$lut$aiger76948$6576.genblk1.genblk1.genblk1.genblk1.genblk1.genblk1.genblk1.lut5 (4 -> 3)
  Optimizing lut $abc$76949$lut$aiger76948$6576.genblk1.genblk1.genblk1.genblk1.genblk1.genblk1.genblk1.lut6 (4 -> 0)
  Optimizing lut $abc$76949$lut$aiger76948$6576.genblk1.genblk1.genblk1.genblk1.genblk1.genblk1.genblk1.lut7 (4 -> 0)
  Optimizing lut $abc$76949$lut$aiger76948$6568.genblk1.genblk1.genblk1.genblk1.genblk1.genblk1.genblk1.lut1 (4 -> 3)
  Optimizing lut $abc$76949$lut$aiger76948$6568.genblk1.genblk1.genblk1.genblk1.genblk1.genblk1.genblk1.lut2 (4 -> 0)
  Optimizing lut $abc$76949$lut$aiger76948$6568.genblk1.genblk1.genblk1.genblk1.genblk1.genblk1.genblk1.lut3 (4 -> 3)
  Optimizing lut $abc$76949$lut$aiger76948$6568.genblk1.genblk1.genblk1.genblk1.genblk1.genblk1.genblk1.lut4 (4 -> 0)
  Optimizing lut $abc$76949$lut$aiger76948$6568.genblk1.genblk1.genblk1.genblk1.genblk1.genblk1.genblk1.lut5 (4 -> 0)
  Optimizing lut $abc$76949$lut$aiger76948$6568.genblk1.genblk1.genblk1.genblk1.genblk1.genblk1.genblk1.lut6 (4 -> 0)
  Optimizing lut $abc$76949$lut$aiger76948$6568.genblk1.genblk1.genblk1.genblk1.genblk1.genblk1.genblk1.lut7 (4 -> 0)
  Optimizing lut $abc$76949$lut$aiger76948$6549.genblk1.genblk1.genblk1.genblk1.genblk1.genblk1.genblk1.lut1 (4 -> 0)
  Optimizing lut $abc$76949$lut$aiger76948$6549.genblk1.genblk1.genblk1.genblk1.genblk1.genblk1.genblk1.lut3 (4 -> 0)
  Optimizing lut $abc$76949$lut$aiger76948$6549.genblk1.genblk1.genblk1.genblk1.genblk1.genblk1.genblk1.lut4 (4 -> 0)
  Optimizing lut $abc$76949$lut$aiger76948$6549.genblk1.genblk1.genblk1.genblk1.genblk1.genblk1.genblk1.lut5 (4 -> 0)
  Optimizing lut $abc$76949$lut$aiger76948$6549.genblk1.genblk1.genblk1.genblk1.genblk1.genblk1.genblk1.lut6 (4 -> 0)
  Optimizing lut $abc$76949$lut$aiger76948$6549.genblk1.genblk1.genblk1.genblk1.genblk1.genblk1.genblk1.lut7 (4 -> 0)
  Optimizing lut $abc$76949$lut$aiger76948$6527.genblk1.genblk1.genblk1.genblk1.genblk1.genblk1.genblk1.lut1 (4 -> 0)
  Optimizing lut $abc$76949$lut$aiger76948$6527.genblk1.genblk1.genblk1.genblk1.genblk1.genblk1.genblk1.lut2 (4 -> 3)
  Optimizing lut $abc$76949$lut$aiger76948$6527.genblk1.genblk1.genblk1.genblk1.genblk1.genblk1.genblk1.lut3 (4 -> 0)
  Optimizing lut $abc$76949$lut$aiger76948$6527.genblk1.genblk1.genblk1.genblk1.genblk1.genblk1.genblk1.lut4 (4 -> 0)
  Optimizing lut $abc$76949$lut$aiger76948$6527.genblk1.genblk1.genblk1.genblk1.genblk1.genblk1.genblk1.lut5 (4 -> 3)
  Optimizing lut $abc$76949$lut$aiger76948$6527.genblk1.genblk1.genblk1.genblk1.genblk1.genblk1.genblk1.lut6 (4 -> 0)
  Optimizing lut $abc$76949$lut$aiger76948$6527.genblk1.genblk1.genblk1.genblk1.genblk1.genblk1.genblk1.lut7 (4 -> 0)
  Optimizing lut $abc$76949$lut$aiger76948$3976.genblk1.genblk1.genblk1.genblk1.genblk1.genblk1.genblk1.lut2 (4 -> 0)
  Optimizing lut $abc$76949$lut$aiger76948$3976.genblk1.genblk1.genblk1.genblk1.genblk1.genblk1.genblk1.lut3 (4 -> 0)
  Optimizing lut $abc$76949$lut$aiger76948$3976.genblk1.genblk1.genblk1.genblk1.genblk1.genblk1.genblk1.lut4 (4 -> 0)
  Optimizing lut $abc$76949$lut$aiger76948$3976.genblk1.genblk1.genblk1.genblk1.genblk1.genblk1.genblk1.lut5 (4 -> 0)
  Optimizing lut $abc$76949$lut$aiger76948$3976.genblk1.genblk1.genblk1.genblk1.genblk1.genblk1.genblk1.lut6 (4 -> 0)
  Optimizing lut $abc$76949$lut$aiger76948$3970.genblk1.genblk1.genblk1.genblk1.genblk1.genblk1.lut1 (4 -> 0)
  Optimizing lut $abc$76949$lut$aiger76948$3958.genblk1.genblk1.genblk1.genblk1.genblk1.genblk1.genblk1.lut1 (4 -> 0)
  Optimizing lut $abc$76949$lut$aiger76948$3958.genblk1.genblk1.genblk1.genblk1.genblk1.genblk1.genblk1.lut4 (4 -> 0)
  Optimizing lut $abc$76949$lut$aiger76948$3958.genblk1.genblk1.genblk1.genblk1.genblk1.genblk1.genblk1.lut6 (4 -> 0)
  Optimizing lut $abc$76949$lut$aiger76948$3948.genblk1.genblk1.genblk1.genblk1.genblk1.genblk1.genblk1.lut1 (4 -> 0)
  Optimizing lut $abc$76949$lut$aiger76948$3948.genblk1.genblk1.genblk1.genblk1.genblk1.genblk1.genblk1.lut4 (4 -> 0)
  Optimizing lut $abc$76949$lut$aiger76948$3948.genblk1.genblk1.genblk1.genblk1.genblk1.genblk1.genblk1.lut5 (4 -> 0)
  Optimizing lut $abc$76949$lut$aiger76948$3948.genblk1.genblk1.genblk1.genblk1.genblk1.genblk1.genblk1.lut6 (4 -> 0)
  Optimizing lut $abc$76949$lut$aiger76948$3948.genblk1.genblk1.genblk1.genblk1.genblk1.genblk1.genblk1.lut7 (4 -> 0)
  Optimizing lut $abc$76949$lut$aiger76948$3936.genblk1.genblk1.genblk1.genblk1.genblk1.lut1 (4 -> 0)
  Optimizing lut $abc$76949$lut$aiger76948$3928.genblk1.genblk1.genblk1.genblk1.genblk1.lut1 (4 -> 0)
  Optimizing lut $abc$76949$lut$aiger76948$3924.genblk1.genblk1.genblk1.genblk1.genblk1.genblk1.lut1 (4 -> 0)
  Optimizing lut $abc$76949$lut$aiger76948$3924.genblk1.genblk1.genblk1.genblk1.genblk1.genblk1.lut3 (4 -> 0)
  Optimizing lut $abc$76949$lut$aiger76948$3919.genblk1.genblk1.genblk1.genblk1.genblk1.genblk1.lut1 (4 -> 0)
  Optimizing lut $abc$76949$lut$aiger76948$3919.genblk1.genblk1.genblk1.genblk1.genblk1.genblk1.lut2 (4 -> 0)
  Optimizing lut $abc$76949$lut$aiger76948$3914.genblk1.genblk1.genblk1.genblk1.genblk1.genblk1.lut1 (4 -> 0)
  Optimizing lut $abc$76949$lut$aiger76948$3908.genblk1.genblk1.genblk1.genblk1.genblk1.genblk1.genblk1.lut2 (4 -> 0)
  Optimizing lut $abc$76949$lut$aiger76948$3908.genblk1.genblk1.genblk1.genblk1.genblk1.genblk1.genblk1.lut3 (4 -> 0)
  Optimizing lut $abc$76949$lut$aiger76948$3908.genblk1.genblk1.genblk1.genblk1.genblk1.genblk1.genblk1.lut4 (4 -> 0)
  Optimizing lut $abc$76949$lut$aiger76948$3897.genblk1.genblk1.genblk1.genblk1.genblk1.genblk1.genblk1.lut2 (4 -> 0)
  Optimizing lut $abc$76949$lut$aiger76948$3897.genblk1.genblk1.genblk1.genblk1.genblk1.genblk1.genblk1.lut3 (4 -> 0)
  Optimizing lut $abc$76949$lut$aiger76948$3897.genblk1.genblk1.genblk1.genblk1.genblk1.genblk1.genblk1.lut4 (4 -> 0)
  Optimizing lut $abc$76949$lut$aiger76948$3883.genblk1.genblk1.genblk1.genblk1.genblk1.genblk1.lut1 (4 -> 0)
  Optimizing lut $abc$76949$lut$aiger76948$3872.genblk1.genblk1.genblk1.genblk1.genblk1.genblk1.genblk1.lut1 (4 -> 0)
  Optimizing lut $abc$76949$lut$aiger76948$3872.genblk1.genblk1.genblk1.genblk1.genblk1.genblk1.genblk1.lut4 (4 -> 0)
  Optimizing lut $abc$76949$lut$aiger76948$3872.genblk1.genblk1.genblk1.genblk1.genblk1.genblk1.genblk1.lut6 (4 -> 0)
  Optimizing lut $abc$76949$lut$aiger76948$3862.genblk1.genblk1.genblk1.genblk1.genblk1.genblk1.genblk1.lut1 (4 -> 0)
  Optimizing lut $abc$76949$lut$aiger76948$3862.genblk1.genblk1.genblk1.genblk1.genblk1.genblk1.genblk1.lut2 (4 -> 0)
  Optimizing lut $abc$76949$lut$aiger76948$3862.genblk1.genblk1.genblk1.genblk1.genblk1.genblk1.genblk1.lut3 (4 -> 2)
  Optimizing lut $abc$76949$lut$aiger76948$3862.genblk1.genblk1.genblk1.genblk1.genblk1.genblk1.genblk1.lut4 (4 -> 2)
  Optimizing lut $abc$76949$lut$aiger76948$3862.genblk1.genblk1.genblk1.genblk1.genblk1.genblk1.genblk1.lut5 (4 -> 2)
  Optimizing lut $abc$76949$lut$aiger76948$3862.genblk1.genblk1.genblk1.genblk1.genblk1.genblk1.genblk1.lut6 (4 -> 2)
  Optimizing lut $abc$76949$lut$aiger76948$3862.genblk1.genblk1.genblk1.genblk1.genblk1.genblk1.genblk1.lut7 (4 -> 3)
  Optimizing lut $abc$76949$lut$aiger76948$3850.genblk1.genblk1.genblk1.genblk1.genblk1.genblk1.genblk1.lut2 (4 -> 3)
  Optimizing lut $abc$76949$lut$aiger76948$3850.genblk1.genblk1.genblk1.genblk1.genblk1.genblk1.genblk1.lut3 (4 -> 0)
  Optimizing lut $abc$76949$lut$aiger76948$3850.genblk1.genblk1.genblk1.genblk1.genblk1.genblk1.genblk1.lut4 (4 -> 1)
  Optimizing lut $abc$76949$lut$aiger76948$3850.genblk1.genblk1.genblk1.genblk1.genblk1.genblk1.genblk1.lut5 (4 -> 1)
  Optimizing lut $abc$76949$lut$aiger76948$3850.genblk1.genblk1.genblk1.genblk1.genblk1.genblk1.genblk1.lut7 (4 -> 1)
  Optimizing lut $abc$76949$lut$aiger76948$3462.genblk1.genblk1.genblk1.genblk1.genblk1.genblk1.genblk1.lut2 (4 -> 1)
  Optimizing lut $abc$76949$lut$aiger76948$3462.genblk1.genblk1.genblk1.genblk1.genblk1.genblk1.genblk1.lut3 (4 -> 1)
  Optimizing lut $abc$76949$lut$aiger76948$3462.genblk1.genblk1.genblk1.genblk1.genblk1.genblk1.genblk1.lut4 (4 -> 1)
  Optimizing lut $abc$76949$lut$aiger76948$3462.genblk1.genblk1.genblk1.genblk1.genblk1.genblk1.genblk1.lut5 (4 -> 1)
  Optimizing lut $abc$76949$lut$aiger76948$3462.genblk1.genblk1.genblk1.genblk1.genblk1.genblk1.genblk1.lut6 (4 -> 1)
  Optimizing lut $abc$76949$lut$aiger76948$3442.genblk1.genblk1.genblk1.genblk1.genblk1.lut1 (4 -> 0)
  Optimizing lut $abc$76949$lut$aiger76948$3432.genblk1.genblk1.genblk1.genblk1.genblk1.genblk1.lut2 (4 -> 3)
  Optimizing lut $abc$76949$lut$aiger76948$3432.genblk1.genblk1.genblk1.genblk1.genblk1.genblk1.lut3 (4 -> 3)
  Optimizing lut $abc$76949$lut$aiger76948$3415.genblk1.genblk1.genblk1.genblk1.genblk1.genblk1.genblk1.lut1 (4 -> 0)
  Optimizing lut $abc$76949$lut$aiger76948$3415.genblk1.genblk1.genblk1.genblk1.genblk1.genblk1.genblk1.lut2 (4 -> 0)
  Optimizing lut $abc$76949$lut$aiger76948$3415.genblk1.genblk1.genblk1.genblk1.genblk1.genblk1.genblk1.lut3 (4 -> 3)
  Optimizing lut $abc$76949$lut$aiger76948$3415.genblk1.genblk1.genblk1.genblk1.genblk1.genblk1.genblk1.lut4 (4 -> 1)
  Optimizing lut $abc$76949$lut$aiger76948$3415.genblk1.genblk1.genblk1.genblk1.genblk1.genblk1.genblk1.lut5 (4 -> 1)
  Optimizing lut $abc$76949$lut$aiger76948$3415.genblk1.genblk1.genblk1.genblk1.genblk1.genblk1.genblk1.lut6 (4 -> 1)
  Optimizing lut $abc$76949$lut$aiger76948$3396.genblk1.genblk1.genblk1.genblk1.genblk1.genblk1.lut1 (4 -> 0)
  Optimizing lut $abc$76949$lut$aiger76948$3378.genblk1.genblk1.genblk1.genblk1.genblk1.genblk1.lut1 (4 -> 0)
  Optimizing lut $abc$76949$lut$aiger76948$3378.genblk1.genblk1.genblk1.genblk1.genblk1.genblk1.lut2 (4 -> 3)
  Optimizing lut $abc$76949$lut$aiger76948$3378.genblk1.genblk1.genblk1.genblk1.genblk1.genblk1.lut3 (4 -> 3)
  Optimizing lut $abc$76949$lut$aiger76948$9547.genblk1.genblk1.genblk1.genblk1.genblk1.lut1 (4 -> 0)
  Optimizing lut $abc$76949$lut$aiger76948$9778.genblk1.genblk1.genblk1.genblk1.genblk1.genblk1.lut3 (4 -> 0)
  Optimizing lut $abc$76949$lut$aiger76948$9771.genblk1.genblk1.genblk1.genblk1.genblk1.genblk1.genblk1.lut2 (4 -> 0)
  Optimizing lut $abc$76949$lut$aiger76948$9771.genblk1.genblk1.genblk1.genblk1.genblk1.genblk1.genblk1.lut3 (4 -> 0)
  Optimizing lut $abc$76949$lut$aiger76948$9771.genblk1.genblk1.genblk1.genblk1.genblk1.genblk1.genblk1.lut5 (4 -> 0)
  Optimizing lut $abc$76949$lut$aiger76948$9771.genblk1.genblk1.genblk1.genblk1.genblk1.genblk1.genblk1.lut6 (4 -> 0)
  Optimizing lut $abc$76949$lut$aiger76948$9771.genblk1.genblk1.genblk1.genblk1.genblk1.genblk1.genblk1.lut7 (4 -> 0)
  Optimizing lut $abc$76949$lut$aiger76948$9764.genblk1.genblk1.genblk1.genblk1.genblk1.genblk1.genblk1.lut2 (4 -> 0)
  Optimizing lut $abc$76949$lut$aiger76948$9764.genblk1.genblk1.genblk1.genblk1.genblk1.genblk1.genblk1.lut3 (4 -> 0)
  Optimizing lut $abc$76949$lut$aiger76948$9764.genblk1.genblk1.genblk1.genblk1.genblk1.genblk1.genblk1.lut4 (4 -> 0)
  Optimizing lut $abc$76949$lut$aiger76948$9764.genblk1.genblk1.genblk1.genblk1.genblk1.genblk1.genblk1.lut5 (4 -> 0)
  Optimizing lut $abc$76949$lut$aiger76948$9764.genblk1.genblk1.genblk1.genblk1.genblk1.genblk1.genblk1.lut7 (4 -> 0)
  Optimizing lut $abc$76949$lut$aiger76948$7195.genblk1.genblk1.genblk1.genblk1.genblk1.genblk1.genblk1.lut2 (4 -> 0)
  Optimizing lut $abc$76949$lut$aiger76948$7195.genblk1.genblk1.genblk1.genblk1.genblk1.genblk1.genblk1.lut3 (4 -> 0)
  Optimizing lut $abc$76949$lut$aiger76948$7195.genblk1.genblk1.genblk1.genblk1.genblk1.genblk1.genblk1.lut4 (4 -> 0)
  Optimizing lut $abc$76949$lut$aiger76948$7195.genblk1.genblk1.genblk1.genblk1.genblk1.genblk1.genblk1.lut5 (4 -> 0)
  Optimizing lut $abc$76949$lut$aiger76948$7195.genblk1.genblk1.genblk1.genblk1.genblk1.genblk1.genblk1.lut6 (4 -> 0)
  Optimizing lut $abc$76949$lut$aiger76948$7180.genblk1.genblk1.genblk1.genblk1.genblk1.genblk1.lut1 (4 -> 0)
  Optimizing lut $abc$76949$lut$aiger76948$7180.genblk1.genblk1.genblk1.genblk1.genblk1.genblk1.lut2 (4 -> 0)
  Optimizing lut $abc$76949$lut$aiger76948$7167.genblk1.genblk1.genblk1.genblk1.genblk1.genblk1.lut2 (4 -> 0)
  Optimizing lut $abc$76949$lut$aiger76948$7162.genblk1.genblk1.genblk1.genblk1.genblk1.genblk1.lut1 (4 -> 0)
  Optimizing lut $abc$76949$lut$aiger76948$7162.genblk1.genblk1.genblk1.genblk1.genblk1.genblk1.lut2 (4 -> 3)
  Optimizing lut $abc$76949$lut$aiger76948$7162.genblk1.genblk1.genblk1.genblk1.genblk1.genblk1.lut3 (4 -> 3)
  Optimizing lut $abc$76949$lut$aiger76948$7149.genblk1.genblk1.genblk1.genblk1.genblk1.genblk1.lut2 (4 -> 0)
  Optimizing lut $abc$76949$lut$aiger76948$7141.genblk1.genblk1.genblk1.genblk1.genblk1.genblk1.genblk1.lut2 (4 -> 0)
  Optimizing lut $abc$76949$lut$aiger76948$7141.genblk1.genblk1.genblk1.genblk1.genblk1.genblk1.genblk1.lut3 (4 -> 0)
  Optimizing lut $abc$76949$lut$aiger76948$7141.genblk1.genblk1.genblk1.genblk1.genblk1.genblk1.genblk1.lut4 (4 -> 2)
  Optimizing lut $abc$76949$lut$aiger76948$7141.genblk1.genblk1.genblk1.genblk1.genblk1.genblk1.genblk1.lut5 (4 -> 0)
  Optimizing lut $abc$76949$lut$aiger76948$7141.genblk1.genblk1.genblk1.genblk1.genblk1.genblk1.genblk1.lut6 (4 -> 2)
  Optimizing lut $abc$76949$lut$aiger76948$7141.genblk1.genblk1.genblk1.genblk1.genblk1.genblk1.genblk1.lut7 (4 -> 2)
  Optimizing lut $abc$76949$lut$aiger76948$7338.genblk1.genblk1.genblk1.genblk1.genblk1.genblk1.genblk1.lut2 (4 -> 0)
  Optimizing lut $abc$76949$lut$aiger76948$7338.genblk1.genblk1.genblk1.genblk1.genblk1.genblk1.genblk1.lut3 (4 -> 0)
  Optimizing lut $abc$76949$lut$aiger76948$7338.genblk1.genblk1.genblk1.genblk1.genblk1.genblk1.genblk1.lut4 (4 -> 0)
  Optimizing lut $abc$76949$lut$aiger76948$7338.genblk1.genblk1.genblk1.genblk1.genblk1.genblk1.genblk1.lut5 (4 -> 0)
  Optimizing lut $abc$76949$lut$aiger76948$7338.genblk1.genblk1.genblk1.genblk1.genblk1.genblk1.genblk1.lut6 (4 -> 0)
  Optimizing lut $abc$76949$lut$aiger76948$7328.genblk1.genblk1.genblk1.genblk1.genblk1.genblk1.lut2 (4 -> 3)
  Optimizing lut $abc$76949$lut$aiger76948$7323.genblk1.genblk1.genblk1.genblk1.genblk1.lut1 (4 -> 0)
  Optimizing lut $abc$76949$lut$aiger76948$7309.genblk1.genblk1.genblk1.genblk1.genblk1.genblk1.lut1 (4 -> 0)
  Optimizing lut $abc$76949$lut$aiger76948$7309.genblk1.genblk1.genblk1.genblk1.genblk1.genblk1.lut3 (4 -> 0)
  Optimizing lut $abc$76949$lut$aiger76948$7302.genblk1.genblk1.genblk1.genblk1.genblk1.genblk1.genblk1.lut1 (4 -> 0)
  Optimizing lut $abc$76949$lut$aiger76948$7302.genblk1.genblk1.genblk1.genblk1.genblk1.genblk1.genblk1.lut2 (4 -> 0)
  Optimizing lut $abc$76949$lut$aiger76948$7302.genblk1.genblk1.genblk1.genblk1.genblk1.genblk1.genblk1.lut3 (4 -> 3)
  Optimizing lut $abc$76949$lut$aiger76948$7302.genblk1.genblk1.genblk1.genblk1.genblk1.genblk1.genblk1.lut4 (4 -> 1)
  Optimizing lut $abc$76949$lut$aiger76948$7302.genblk1.genblk1.genblk1.genblk1.genblk1.genblk1.genblk1.lut5 (4 -> 1)
  Optimizing lut $abc$76949$lut$aiger76948$7302.genblk1.genblk1.genblk1.genblk1.genblk1.genblk1.genblk1.lut6 (4 -> 1)
  Optimizing lut $abc$76949$lut$aiger76948$7292.genblk1.genblk1.genblk1.genblk1.genblk1.genblk1.lut2 (4 -> 0)
  Optimizing lut $abc$76949$lut$aiger76948$7287.genblk1.genblk1.genblk1.genblk1.genblk1.genblk1.lut1 (4 -> 0)
  Optimizing lut $abc$76949$lut$aiger76948$7287.genblk1.genblk1.genblk1.genblk1.genblk1.genblk1.lut2 (4 -> 0)
  Optimizing lut $abc$76949$lut$aiger76948$7269.genblk1.genblk1.genblk1.genblk1.genblk1.genblk1.lut2 (4 -> 3)
  Optimizing lut $abc$76949$lut$aiger76948$7962.genblk1.genblk1.genblk1.genblk1.genblk1.lut1 (4 -> 0)
  Optimizing lut $abc$76949$lut$aiger76948$8179.genblk1.genblk1.genblk1.genblk1.genblk1.genblk1.lut2 (4 -> 0)
  Optimizing lut $abc$76949$lut$aiger76948$8174.genblk1.genblk1.genblk1.genblk1.genblk1.genblk1.genblk1.lut1 (4 -> 3)
  Optimizing lut $abc$76949$lut$aiger76948$8174.genblk1.genblk1.genblk1.genblk1.genblk1.genblk1.genblk1.lut2 (4 -> 0)
  Optimizing lut $abc$76949$lut$aiger76948$8174.genblk1.genblk1.genblk1.genblk1.genblk1.genblk1.genblk1.lut3 (4 -> 0)
  Optimizing lut $abc$76949$lut$aiger76948$8174.genblk1.genblk1.genblk1.genblk1.genblk1.genblk1.genblk1.lut4 (4 -> 3)
  Optimizing lut $abc$76949$lut$aiger76948$8174.genblk1.genblk1.genblk1.genblk1.genblk1.genblk1.genblk1.lut5 (4 -> 0)
  Optimizing lut $abc$76949$lut$aiger76948$8174.genblk1.genblk1.genblk1.genblk1.genblk1.genblk1.genblk1.lut6 (4 -> 0)
  Optimizing lut $abc$76949$lut$aiger76948$8174.genblk1.genblk1.genblk1.genblk1.genblk1.genblk1.genblk1.lut7 (4 -> 0)
  Optimizing lut $abc$76949$lut$aiger76948$8161.genblk1.genblk1.genblk1.genblk1.genblk1.genblk1.lut2 (4 -> 0)
  Optimizing lut $abc$76949$lut$aiger76948$8161.genblk1.genblk1.genblk1.genblk1.genblk1.genblk1.lut3 (4 -> 0)
  Optimizing lut $abc$76949$lut$aiger76948$8155.genblk1.genblk1.genblk1.genblk1.genblk1.genblk1.genblk1.lut1 (4 -> 3)
  Optimizing lut $abc$76949$lut$aiger76948$8155.genblk1.genblk1.genblk1.genblk1.genblk1.genblk1.genblk1.lut2 (4 -> 0)
  Optimizing lut $abc$76949$lut$aiger76948$8155.genblk1.genblk1.genblk1.genblk1.genblk1.genblk1.genblk1.lut3 (4 -> 0)
  Optimizing lut $abc$76949$lut$aiger76948$8155.genblk1.genblk1.genblk1.genblk1.genblk1.genblk1.genblk1.lut4 (4 -> 0)
  Optimizing lut $abc$76949$lut$aiger76948$8155.genblk1.genblk1.genblk1.genblk1.genblk1.genblk1.genblk1.lut5 (4 -> 0)
  Optimizing lut $abc$76949$lut$aiger76948$8155.genblk1.genblk1.genblk1.genblk1.genblk1.genblk1.genblk1.lut6 (4 -> 0)
  Optimizing lut $abc$76949$lut$aiger76948$8155.genblk1.genblk1.genblk1.genblk1.genblk1.genblk1.genblk1.lut7 (4 -> 3)
  Optimizing lut $abc$76949$lut$aiger76948$8835.genblk1.genblk1.genblk1.genblk1.genblk1.genblk1.genblk1.lut2 (4 -> 0)
  Optimizing lut $abc$76949$lut$aiger76948$8835.genblk1.genblk1.genblk1.genblk1.genblk1.genblk1.genblk1.lut3 (4 -> 0)
  Optimizing lut $abc$76949$lut$aiger76948$8835.genblk1.genblk1.genblk1.genblk1.genblk1.genblk1.genblk1.lut4 (4 -> 0)
  Optimizing lut $abc$76949$lut$aiger76948$8835.genblk1.genblk1.genblk1.genblk1.genblk1.genblk1.genblk1.lut5 (4 -> 0)
  Optimizing lut $abc$76949$lut$aiger76948$8835.genblk1.genblk1.genblk1.genblk1.genblk1.genblk1.genblk1.lut6 (4 -> 0)
  Optimizing lut $abc$76949$lut$aiger76948$8818.genblk1.genblk1.genblk1.genblk1.genblk1.genblk1.lut1 (4 -> 0)
  Optimizing lut $abc$76949$lut$aiger76948$8818.genblk1.genblk1.genblk1.genblk1.genblk1.genblk1.lut2 (4 -> 3)
  Optimizing lut $abc$76949$lut$aiger76948$8818.genblk1.genblk1.genblk1.genblk1.genblk1.genblk1.lut3 (4 -> 3)
  Optimizing lut $abc$76949$lut$aiger76948$8802.genblk1.genblk1.genblk1.genblk1.genblk1.genblk1.genblk1.lut1 (4 -> 0)
  Optimizing lut $abc$76949$lut$aiger76948$8802.genblk1.genblk1.genblk1.genblk1.genblk1.genblk1.genblk1.lut2 (4 -> 0)
  Optimizing lut $abc$76949$lut$aiger76948$8802.genblk1.genblk1.genblk1.genblk1.genblk1.genblk1.genblk1.lut3 (4 -> 0)
  Optimizing lut $abc$76949$lut$aiger76948$8802.genblk1.genblk1.genblk1.genblk1.genblk1.genblk1.genblk1.lut4 (4 -> 3)
  Optimizing lut $abc$76949$lut$aiger76948$8802.genblk1.genblk1.genblk1.genblk1.genblk1.genblk1.genblk1.lut5 (4 -> 0)
  Optimizing lut $abc$76949$lut$aiger76948$8802.genblk1.genblk1.genblk1.genblk1.genblk1.genblk1.genblk1.lut6 (4 -> 0)
  Optimizing lut $abc$76949$lut$aiger76948$8802.genblk1.genblk1.genblk1.genblk1.genblk1.genblk1.genblk1.lut7 (4 -> 0)
  Optimizing lut $abc$76949$lut$aiger76948$8794.genblk1.genblk1.genblk1.genblk1.genblk1.genblk1.genblk1.lut1 (4 -> 0)
  Optimizing lut $abc$76949$lut$aiger76948$8794.genblk1.genblk1.genblk1.genblk1.genblk1.genblk1.genblk1.lut2 (4 -> 0)
  Optimizing lut $abc$76949$lut$aiger76948$8794.genblk1.genblk1.genblk1.genblk1.genblk1.genblk1.genblk1.lut3 (4 -> 0)
  Optimizing lut $abc$76949$lut$aiger76948$8794.genblk1.genblk1.genblk1.genblk1.genblk1.genblk1.genblk1.lut4 (4 -> 3)
  Optimizing lut $abc$76949$lut$aiger76948$8794.genblk1.genblk1.genblk1.genblk1.genblk1.genblk1.genblk1.lut5 (4 -> 0)
  Optimizing lut $abc$76949$lut$aiger76948$8794.genblk1.genblk1.genblk1.genblk1.genblk1.genblk1.genblk1.lut6 (4 -> 0)
  Optimizing lut $abc$76949$lut$aiger76948$8794.genblk1.genblk1.genblk1.genblk1.genblk1.genblk1.genblk1.lut7 (4 -> 0)
  Optimizing lut $abc$76949$lut$aiger76948$8781.genblk1.genblk1.genblk1.genblk1.genblk1.genblk1.lut1 (4 -> 0)
  Optimizing lut $abc$76949$lut$aiger76948$8781.genblk1.genblk1.genblk1.genblk1.genblk1.genblk1.lut2 (4 -> 3)
  Optimizing lut $abc$76949$lut$aiger76948$8781.genblk1.genblk1.genblk1.genblk1.genblk1.genblk1.lut3 (4 -> 3)
  Optimizing lut $abc$76949$lut$aiger76948$8745.genblk1.genblk1.genblk1.genblk1.genblk1.genblk1.genblk1.lut2 (4 -> 0)
  Optimizing lut $abc$76949$lut$aiger76948$8745.genblk1.genblk1.genblk1.genblk1.genblk1.genblk1.genblk1.lut3 (4 -> 0)
  Optimizing lut $abc$76949$lut$aiger76948$8745.genblk1.genblk1.genblk1.genblk1.genblk1.genblk1.genblk1.lut4 (4 -> 0)
  Optimizing lut $abc$76949$lut$aiger76948$8745.genblk1.genblk1.genblk1.genblk1.genblk1.genblk1.genblk1.lut5 (4 -> 0)
  Optimizing lut $abc$76949$lut$aiger76948$8745.genblk1.genblk1.genblk1.genblk1.genblk1.genblk1.genblk1.lut6 (4 -> 0)
  Optimizing lut $abc$76949$lut$aiger76948$8728.genblk1.genblk1.genblk1.genblk1.genblk1.genblk1.genblk1.lut1 (4 -> 0)
  Optimizing lut $abc$76949$lut$aiger76948$8728.genblk1.genblk1.genblk1.genblk1.genblk1.genblk1.genblk1.lut2 (4 -> 0)
  Optimizing lut $abc$76949$lut$aiger76948$8728.genblk1.genblk1.genblk1.genblk1.genblk1.genblk1.genblk1.lut3 (4 -> 0)
  Optimizing lut $abc$76949$lut$aiger76948$8728.genblk1.genblk1.genblk1.genblk1.genblk1.genblk1.genblk1.lut4 (4 -> 0)
  Optimizing lut $abc$76949$lut$aiger76948$8728.genblk1.genblk1.genblk1.genblk1.genblk1.genblk1.genblk1.lut5 (4 -> 0)
  Optimizing lut $abc$76949$lut$aiger76948$8728.genblk1.genblk1.genblk1.genblk1.genblk1.genblk1.genblk1.lut6 (4 -> 0)
  Optimizing lut $abc$76949$lut$aiger76948$8728.genblk1.genblk1.genblk1.genblk1.genblk1.genblk1.genblk1.lut7 (4 -> 3)
  Optimizing lut $abc$76949$lut$aiger76948$8718.genblk1.genblk1.genblk1.genblk1.genblk1.lut1 (4 -> 0)
  Optimizing lut $abc$76949$lut$aiger76948$8708.genblk1.genblk1.genblk1.genblk1.genblk1.genblk1.lut3 (4 -> 0)
  Optimizing lut $abc$76949$lut$aiger76948$8703.genblk1.genblk1.genblk1.genblk1.genblk1.genblk1.genblk1.lut1 (4 -> 3)
  Optimizing lut $abc$76949$lut$aiger76948$8703.genblk1.genblk1.genblk1.genblk1.genblk1.genblk1.genblk1.lut2 (4 -> 0)
  Optimizing lut $abc$76949$lut$aiger76948$8703.genblk1.genblk1.genblk1.genblk1.genblk1.genblk1.genblk1.lut3 (4 -> 0)
  Optimizing lut $abc$76949$lut$aiger76948$8703.genblk1.genblk1.genblk1.genblk1.genblk1.genblk1.genblk1.lut4 (4 -> 0)
  Optimizing lut $abc$76949$lut$aiger76948$8703.genblk1.genblk1.genblk1.genblk1.genblk1.genblk1.genblk1.lut5 (4 -> 0)
  Optimizing lut $abc$76949$lut$aiger76948$8703.genblk1.genblk1.genblk1.genblk1.genblk1.genblk1.genblk1.lut6 (4 -> 0)
  Optimizing lut $abc$76949$lut$aiger76948$8703.genblk1.genblk1.genblk1.genblk1.genblk1.genblk1.genblk1.lut7 (4 -> 3)
  Optimizing lut $abc$76949$lut$aiger76948$8693.genblk1.genblk1.genblk1.genblk1.genblk1.genblk1.genblk1.lut1 (4 -> 0)
  Optimizing lut $abc$76949$lut$aiger76948$8693.genblk1.genblk1.genblk1.genblk1.genblk1.genblk1.genblk1.lut2 (4 -> 3)
  Optimizing lut $abc$76949$lut$aiger76948$8693.genblk1.genblk1.genblk1.genblk1.genblk1.genblk1.genblk1.lut3 (4 -> 0)
  Optimizing lut $abc$76949$lut$aiger76948$8693.genblk1.genblk1.genblk1.genblk1.genblk1.genblk1.genblk1.lut4 (4 -> 3)
  Optimizing lut $abc$76949$lut$aiger76948$8693.genblk1.genblk1.genblk1.genblk1.genblk1.genblk1.genblk1.lut5 (4 -> 0)
  Optimizing lut $abc$76949$lut$aiger76948$8693.genblk1.genblk1.genblk1.genblk1.genblk1.genblk1.genblk1.lut6 (4 -> 0)
  Optimizing lut $abc$76949$lut$aiger76948$8693.genblk1.genblk1.genblk1.genblk1.genblk1.genblk1.genblk1.lut7 (4 -> 0)
  Optimizing lut $abc$76949$lut$aiger76948$8664.genblk1.genblk1.genblk1.genblk1.genblk1.genblk1.lut1 (4 -> 0)
  Optimizing lut $abc$76949$lut$aiger76948$8664.genblk1.genblk1.genblk1.genblk1.genblk1.genblk1.lut2 (4 -> 3)
  Optimizing lut $abc$76949$lut$aiger76948$8664.genblk1.genblk1.genblk1.genblk1.genblk1.genblk1.lut3 (4 -> 3)
  Optimizing lut $auto$abc9_ops.cc:1552:reintegrate$77165.genblk1.genblk1.genblk1.genblk1.genblk1.genblk1.lut1 (4 -> 0)
  Optimizing lut $auto$abc9_ops.cc:1552:reintegrate$77165.genblk1.genblk1.genblk1.genblk1.genblk1.genblk1.lut3 (4 -> 0)
  Optimizing lut $abc$76949$lut$aiger76948$6762.genblk1.genblk1.genblk1.genblk1.genblk1.genblk1.genblk1.lut2 (4 -> 0)
  Optimizing lut $abc$76949$lut$aiger76948$6762.genblk1.genblk1.genblk1.genblk1.genblk1.genblk1.genblk1.lut3 (4 -> 0)
  Optimizing lut $abc$76949$lut$aiger76948$6762.genblk1.genblk1.genblk1.genblk1.genblk1.genblk1.genblk1.lut4 (4 -> 0)
  Optimizing lut $abc$76949$lut$aiger76948$6762.genblk1.genblk1.genblk1.genblk1.genblk1.genblk1.genblk1.lut5 (4 -> 0)
  Optimizing lut $abc$76949$lut$aiger76948$6762.genblk1.genblk1.genblk1.genblk1.genblk1.genblk1.genblk1.lut6 (4 -> 0)
  Optimizing lut $abc$76949$lut$aiger76948$6756.genblk1.genblk1.genblk1.genblk1.genblk1.genblk1.genblk1.lut1 (4 -> 3)
  Optimizing lut $abc$76949$lut$aiger76948$6756.genblk1.genblk1.genblk1.genblk1.genblk1.genblk1.genblk1.lut2 (4 -> 0)
  Optimizing lut $abc$76949$lut$aiger76948$6756.genblk1.genblk1.genblk1.genblk1.genblk1.genblk1.genblk1.lut3 (4 -> 0)
  Optimizing lut $abc$76949$lut$aiger76948$6756.genblk1.genblk1.genblk1.genblk1.genblk1.genblk1.genblk1.lut4 (4 -> 3)
  Optimizing lut $abc$76949$lut$aiger76948$6756.genblk1.genblk1.genblk1.genblk1.genblk1.genblk1.genblk1.lut5 (4 -> 0)
  Optimizing lut $abc$76949$lut$aiger76948$6756.genblk1.genblk1.genblk1.genblk1.genblk1.genblk1.genblk1.lut6 (4 -> 0)
  Optimizing lut $abc$76949$lut$aiger76948$6756.genblk1.genblk1.genblk1.genblk1.genblk1.genblk1.genblk1.lut7 (4 -> 0)
  Optimizing lut $abc$76949$lut$aiger76948$6742.genblk1.genblk1.genblk1.genblk1.genblk1.genblk1.genblk1.lut3 (4 -> 0)
  Optimizing lut $abc$76949$lut$aiger76948$6742.genblk1.genblk1.genblk1.genblk1.genblk1.genblk1.genblk1.lut4 (4 -> 0)
  Optimizing lut $abc$76949$lut$aiger76948$6742.genblk1.genblk1.genblk1.genblk1.genblk1.genblk1.genblk1.lut5 (4 -> 0)
  Optimizing lut $abc$76949$lut$aiger76948$6742.genblk1.genblk1.genblk1.genblk1.genblk1.genblk1.genblk1.lut6 (4 -> 0)
  Optimizing lut $abc$76949$lut$aiger76948$6742.genblk1.genblk1.genblk1.genblk1.genblk1.genblk1.genblk1.lut7 (4 -> 0)
  Optimizing lut $abc$76949$lut$aiger76948$6729.genblk1.genblk1.genblk1.genblk1.genblk1.genblk1.genblk1.lut2 (4 -> 0)
  Optimizing lut $abc$76949$lut$aiger76948$6729.genblk1.genblk1.genblk1.genblk1.genblk1.genblk1.genblk1.lut3 (4 -> 3)
  Optimizing lut $abc$76949$lut$aiger76948$6729.genblk1.genblk1.genblk1.genblk1.genblk1.genblk1.genblk1.lut4 (4 -> 3)
  Optimizing lut $abc$76949$lut$aiger76948$6729.genblk1.genblk1.genblk1.genblk1.genblk1.genblk1.genblk1.lut5 (4 -> 0)
  Optimizing lut $abc$76949$lut$aiger76948$6729.genblk1.genblk1.genblk1.genblk1.genblk1.genblk1.genblk1.lut6 (4 -> 0)
  Optimizing lut $abc$76949$lut$aiger76948$6729.genblk1.genblk1.genblk1.genblk1.genblk1.genblk1.genblk1.lut7 (4 -> 0)
  Optimizing lut $abc$76949$lut$aiger76948$6720.genblk1.genblk1.genblk1.genblk1.genblk1.genblk1.genblk1.lut1 (4 -> 0)
  Optimizing lut $abc$76949$lut$aiger76948$6720.genblk1.genblk1.genblk1.genblk1.genblk1.genblk1.genblk1.lut2 (4 -> 0)
  Optimizing lut $abc$76949$lut$aiger76948$6720.genblk1.genblk1.genblk1.genblk1.genblk1.genblk1.genblk1.lut3 (4 -> 0)
  Optimizing lut $abc$76949$lut$aiger76948$6720.genblk1.genblk1.genblk1.genblk1.genblk1.genblk1.genblk1.lut4 (4 -> 3)
  Optimizing lut $abc$76949$lut$aiger76948$6720.genblk1.genblk1.genblk1.genblk1.genblk1.genblk1.genblk1.lut5 (4 -> 0)
  Optimizing lut $abc$76949$lut$aiger76948$6720.genblk1.genblk1.genblk1.genblk1.genblk1.genblk1.genblk1.lut6 (4 -> 0)
  Optimizing lut $abc$76949$lut$aiger76948$6720.genblk1.genblk1.genblk1.genblk1.genblk1.genblk1.genblk1.lut7 (4 -> 3)
  Optimizing lut $abc$76949$lut$aiger76948$6711.genblk1.genblk1.genblk1.genblk1.genblk1.lut1 (4 -> 0)
  Optimizing lut $abc$76949$lut$aiger76948$6704.genblk1.genblk1.genblk1.genblk1.genblk1.genblk1.lut2 (4 -> 3)
  Optimizing lut $abc$76949$lut$aiger76948$6704.genblk1.genblk1.genblk1.genblk1.genblk1.genblk1.lut3 (4 -> 3)
  Optimizing lut $abc$76949$lut$aiger76948$6694.genblk1.genblk1.genblk1.genblk1.genblk1.genblk1.lut1 (4 -> 0)
  Optimizing lut $abc$76949$lut$aiger76948$6694.genblk1.genblk1.genblk1.genblk1.genblk1.genblk1.lut2 (4 -> 0)
  Optimizing lut $abc$76949$lut$aiger76948$6688.genblk1.genblk1.genblk1.genblk1.genblk1.genblk1.lut1 (4 -> 0)
  Optimizing lut $abc$76949$lut$aiger76948$6688.genblk1.genblk1.genblk1.genblk1.genblk1.genblk1.lut3 (4 -> 0)
  Optimizing lut $abc$76949$lut$aiger76948$6682.genblk1.genblk1.genblk1.genblk1.genblk1.genblk1.genblk1.lut1 (4 -> 3)
  Optimizing lut $abc$76949$lut$aiger76948$6682.genblk1.genblk1.genblk1.genblk1.genblk1.genblk1.genblk1.lut2 (4 -> 0)
  Optimizing lut $abc$76949$lut$aiger76948$6682.genblk1.genblk1.genblk1.genblk1.genblk1.genblk1.genblk1.lut3 (4 -> 0)
  Optimizing lut $abc$76949$lut$aiger76948$6682.genblk1.genblk1.genblk1.genblk1.genblk1.genblk1.genblk1.lut4 (4 -> 0)
  Optimizing lut $abc$76949$lut$aiger76948$6682.genblk1.genblk1.genblk1.genblk1.genblk1.genblk1.genblk1.lut5 (4 -> 3)
  Optimizing lut $abc$76949$lut$aiger76948$6682.genblk1.genblk1.genblk1.genblk1.genblk1.genblk1.genblk1.lut6 (4 -> 0)
  Optimizing lut $abc$76949$lut$aiger76948$6682.genblk1.genblk1.genblk1.genblk1.genblk1.genblk1.genblk1.lut7 (4 -> 0)
  Optimizing lut $abc$76949$lut$aiger76948$6668.genblk1.genblk1.genblk1.genblk1.genblk1.genblk1.lut1 (4 -> 0)
  Optimizing lut $abc$76949$lut$aiger76948$6668.genblk1.genblk1.genblk1.genblk1.genblk1.genblk1.lut2 (4 -> 3)
  Optimizing lut $abc$76949$lut$aiger76948$6668.genblk1.genblk1.genblk1.genblk1.genblk1.genblk1.lut3 (4 -> 3)
  Optimizing lut $abc$76949$lut$aiger76948$6660.genblk1.genblk1.genblk1.genblk1.genblk1.genblk1.genblk1.lut1 (4 -> 0)
  Optimizing lut $abc$76949$lut$aiger76948$6660.genblk1.genblk1.genblk1.genblk1.genblk1.genblk1.genblk1.lut2 (4 -> 0)
  Optimizing lut $abc$76949$lut$aiger76948$6660.genblk1.genblk1.genblk1.genblk1.genblk1.genblk1.genblk1.lut3 (4 -> 3)
  Optimizing lut $abc$76949$lut$aiger76948$6660.genblk1.genblk1.genblk1.genblk1.genblk1.genblk1.genblk1.lut4 (4 -> 0)
  Optimizing lut $abc$76949$lut$aiger76948$6660.genblk1.genblk1.genblk1.genblk1.genblk1.genblk1.genblk1.lut5 (4 -> 0)
  Optimizing lut $abc$76949$lut$aiger76948$6660.genblk1.genblk1.genblk1.genblk1.genblk1.genblk1.genblk1.lut6 (4 -> 0)
  Optimizing lut $abc$76949$lut$aiger76948$6660.genblk1.genblk1.genblk1.genblk1.genblk1.genblk1.genblk1.lut7 (4 -> 0)
  Optimizing lut $abc$76949$lut$aiger76948$4368.genblk1.genblk1.genblk1.genblk1.genblk1.genblk1.genblk1.lut2 (4 -> 0)
  Optimizing lut $abc$76949$lut$aiger76948$4368.genblk1.genblk1.genblk1.genblk1.genblk1.genblk1.genblk1.lut3 (4 -> 0)
  Optimizing lut $abc$76949$lut$aiger76948$4368.genblk1.genblk1.genblk1.genblk1.genblk1.genblk1.genblk1.lut4 (4 -> 0)
  Optimizing lut $abc$76949$lut$aiger76948$4368.genblk1.genblk1.genblk1.genblk1.genblk1.genblk1.genblk1.lut5 (4 -> 0)
  Optimizing lut $abc$76949$lut$aiger76948$4368.genblk1.genblk1.genblk1.genblk1.genblk1.genblk1.genblk1.lut6 (4 -> 0)
  Optimizing lut $abc$76949$lut$aiger76948$4362.genblk1.genblk1.genblk1.genblk1.genblk1.genblk1.genblk1.lut1 (4 -> 3)
  Optimizing lut $abc$76949$lut$aiger76948$4362.genblk1.genblk1.genblk1.genblk1.genblk1.genblk1.genblk1.lut2 (4 -> 0)
  Optimizing lut $abc$76949$lut$aiger76948$4362.genblk1.genblk1.genblk1.genblk1.genblk1.genblk1.genblk1.lut3 (4 -> 0)
  Optimizing lut $abc$76949$lut$aiger76948$4362.genblk1.genblk1.genblk1.genblk1.genblk1.genblk1.genblk1.lut4 (4 -> 0)
  Optimizing lut $abc$76949$lut$aiger76948$4362.genblk1.genblk1.genblk1.genblk1.genblk1.genblk1.genblk1.lut5 (4 -> 0)
  Optimizing lut $abc$76949$lut$aiger76948$4362.genblk1.genblk1.genblk1.genblk1.genblk1.genblk1.genblk1.lut6 (4 -> 3)
  Optimizing lut $abc$76949$lut$aiger76948$4362.genblk1.genblk1.genblk1.genblk1.genblk1.genblk1.genblk1.lut7 (4 -> 0)
  Optimizing lut $abc$76949$lut$aiger76948$4353.genblk1.genblk1.genblk1.genblk1.genblk1.genblk1.genblk1.lut1 (4 -> 0)
  Optimizing lut $abc$76949$lut$aiger76948$4353.genblk1.genblk1.genblk1.genblk1.genblk1.genblk1.genblk1.lut2 (4 -> 0)
  Optimizing lut $abc$76949$lut$aiger76948$4353.genblk1.genblk1.genblk1.genblk1.genblk1.genblk1.genblk1.lut3 (4 -> 0)
  Optimizing lut $abc$76949$lut$aiger76948$4353.genblk1.genblk1.genblk1.genblk1.genblk1.genblk1.genblk1.lut4 (4 -> 0)
  Optimizing lut $abc$76949$lut$aiger76948$4353.genblk1.genblk1.genblk1.genblk1.genblk1.genblk1.genblk1.lut5 (4 -> 3)
  Optimizing lut $abc$76949$lut$aiger76948$4353.genblk1.genblk1.genblk1.genblk1.genblk1.genblk1.genblk1.lut6 (4 -> 0)
  Optimizing lut $abc$76949$lut$aiger76948$4353.genblk1.genblk1.genblk1.genblk1.genblk1.genblk1.genblk1.lut7 (4 -> 0)
  Optimizing lut $abc$76949$lut$aiger76948$4319.genblk1.genblk1.genblk1.genblk1.genblk1.genblk1.genblk1.lut2 (4 -> 0)
  Optimizing lut $abc$76949$lut$aiger76948$4319.genblk1.genblk1.genblk1.genblk1.genblk1.genblk1.genblk1.lut3 (4 -> 0)
  Optimizing lut $abc$76949$lut$aiger76948$4319.genblk1.genblk1.genblk1.genblk1.genblk1.genblk1.genblk1.lut4 (4 -> 0)
  Optimizing lut $abc$76949$lut$aiger76948$4319.genblk1.genblk1.genblk1.genblk1.genblk1.genblk1.genblk1.lut5 (4 -> 0)
  Optimizing lut $abc$76949$lut$aiger76948$4319.genblk1.genblk1.genblk1.genblk1.genblk1.genblk1.genblk1.lut6 (4 -> 0)
  Optimizing lut $abc$76949$lut$aiger76948$4319.genblk1.genblk1.genblk1.genblk1.genblk1.genblk1.genblk1.lut7 (4 -> 3)
  Optimizing lut $abc$76949$lut$aiger76948$4286.genblk1.genblk1.genblk1.genblk1.genblk1.genblk1.lut1 (4 -> 0)
  Optimizing lut $abc$76949$lut$aiger76948$4286.genblk1.genblk1.genblk1.genblk1.genblk1.genblk1.lut2 (4 -> 3)
  Optimizing lut $abc$76949$lut$aiger76948$4286.genblk1.genblk1.genblk1.genblk1.genblk1.genblk1.lut3 (4 -> 3)
  Optimizing lut $abc$76949$lut$aiger76948$4278.genblk1.genblk1.genblk1.genblk1.genblk1.genblk1.lut2 (4 -> 3)
  Optimizing lut $abc$76949$lut$aiger76948$4278.genblk1.genblk1.genblk1.genblk1.genblk1.genblk1.lut3 (4 -> 3)
  Optimizing lut $abc$76949$lut$aiger76948$4271.genblk1.genblk1.genblk1.genblk1.genblk1.genblk1.lut1 (4 -> 0)
  Optimizing lut $abc$76949$lut$aiger76948$4271.genblk1.genblk1.genblk1.genblk1.genblk1.genblk1.lut2 (4 -> 3)
  Optimizing lut $abc$76949$lut$aiger76948$4271.genblk1.genblk1.genblk1.genblk1.genblk1.genblk1.lut3 (4 -> 3)
  Optimizing lut $abc$76949$lut$aiger76948$4263.genblk1.genblk1.genblk1.genblk1.genblk1.genblk1.lut2 (4 -> 3)
  Optimizing lut $abc$76949$lut$aiger76948$4263.genblk1.genblk1.genblk1.genblk1.genblk1.genblk1.lut3 (4 -> 3)
  Optimizing lut $abc$76949$lut$aiger76948$4255.genblk1.genblk1.genblk1.genblk1.genblk1.genblk1.genblk1.lut1 (4 -> 3)
  Optimizing lut $abc$76949$lut$aiger76948$4255.genblk1.genblk1.genblk1.genblk1.genblk1.genblk1.genblk1.lut2 (4 -> 0)
  Optimizing lut $abc$76949$lut$aiger76948$4255.genblk1.genblk1.genblk1.genblk1.genblk1.genblk1.genblk1.lut3 (4 -> 0)
  Optimizing lut $abc$76949$lut$aiger76948$4255.genblk1.genblk1.genblk1.genblk1.genblk1.genblk1.genblk1.lut4 (4 -> 0)
  Optimizing lut $abc$76949$lut$aiger76948$4255.genblk1.genblk1.genblk1.genblk1.genblk1.genblk1.genblk1.lut5 (4 -> 0)
  Optimizing lut $abc$76949$lut$aiger76948$4245.genblk1.genblk1.genblk1.genblk1.genblk1.lut1 (4 -> 0)
  Optimizing lut $abc$76949$lut$aiger76948$3595.genblk1.genblk1.genblk1.genblk1.genblk1.lut1 (4 -> 0)
  Optimizing lut $abc$76949$lut$aiger76948$3585.genblk1.genblk1.genblk1.genblk1.genblk1.genblk1.genblk1.lut4 (4 -> 0)
  Optimizing lut $abc$76949$lut$aiger76948$3585.genblk1.genblk1.genblk1.genblk1.genblk1.genblk1.genblk1.lut5 (4 -> 0)
  Optimizing lut $abc$76949$lut$aiger76948$3585.genblk1.genblk1.genblk1.genblk1.genblk1.genblk1.genblk1.lut6 (4 -> 0)
  Optimizing lut $abc$76949$lut$aiger76948$3585.genblk1.genblk1.genblk1.genblk1.genblk1.genblk1.genblk1.lut7 (4 -> 3)
  Optimizing lut $abc$76949$lut$aiger76948$3577.genblk1.genblk1.genblk1.genblk1.genblk1.lut1 (4 -> 0)
  Optimizing lut $abc$76949$lut$aiger76948$3567.genblk1.genblk1.genblk1.genblk1.genblk1.genblk1.genblk1.lut2 (4 -> 0)
  Optimizing lut $abc$76949$lut$aiger76948$3567.genblk1.genblk1.genblk1.genblk1.genblk1.genblk1.genblk1.lut3 (4 -> 0)
  Optimizing lut $abc$76949$lut$aiger76948$3567.genblk1.genblk1.genblk1.genblk1.genblk1.genblk1.genblk1.lut4 (4 -> 0)
  Optimizing lut $abc$76949$lut$aiger76948$3567.genblk1.genblk1.genblk1.genblk1.genblk1.genblk1.genblk1.lut5 (4 -> 0)
  Optimizing lut $abc$76949$lut$aiger76948$3567.genblk1.genblk1.genblk1.genblk1.genblk1.genblk1.genblk1.lut6 (4 -> 0)
  Optimizing lut $abc$76949$lut$aiger76948$3567.genblk1.genblk1.genblk1.genblk1.genblk1.genblk1.genblk1.lut7 (4 -> 3)
  Optimizing lut $abc$76949$lut$aiger76948$3547.genblk1.genblk1.genblk1.genblk1.genblk1.genblk1.genblk1.lut1 (4 -> 0)
  Optimizing lut $abc$76949$lut$aiger76948$3547.genblk1.genblk1.genblk1.genblk1.genblk1.genblk1.genblk1.lut2 (4 -> 0)
  Optimizing lut $abc$76949$lut$aiger76948$3547.genblk1.genblk1.genblk1.genblk1.genblk1.genblk1.genblk1.lut3 (4 -> 0)
  Optimizing lut $abc$76949$lut$aiger76948$3547.genblk1.genblk1.genblk1.genblk1.genblk1.genblk1.genblk1.lut4 (4 -> 0)
  Optimizing lut $abc$76949$lut$aiger76948$3547.genblk1.genblk1.genblk1.genblk1.genblk1.genblk1.genblk1.lut6 (4 -> 3)
  Optimizing lut $abc$76949$lut$aiger76948$3539.genblk1.genblk1.genblk1.genblk1.genblk1.genblk1.genblk1.lut2 (4 -> 3)
  Optimizing lut $abc$76949$lut$aiger76948$3539.genblk1.genblk1.genblk1.genblk1.genblk1.genblk1.genblk1.lut4 (4 -> 0)
  Optimizing lut $abc$76949$lut$aiger76948$3539.genblk1.genblk1.genblk1.genblk1.genblk1.genblk1.genblk1.lut5 (4 -> 0)
  Optimizing lut $abc$76949$lut$aiger76948$3539.genblk1.genblk1.genblk1.genblk1.genblk1.genblk1.genblk1.lut6 (4 -> 0)
  Optimizing lut $abc$76949$lut$aiger76948$3539.genblk1.genblk1.genblk1.genblk1.genblk1.genblk1.genblk1.lut7 (4 -> 0)
  Optimizing lut $abc$76949$lut$aiger76948$3531.genblk1.genblk1.genblk1.genblk1.genblk1.genblk1.genblk1.lut1 (4 -> 0)
  Optimizing lut $abc$76949$lut$aiger76948$3531.genblk1.genblk1.genblk1.genblk1.genblk1.genblk1.genblk1.lut2 (4 -> 0)
  Optimizing lut $abc$76949$lut$aiger76948$3531.genblk1.genblk1.genblk1.genblk1.genblk1.genblk1.genblk1.lut3 (4 -> 0)
  Optimizing lut $abc$76949$lut$aiger76948$3531.genblk1.genblk1.genblk1.genblk1.genblk1.genblk1.genblk1.lut4 (4 -> 0)
  Optimizing lut $abc$76949$lut$aiger76948$3531.genblk1.genblk1.genblk1.genblk1.genblk1.genblk1.genblk1.lut6 (4 -> 3)
  Optimizing lut $abc$76949$lut$aiger76948$3514.genblk1.genblk1.genblk1.genblk1.genblk1.genblk1.genblk1.lut1 (4 -> 0)
  Optimizing lut $abc$76949$lut$aiger76948$3514.genblk1.genblk1.genblk1.genblk1.genblk1.genblk1.genblk1.lut2 (4 -> 3)
  Optimizing lut $abc$76949$lut$aiger76948$3514.genblk1.genblk1.genblk1.genblk1.genblk1.genblk1.genblk1.lut3 (4 -> 0)
  Optimizing lut $abc$76949$lut$aiger76948$3514.genblk1.genblk1.genblk1.genblk1.genblk1.genblk1.genblk1.lut5 (4 -> 0)
  Optimizing lut $abc$76949$lut$aiger76948$3514.genblk1.genblk1.genblk1.genblk1.genblk1.genblk1.genblk1.lut7 (4 -> 0)
  Optimizing lut $abc$76949$lut$aiger76948$3505.genblk1.genblk1.genblk1.genblk1.genblk1.genblk1.lut2 (4 -> 0)
  Optimizing lut $abc$76949$lut$aiger76948$3505.genblk1.genblk1.genblk1.genblk1.genblk1.genblk1.lut3 (4 -> 0)
  Optimizing lut $abc$76949$lut$aiger76948$3499.genblk1.genblk1.genblk1.genblk1.genblk1.genblk1.lut1 (4 -> 0)
  Optimizing lut $abc$76949$lut$aiger76948$3491.genblk1.genblk1.genblk1.genblk1.genblk1.genblk1.genblk1.lut2 (4 -> 3)
  Optimizing lut $abc$76949$lut$aiger76948$3491.genblk1.genblk1.genblk1.genblk1.genblk1.genblk1.genblk1.lut4 (4 -> 0)
  Optimizing lut $abc$76949$lut$aiger76948$3491.genblk1.genblk1.genblk1.genblk1.genblk1.genblk1.genblk1.lut5 (4 -> 0)
  Optimizing lut $abc$76949$lut$aiger76948$3491.genblk1.genblk1.genblk1.genblk1.genblk1.genblk1.genblk1.lut6 (4 -> 0)
  Optimizing lut $abc$76949$lut$aiger76948$3491.genblk1.genblk1.genblk1.genblk1.genblk1.genblk1.genblk1.lut7 (4 -> 0)
  Optimizing lut $auto$abc9_ops.cc:1552:reintegrate$77168.genblk1.genblk1.genblk1.genblk1.genblk1.genblk1.lut3 (4 -> 0)
  Optimizing lut $abc$76949$lut$aiger76948$3187.genblk1.genblk1.genblk1.genblk1.genblk1.genblk1.genblk1.lut2 (4 -> 0)
  Optimizing lut $abc$76949$lut$aiger76948$3187.genblk1.genblk1.genblk1.genblk1.genblk1.genblk1.genblk1.lut3 (4 -> 0)
  Optimizing lut $abc$76949$lut$aiger76948$3187.genblk1.genblk1.genblk1.genblk1.genblk1.genblk1.genblk1.lut4 (4 -> 0)
  Optimizing lut $abc$76949$lut$aiger76948$3187.genblk1.genblk1.genblk1.genblk1.genblk1.genblk1.genblk1.lut5 (4 -> 0)
  Optimizing lut $abc$76949$lut$aiger76948$3187.genblk1.genblk1.genblk1.genblk1.genblk1.genblk1.genblk1.lut6 (4 -> 0)
  Optimizing lut $abc$76949$lut$aiger76948$3181.genblk1.genblk1.genblk1.genblk1.genblk1.genblk1.lut1 (4 -> 0)
  Optimizing lut $abc$76949$lut$aiger76948$3175.genblk1.genblk1.genblk1.genblk1.genblk1.genblk1.genblk1.lut1 (4 -> 0)
  Optimizing lut $abc$76949$lut$aiger76948$3175.genblk1.genblk1.genblk1.genblk1.genblk1.genblk1.genblk1.lut2 (4 -> 0)
  Optimizing lut $abc$76949$lut$aiger76948$3175.genblk1.genblk1.genblk1.genblk1.genblk1.genblk1.genblk1.lut3 (4 -> 0)
  Optimizing lut $abc$76949$lut$aiger76948$3165.genblk1.genblk1.genblk1.genblk1.genblk1.genblk1.genblk1.lut3 (4 -> 0)
  Optimizing lut $abc$76949$lut$aiger76948$3165.genblk1.genblk1.genblk1.genblk1.genblk1.genblk1.genblk1.lut4 (4 -> 0)
  Optimizing lut $abc$76949$lut$aiger76948$3154.genblk1.genblk1.genblk1.genblk1.genblk1.genblk1.lut2 (4 -> 0)
  Optimizing lut $abc$76949$lut$aiger76948$3154.genblk1.genblk1.genblk1.genblk1.genblk1.genblk1.lut3 (4 -> 0)
  Optimizing lut $abc$76949$lut$aiger76948$3146.genblk1.genblk1.genblk1.genblk1.genblk1.genblk1.genblk1.lut3 (4 -> 0)
  Optimizing lut $abc$76949$lut$aiger76948$3146.genblk1.genblk1.genblk1.genblk1.genblk1.genblk1.genblk1.lut4 (4 -> 0)
  Optimizing lut $abc$76949$lut$aiger76948$3136.genblk1.genblk1.genblk1.genblk1.genblk1.genblk1.genblk1.lut2 (4 -> 0)
  Optimizing lut $abc$76949$lut$aiger76948$3136.genblk1.genblk1.genblk1.genblk1.genblk1.genblk1.genblk1.lut3 (4 -> 0)
  Optimizing lut $abc$76949$lut$aiger76948$3136.genblk1.genblk1.genblk1.genblk1.genblk1.genblk1.genblk1.lut4 (4 -> 0)
  Optimizing lut $abc$76949$lut$aiger76948$3125.genblk1.genblk1.genblk1.genblk1.genblk1.genblk1.genblk1.lut1 (4 -> 0)
  Optimizing lut $abc$76949$lut$aiger76948$3125.genblk1.genblk1.genblk1.genblk1.genblk1.genblk1.genblk1.lut2 (4 -> 0)
  Optimizing lut $abc$76949$lut$aiger76948$3125.genblk1.genblk1.genblk1.genblk1.genblk1.genblk1.genblk1.lut6 (4 -> 0)
  Optimizing lut $abc$76949$lut$aiger76948$3115.genblk1.genblk1.genblk1.genblk1.genblk1.lut1 (4 -> 0)
  Optimizing lut $abc$76949$lut$aiger76948$3108.genblk1.genblk1.genblk1.genblk1.genblk1.genblk1.genblk1.lut2 (4 -> 0)
  Optimizing lut $abc$76949$lut$aiger76948$3108.genblk1.genblk1.genblk1.genblk1.genblk1.genblk1.genblk1.lut3 (4 -> 0)
  Optimizing lut $abc$76949$lut$aiger76948$3108.genblk1.genblk1.genblk1.genblk1.genblk1.genblk1.genblk1.lut4 (4 -> 0)
  Optimizing lut $abc$76949$lut$aiger76948$3099.genblk1.genblk1.genblk1.genblk1.genblk1.genblk1.genblk1.lut1 (4 -> 0)
  Optimizing lut $abc$76949$lut$aiger76948$3099.genblk1.genblk1.genblk1.genblk1.genblk1.genblk1.genblk1.lut2 (4 -> 0)
  Optimizing lut $abc$76949$lut$aiger76948$3099.genblk1.genblk1.genblk1.genblk1.genblk1.genblk1.genblk1.lut5 (4 -> 0)
  Optimizing lut $abc$76949$lut$aiger76948$3091.genblk1.genblk1.genblk1.genblk1.genblk1.genblk1.genblk1.lut1 (4 -> 0)
  Optimizing lut $abc$76949$lut$aiger76948$3091.genblk1.genblk1.genblk1.genblk1.genblk1.genblk1.genblk1.lut2 (4 -> 0)
  Optimizing lut $abc$76949$lut$aiger76948$3091.genblk1.genblk1.genblk1.genblk1.genblk1.genblk1.genblk1.lut4 (4 -> 0)
  Optimizing lut $abc$76949$lut$aiger76948$3091.genblk1.genblk1.genblk1.genblk1.genblk1.genblk1.genblk1.lut6 (4 -> 0)
  Optimizing lut $abc$76949$lut$aiger76948$3083.genblk1.genblk1.genblk1.genblk1.genblk1.genblk1.lut1 (4 -> 0)
  Optimizing lut $abc$76949$lut$aiger76948$3083.genblk1.genblk1.genblk1.genblk1.genblk1.genblk1.lut3 (4 -> 0)
  Optimizing lut $abc$76949$lut$aiger76948$3062.genblk1.genblk1.genblk1.genblk1.genblk1.genblk1.lut2 (4 -> 0)
  Optimizing lut $abc$76949$lut$aiger76948$3062.genblk1.genblk1.genblk1.genblk1.genblk1.genblk1.lut3 (4 -> 0)
  Optimizing lut $auto$abc9_ops.cc:1552:reintegrate$77169.genblk1.genblk1.genblk1.genblk1.genblk1.genblk1.genblk1.lut2 (4 -> 0)
  Optimizing lut $auto$abc9_ops.cc:1552:reintegrate$77169.genblk1.genblk1.genblk1.genblk1.genblk1.genblk1.genblk1.lut3 (4 -> 2)
  Optimizing lut $auto$abc9_ops.cc:1552:reintegrate$77169.genblk1.genblk1.genblk1.genblk1.genblk1.genblk1.genblk1.lut4 (4 -> 0)
  Optimizing lut $auto$abc9_ops.cc:1552:reintegrate$77169.genblk1.genblk1.genblk1.genblk1.genblk1.genblk1.genblk1.lut5 (4 -> 0)
  Optimizing lut $auto$abc9_ops.cc:1552:reintegrate$77169.genblk1.genblk1.genblk1.genblk1.genblk1.genblk1.genblk1.lut6 (4 -> 0)
  Optimizing lut $abc$76949$lut$aiger76948$3348.genblk1.genblk1.genblk1.genblk1.genblk1.genblk1.lut1 (4 -> 0)
  Optimizing lut $abc$76949$lut$aiger76948$3338.genblk1.genblk1.genblk1.genblk1.genblk1.genblk1.lut1 (4 -> 0)
  Optimizing lut $abc$76949$lut$aiger76948$3324.genblk1.genblk1.genblk1.genblk1.genblk1.genblk1.lut1 (4 -> 3)
  Optimizing lut $abc$76949$lut$aiger76948$3324.genblk1.genblk1.genblk1.genblk1.genblk1.genblk1.lut2 (4 -> 1)
  Optimizing lut $abc$76949$lut$aiger76948$3279.genblk1.genblk1.genblk1.genblk1.genblk1.genblk1.genblk1.lut1 (4 -> 0)
  Optimizing lut $abc$76949$lut$aiger76948$3279.genblk1.genblk1.genblk1.genblk1.genblk1.genblk1.genblk1.lut2 (4 -> 0)
  Optimizing lut $abc$76949$lut$aiger76948$3279.genblk1.genblk1.genblk1.genblk1.genblk1.genblk1.genblk1.lut3 (4 -> 0)
  Optimizing lut $abc$76949$lut$aiger76948$3279.genblk1.genblk1.genblk1.genblk1.genblk1.genblk1.genblk1.lut6 (4 -> 0)
  Optimizing lut $abc$76949$lut$aiger76948$3279.genblk1.genblk1.genblk1.genblk1.genblk1.genblk1.genblk1.lut7 (4 -> 3)
  Optimizing lut $abc$76949$lut$aiger76948$3253.genblk1.genblk1.genblk1.genblk1.genblk1.genblk1.lut2 (4 -> 0)
  Optimizing lut $abc$76949$lut$aiger76948$3229.genblk1.genblk1.genblk1.genblk1.genblk1.genblk1.genblk1.lut2 (4 -> 0)
  Optimizing lut $abc$76949$lut$aiger76948$3229.genblk1.genblk1.genblk1.genblk1.genblk1.genblk1.genblk1.lut3 (4 -> 0)
  Optimizing lut $abc$76949$lut$aiger76948$3229.genblk1.genblk1.genblk1.genblk1.genblk1.genblk1.genblk1.lut6 (4 -> 0)
  Optimizing lut $abc$76949$lut$aiger76948$3229.genblk1.genblk1.genblk1.genblk1.genblk1.genblk1.genblk1.lut7 (4 -> 3)
  Optimizing lut $abc$76949$lut\_uo_out_val_mem_io_instr_cpu_io_data_req_bits_data[7].genblk1.genblk1.genblk1.genblk1.genblk1.genblk1.lut1 (4 -> 1)
  Optimizing lut $abc$76949$lut$aiger76948$10028.genblk1.genblk1.genblk1.genblk1.genblk1.genblk1.genblk1.lut0 (4 -> 1)
  Optimizing lut $abc$76949$lut$aiger76948$10033.genblk1.genblk1.genblk1.genblk1.genblk1.genblk1.lut0 (4 -> 0)
  Optimizing lut $abc$76949$lut$aiger76948$10050.genblk1.genblk1.genblk1.genblk1.genblk1.lut0 (4 -> 0)
  Optimizing lut $abc$76949$lut$aiger76948$10072.genblk1.genblk1.genblk1.genblk1.genblk1.lut0 (4 -> 0)
  Optimizing lut $abc$76949$lut$aiger76948$10090.genblk1.genblk1.genblk1.genblk1.genblk1.genblk1.lut0 (4 -> 0)
  Optimizing lut $abc$76949$lut$aiger76948$10099.genblk1.genblk1.genblk1.genblk1.genblk1.genblk1.genblk1.lut0 (4 -> 0)
  Optimizing lut $abc$76949$lut$aiger76948$10103.genblk1.genblk1.genblk1.genblk1.genblk1.lut0 (4 -> 0)
  Optimizing lut $abc$76949$lut$aiger76948$10111.genblk1.genblk1.genblk1.genblk1.genblk1.genblk1.genblk1.lut0 (4 -> 0)
  Optimizing lut $abc$76949$lut$aiger76948$10120.genblk1.genblk1.genblk1.genblk1.genblk1.lut0 (4 -> 3)
  Optimizing lut $abc$76949$lut$aiger76948$10132.genblk1.genblk1.genblk1.genblk1.genblk1.genblk1.lut0 (4 -> 0)
  Optimizing lut $abc$76949$lut$aiger76948$10132.genblk1.genblk1.genblk1.genblk1.genblk1.genblk1.lut1 (4 -> 0)
  Optimizing lut $abc$76949$lut$aiger76948$10138.genblk1.genblk1.genblk1.genblk1.genblk1.lut0 (4 -> 1)
  Optimizing lut $abc$76949$lut$aiger76948$10144.genblk1.genblk1.genblk1.genblk1.genblk1.genblk1.genblk1.lut0 (4 -> 0)
  Optimizing lut $abc$76949$lut$aiger76948$10144.genblk1.genblk1.genblk1.genblk1.genblk1.genblk1.genblk1.lut1 (4 -> 0)
  Optimizing lut $abc$76949$lut$aiger76948$10207.genblk1.genblk1.genblk1.genblk1.genblk1.lut0 (4 -> 0)
  Optimizing lut $abc$76949$lut$aiger76948$10448.genblk1.genblk1.genblk1.genblk1.genblk1.lut0 (4 -> 2)
  Optimizing lut $abc$76949$lut$aiger76948$10532.genblk1.genblk1.genblk1.genblk1.genblk1.lut0 (4 -> 0)
  Optimizing lut $abc$76949$lut$aiger76948$5617.genblk1.genblk1.genblk1.genblk1.genblk1.genblk1.genblk1.lut1 (4 -> 1)
  Optimizing lut $abc$76949$lut$aiger76948$5703.genblk1.genblk1.genblk1.genblk1.genblk1.genblk1.genblk1.lut1 (4 -> 1)
  Optimizing lut $abc$76949$lut$aiger76948$5795.genblk1.genblk1.genblk1.genblk1.genblk1.genblk1.genblk1.lut1 (4 -> 1)
  Optimizing lut $abc$76949$lut$aiger76948$6392.genblk1.genblk1.genblk1.genblk1.genblk1.genblk1.genblk1.lut1 (4 -> 1)
  Optimizing lut $abc$76949$lut$aiger76948$6497.genblk1.genblk1.genblk1.genblk1.genblk1.genblk1.genblk1.lut1 (4 -> 1)
  Optimizing lut $abc$76949$lut$aiger76948$5518.genblk1.genblk1.genblk1.genblk1.genblk1.genblk1.lut1 (4 -> 1)
  Optimizing lut $abc$76949$lut$aiger76948$4952.genblk1.genblk1.genblk1.genblk1.genblk1.genblk1.genblk1.lut1 (4 -> 1)
  Optimizing lut $abc$76949$lut$aiger76948$5053.genblk1.genblk1.genblk1.genblk1.genblk1.genblk1.genblk1.lut1 (4 -> 1)
  Optimizing lut $abc$76949$lut$aiger76948$5137.genblk1.genblk1.genblk1.genblk1.genblk1.genblk1.genblk1.lut1 (4 -> 1)
  Optimizing lut $abc$76949$lut$aiger76948$10658.genblk1.genblk1.genblk1.genblk1.genblk1.lut1 (4 -> 3)
  Optimizing lut $abc$76949$lut$aiger76948$10700.genblk1.genblk1.genblk1.genblk1.genblk1.lut0 (4 -> 3)
  Optimizing lut $abc$76949$lut$aiger76948$10736.genblk1.genblk1.genblk1.genblk1.genblk1.lut0 (4 -> 3)
  Optimizing lut $abc$76949$lut$aiger76948$10753.genblk1.genblk1.genblk1.genblk1.genblk1.lut0 (4 -> 3)
  Optimizing lut $abc$76949$lut$aiger76948$10860.genblk1.genblk1.genblk1.genblk1.genblk1.lut0 (4 -> 0)
  Optimizing lut $abc$76949$lut$aiger76948$6509.genblk1.genblk1.genblk1.genblk1.genblk1.genblk1.genblk1.lut1 (4 -> 0)
  Optimizing lut $abc$76949$lut$aiger76948$10914.genblk1.genblk1.genblk1.genblk1.genblk1.genblk1.lut0 (4 -> 0)
  Optimizing lut $abc$76949$lut$aiger76948$10930.genblk1.genblk1.genblk1.genblk1.genblk1.lut0 (4 -> 3)
  Optimizing lut $abc$76949$lut$aiger76948$10971.genblk1.genblk1.genblk1.genblk1.genblk1.lut0 (4 -> 3)
  Optimizing lut $auto$abc9_ops.cc:1552:reintegrate$77112.genblk1.genblk1.genblk1.genblk1.genblk1.genblk1.lut1 (4 -> 0)
  Optimizing lut $abc$76949$lut$aiger76948$11092.genblk1.genblk1.genblk1.genblk1.genblk1.genblk1.lut1 (4 -> 3)
  Optimizing lut $abc$76949$lut$aiger76948$11100.genblk1.genblk1.genblk1.genblk1.genblk1.genblk1.genblk1.lut0 (4 -> 0)
  Optimizing lut $abc$76949$lut$aiger76948$11113.genblk1.genblk1.genblk1.genblk1.genblk1.genblk1.lut1 (4 -> 0)
  Optimizing lut $abc$76949$lut$aiger76948$11129.genblk1.genblk1.genblk1.genblk1.genblk1.genblk1.lut1 (4 -> 3)
  Optimizing lut $abc$76949$lut$aiger76948$11175.genblk1.genblk1.genblk1.genblk1.genblk1.lut0 (4 -> 3)
  Optimizing lut $abc$76949$lut$aiger76948$11272.genblk1.genblk1.genblk1.genblk1.genblk1.lut0 (4 -> 3)
  Optimizing lut $abc$76949$lut$aiger76948$11282.genblk1.genblk1.genblk1.genblk1.genblk1.genblk1.lut0 (4 -> 3)
  Optimizing lut $abc$76949$lut$aiger76948$11314.genblk1.genblk1.genblk1.genblk1.genblk1.genblk1.genblk1.lut0 (4 -> 0)
  Optimizing lut $abc$76949$lut$aiger76948$11314.genblk1.genblk1.genblk1.genblk1.genblk1.genblk1.genblk1.lut1 (4 -> 0)
  Optimizing lut $abc$76949$lut$aiger76948$11390.genblk1.genblk1.genblk1.genblk1.genblk1.lut0 (4 -> 3)
  Optimizing lut $auto$abc9_ops.cc:1552:reintegrate$77083.genblk1.genblk1.genblk1.genblk1.genblk1.lut1 (4 -> 2)
  Optimizing lut $abc$76949$lut$aiger76948$11469.genblk1.genblk1.genblk1.genblk1.genblk1.genblk1.lut1 (4 -> 3)
  Optimizing lut $abc$76949$lut$aiger76948$9139.genblk1.genblk1.genblk1.genblk1.genblk1.genblk1.genblk1.lut1 (4 -> 3)
  Optimizing lut $abc$76949$lut$aiger76948$11479.genblk1.genblk1.genblk1.genblk1.genblk1.genblk1.lut0 (4 -> 3)
  Optimizing lut $abc$76949$lut$aiger76948$11479.genblk1.genblk1.genblk1.genblk1.genblk1.genblk1.lut1 (4 -> 1)
  Optimizing lut $abc$76949$lut$aiger76948$11507.genblk1.genblk1.genblk1.genblk1.genblk1.genblk1.lut0 (4 -> 3)
  Optimizing lut $abc$76949$lut$aiger76948$11539.genblk1.genblk1.genblk1.genblk1.genblk1.lut0 (4 -> 3)
  Optimizing lut $abc$76949$lut$aiger76948$11573.genblk1.genblk1.genblk1.genblk1.genblk1.lut0 (4 -> 3)
  Optimizing lut $abc$76949$lut$aiger76948$11641.genblk1.genblk1.genblk1.genblk1.genblk1.lut0 (4 -> 3)
  Optimizing lut $abc$76949$lut$aiger76948$11677.genblk1.genblk1.genblk1.genblk1.genblk1.genblk1.lut0 (4 -> 3)
  Optimizing lut $auto$abc9_ops.cc:1552:reintegrate$77071.genblk1.genblk1.genblk1.genblk1.genblk1.lut1 (4 -> 2)
  Optimizing lut $abc$76949$lut$aiger76948$11734.genblk1.genblk1.genblk1.genblk1.genblk1.lut0 (4 -> 0)
  Optimizing lut $abc$76949$lut$aiger76948$11776.genblk1.genblk1.genblk1.genblk1.genblk1.genblk1.lut0 (4 -> 0)
  Optimizing lut $abc$76949$lut$aiger76948$11803.genblk1.genblk1.genblk1.genblk1.genblk1.lut0 (4 -> 3)
  Optimizing lut $auto$abc9_ops.cc:1552:reintegrate$77064.genblk1.genblk1.genblk1.genblk1.genblk1.genblk1.lut1 (4 -> 0)
  Optimizing lut $abc$76949$lut$aiger76948$11994.genblk1.genblk1.genblk1.genblk1.genblk1.lut0 (4 -> 3)
  Optimizing lut $abc$76949$lut$aiger76948$12016.genblk1.genblk1.genblk1.genblk1.genblk1.genblk1.genblk1.lut0 (4 -> 0)
  Optimizing lut $abc$76949$lut$aiger76948$12016.genblk1.genblk1.genblk1.genblk1.genblk1.genblk1.genblk1.lut1 (4 -> 0)
  Optimizing lut $auto$abc9_ops.cc:1552:reintegrate$77054.genblk1.genblk1.genblk1.genblk1.genblk1.lut1 (4 -> 3)
  Optimizing lut $auto$abc9_ops.cc:1552:reintegrate$77051.genblk1.genblk1.genblk1.genblk1.genblk1.genblk1.lut1 (4 -> 0)
  Optimizing lut $auto$abc9_ops.cc:1552:reintegrate$77050.genblk1.genblk1.genblk1.genblk1.genblk1.genblk1.lut1 (4 -> 0)
  Optimizing lut $abc$76949$lut$aiger76948$12150.genblk1.genblk1.genblk1.genblk1.genblk1.lut0 (4 -> 3)
  Optimizing lut $abc$76949$lut$aiger76948$12150.genblk1.genblk1.genblk1.genblk1.genblk1.lut1 (4 -> 3)
  Optimizing lut $abc$76949$lut$aiger76948$12211.genblk1.genblk1.genblk1.genblk1.genblk1.lut0 (4 -> 3)
  Optimizing lut $abc$76949$lut$aiger76948$12220.genblk1.genblk1.genblk1.genblk1.genblk1.lut0 (4 -> 0)
  Optimizing lut $auto$abc9_ops.cc:1552:reintegrate$77045.genblk1.genblk1.genblk1.genblk1.genblk1.lut1 (4 -> 3)
  Optimizing lut $auto$abc9_ops.cc:1552:reintegrate$77041.genblk1.genblk1.genblk1.genblk1.genblk1.lut1 (4 -> 3)
  Optimizing lut $auto$abc9_ops.cc:1552:reintegrate$77040.genblk1.genblk1.genblk1.genblk1.genblk1.genblk1.lut1 (4 -> 0)
  Optimizing lut $abc$76949$lut$aiger76948$12367.genblk1.genblk1.genblk1.genblk1.genblk1.genblk1.lut0 (4 -> 3)
  Optimizing lut $abc$76949$lut$aiger76948$12371.genblk1.genblk1.genblk1.genblk1.genblk1.lut1 (4 -> 3)
  Optimizing lut $abc$76949$lut$aiger76948$12394.genblk1.genblk1.genblk1.genblk1.genblk1.lut1 (4 -> 0)
  Optimizing lut $abc$76949$lut\uo_out_val_mem_io_instr_cpu.regFile.io_wData[12].genblk1.genblk1.genblk1.genblk1.genblk1.genblk1.lut1 (4 -> 3)
  Optimizing lut $abc$76949$lut$aiger76948$12435.genblk1.genblk1.genblk1.genblk1.genblk1.lut0 (4 -> 3)
  Optimizing lut $abc$76949$lut$aiger76948$12444.genblk1.genblk1.genblk1.genblk1.genblk1.lut0 (4 -> 0)
  Optimizing lut $abc$76949$lut$aiger76948$12455.genblk1.genblk1.genblk1.genblk1.genblk1.genblk1.genblk1.lut0 (4 -> 0)
  Optimizing lut $abc$76949$lut$aiger76948$12455.genblk1.genblk1.genblk1.genblk1.genblk1.genblk1.genblk1.lut1 (4 -> 0)
  Optimizing lut $abc$76949$lut$aiger76948$12477.genblk1.genblk1.genblk1.genblk1.genblk1.genblk1.lut0 (4 -> 2)
  Optimizing lut $abc$76949$lut$aiger76948$12495.genblk1.genblk1.genblk1.genblk1.genblk1.genblk1.genblk1.lut0 (4 -> 1)
  Optimizing lut $abc$76949$lut$aiger76948$12495.genblk1.genblk1.genblk1.genblk1.genblk1.genblk1.genblk1.lut1 (4 -> 1)
  Optimizing lut $abc$76949$lut$aiger76948$12501.genblk1.genblk1.genblk1.genblk1.genblk1.lut0 (4 -> 0)
  Optimizing lut $auto$abc9_ops.cc:1552:reintegrate$77035.genblk1.genblk1.genblk1.genblk1.genblk1.genblk1.lut1 (4 -> 0)
  Optimizing lut $auto$abc9_ops.cc:1552:reintegrate$77034.genblk1.genblk1.genblk1.genblk1.genblk1.lut1 (4 -> 2)
  Optimizing lut $auto$abc9_ops.cc:1552:reintegrate$77033.genblk1.genblk1.genblk1.genblk1.genblk1.lut1 (4 -> 2)
  Optimizing lut $abc$76949$lut$aiger76948$12577.genblk1.genblk1.genblk1.genblk1.genblk1.lut0 (4 -> 0)
  Optimizing lut $abc$76949$lut$aiger76948$12586.genblk1.genblk1.genblk1.genblk1.genblk1.genblk1.lut0 (4 -> 3)
  Optimizing lut $abc$76949$lut$aiger76948$12586.genblk1.genblk1.genblk1.genblk1.genblk1.genblk1.lut1 (4 -> 2)
  Optimizing lut $abc$76949$lut$aiger76948$12612.genblk1.genblk1.genblk1.genblk1.genblk1.lut0 (4 -> 0)
  Optimizing lut $abc$76949$lut$aiger76948$12616.genblk1.genblk1.genblk1.genblk1.genblk1.lut1 (4 -> 0)
  Optimizing lut $auto$abc9_ops.cc:1552:reintegrate$77030.genblk1.genblk1.genblk1.genblk1.genblk1.lut1 (4 -> 3)
  Optimizing lut $auto$abc9_ops.cc:1552:reintegrate$77029.genblk1.genblk1.genblk1.genblk1.genblk1.genblk1.lut1 (4 -> 0)
  Optimizing lut $abc$76949$lut$aiger76948$12671.genblk1.genblk1.genblk1.genblk1.genblk1.genblk1.lut0 (4 -> 0)
  Optimizing lut $abc$76949$lut$aiger76948$12676.genblk1.genblk1.genblk1.genblk1.genblk1.genblk1.lut0 (4 -> 0)
  Optimizing lut $abc$76949$lut$aiger76948$12676.genblk1.genblk1.genblk1.genblk1.genblk1.genblk1.lut1 (4 -> 3)
  Optimizing lut $abc$76949$lut$aiger76948$12684.genblk1.genblk1.genblk1.genblk1.genblk1.lut0 (4 -> 0)
  Optimizing lut $abc$76949$lut$aiger76948$12708.genblk1.genblk1.genblk1.genblk1.genblk1.genblk1.genblk1.lut0 (4 -> 0)
  Optimizing lut $abc$76949$lut$aiger76948$12708.genblk1.genblk1.genblk1.genblk1.genblk1.genblk1.genblk1.lut1 (4 -> 0)
  Optimizing lut $abc$76949$lut$aiger76948$12714.genblk1.genblk1.genblk1.genblk1.genblk1.lut0 (4 -> 0)
  Optimizing lut $abc$76949$lut$aiger76948$12721.genblk1.genblk1.genblk1.genblk1.genblk1.lut1 (4 -> 0)
  Optimizing lut $abc$76949$lut$aiger76948$12753.genblk1.genblk1.genblk1.genblk1.genblk1.lut1 (4 -> 0)
  Optimizing lut $abc$76949$lut$aiger76948$12779.genblk1.genblk1.genblk1.genblk1.genblk1.genblk1.genblk1.lut0 (4 -> 0)
  Optimizing lut $abc$76949$lut$aiger76948$12783.genblk1.genblk1.genblk1.genblk1.genblk1.lut0 (4 -> 0)
  Optimizing lut $abc$76949$lut$aiger76948$12787.genblk1.genblk1.genblk1.genblk1.genblk1.lut1 (4 -> 0)
  Optimizing lut $auto$abc9_ops.cc:1552:reintegrate$77027.genblk1.genblk1.genblk1.genblk1.genblk1.lut1 (4 -> 3)
  Optimizing lut $auto$abc9_ops.cc:1552:reintegrate$77026.genblk1.genblk1.genblk1.genblk1.genblk1.lut1 (4 -> 2)
  Optimizing lut $auto$abc9_ops.cc:1552:reintegrate$77025.genblk1.genblk1.genblk1.genblk1.genblk1.genblk1.lut1 (4 -> 0)
  Optimizing lut $auto$abc9_ops.cc:1552:reintegrate$77024.genblk1.genblk1.genblk1.genblk1.genblk1.lut1 (4 -> 2)
  Optimizing lut $abc$76949$lut$aiger76948$12851.genblk1.genblk1.genblk1.genblk1.genblk1.lut0 (4 -> 0)
  Optimizing lut $abc$76949$lut$aiger76948$12873.genblk1.genblk1.genblk1.genblk1.genblk1.lut0 (4 -> 0)
  Optimizing lut $abc$76949$lut$aiger76948$12877.genblk1.genblk1.genblk1.genblk1.genblk1.lut1 (4 -> 0)
  Optimizing lut $abc$76949$lut\uo_out_val_mem_io_instr_cpu.regFile.io_wData[17].genblk1.genblk1.genblk1.genblk1.genblk1.genblk1.genblk1.lut1 (4 -> 3)
  Optimizing lut $abc$76949$lut$aiger76948$12908.genblk1.genblk1.genblk1.genblk1.genblk1.genblk1.lut0 (4 -> 3)
  Optimizing lut $abc$76949$lut$aiger76948$12908.genblk1.genblk1.genblk1.genblk1.genblk1.genblk1.lut1 (4 -> 3)
  Optimizing lut $abc$76949$lut$aiger76948$12931.genblk1.genblk1.genblk1.genblk1.genblk1.lut0 (4 -> 0)
  Optimizing lut $abc$76949$lut$aiger76948$12935.genblk1.genblk1.genblk1.genblk1.genblk1.lut1 (4 -> 0)
  Optimizing lut $auto$abc9_ops.cc:1552:reintegrate$77023.genblk1.genblk1.genblk1.genblk1.genblk1.genblk1.lut1 (4 -> 0)
  Optimizing lut $auto$abc9_ops.cc:1552:reintegrate$77022.genblk1.genblk1.genblk1.genblk1.genblk1.genblk1.lut1 (4 -> 0)
  Optimizing lut $abc$76949$lut$aiger76948$12984.genblk1.genblk1.genblk1.genblk1.genblk1.lut0 (4 -> 0)
  Optimizing lut $abc$76949$lut$aiger76948$13004.genblk1.genblk1.genblk1.genblk1.genblk1.lut0 (4 -> 0)
  Optimizing lut $abc$76949$lut$aiger76948$13008.genblk1.genblk1.genblk1.genblk1.genblk1.lut1 (4 -> 0)
  Optimizing lut $auto$abc9_ops.cc:1552:reintegrate$77021.genblk1.genblk1.genblk1.genblk1.genblk1.lut1 (4 -> 2)
  Optimizing lut $auto$abc9_ops.cc:1552:reintegrate$77020.genblk1.genblk1.genblk1.genblk1.genblk1.genblk1.lut1 (4 -> 0)
  Optimizing lut $auto$abc9_ops.cc:1552:reintegrate$77019.genblk1.genblk1.genblk1.genblk1.genblk1.lut1 (4 -> 2)
  Optimizing lut $auto$abc9_ops.cc:1552:reintegrate$77018.genblk1.genblk1.genblk1.genblk1.genblk1.genblk1.lut1 (4 -> 0)
  Optimizing lut $abc$76949$lut$aiger76948$13087.genblk1.genblk1.genblk1.genblk1.genblk1.genblk1.lut0 (4 -> 2)
  Optimizing lut $abc$76949$lut$aiger76948$13091.genblk1.genblk1.genblk1.genblk1.genblk1.lut0 (4 -> 3)
  Optimizing lut $abc$76949$lut$aiger76948$13105.genblk1.genblk1.genblk1.genblk1.genblk1.lut0 (4 -> 0)
  Optimizing lut $abc$76949$lut$aiger76948$13109.genblk1.genblk1.genblk1.genblk1.genblk1.lut1 (4 -> 0)
  Optimizing lut $auto$abc9_ops.cc:1552:reintegrate$77017.genblk1.genblk1.genblk1.genblk1.genblk1.lut1 (4 -> 2)
  Optimizing lut $auto$abc9_ops.cc:1552:reintegrate$77016.genblk1.genblk1.genblk1.genblk1.genblk1.lut1 (4 -> 2)
  Optimizing lut $abc$76949$lut$aiger76948$13157.genblk1.genblk1.genblk1.genblk1.genblk1.genblk1.genblk1.lut0 (4 -> 0)
  Optimizing lut $abc$76949$lut$aiger76948$13157.genblk1.genblk1.genblk1.genblk1.genblk1.genblk1.genblk1.lut1 (4 -> 0)
  Optimizing lut $abc$76949$lut$aiger76948$13173.genblk1.genblk1.genblk1.genblk1.genblk1.lut0 (4 -> 3)
  Optimizing lut $abc$76949$lut$aiger76948$13181.genblk1.genblk1.genblk1.genblk1.genblk1.lut0 (4 -> 2)
  Optimizing lut $abc$76949$lut$aiger76948$13191.genblk1.genblk1.genblk1.genblk1.genblk1.genblk1.lut0 (4 -> 0)
  Optimizing lut $abc$76949$lut$aiger76948$13195.genblk1.genblk1.genblk1.genblk1.genblk1.lut0 (4 -> 0)
  Optimizing lut $abc$76949$lut$aiger76948$13199.genblk1.genblk1.genblk1.genblk1.genblk1.lut1 (4 -> 0)
  Optimizing lut $auto$abc9_ops.cc:1552:reintegrate$77015.genblk1.genblk1.genblk1.genblk1.genblk1.genblk1.lut1 (4 -> 0)
  Optimizing lut $abc$76949$lut$aiger76948$13234.genblk1.genblk1.genblk1.genblk1.genblk1.lut0 (4 -> 0)
  Optimizing lut $abc$76949$lut$aiger76948$13252.genblk1.genblk1.genblk1.genblk1.genblk1.lut0 (4 -> 0)
  Optimizing lut $abc$76949$lut$aiger76948$13256.genblk1.genblk1.genblk1.genblk1.genblk1.lut1 (4 -> 0)
  Optimizing lut $auto$abc9_ops.cc:1552:reintegrate$77014.genblk1.genblk1.genblk1.genblk1.genblk1.lut1 (4 -> 2)
  Optimizing lut $auto$abc9_ops.cc:1552:reintegrate$77013.genblk1.genblk1.genblk1.genblk1.genblk1.genblk1.lut1 (4 -> 0)
  Optimizing lut $abc$76949$lut$aiger76948$13305.genblk1.genblk1.genblk1.genblk1.genblk1.lut0 (4 -> 3)
  Optimizing lut $abc$76949$lut$aiger76948$13329.genblk1.genblk1.genblk1.genblk1.genblk1.lut0 (4 -> 0)
  Optimizing lut $abc$76949$lut$aiger76948$13333.genblk1.genblk1.genblk1.genblk1.genblk1.lut1 (4 -> 0)
  Optimizing lut $auto$abc9_ops.cc:1552:reintegrate$77012.genblk1.genblk1.genblk1.genblk1.genblk1.lut1 (4 -> 2)
  Optimizing lut $abc$76949$lut$aiger76948$13367.genblk1.genblk1.genblk1.genblk1.genblk1.lut1 (4 -> 3)
  Optimizing lut $abc$76949$lut$aiger76948$13380.genblk1.genblk1.genblk1.genblk1.genblk1.lut0 (4 -> 0)
  Optimizing lut $abc$76949$lut$aiger76948$13388.genblk1.genblk1.genblk1.genblk1.genblk1.lut0 (4 -> 0)
  Optimizing lut $abc$76949$lut$aiger76948$13392.genblk1.genblk1.genblk1.genblk1.genblk1.lut1 (4 -> 0)
  Optimizing lut $abc$76949$lut$aiger76948$13408.genblk1.genblk1.genblk1.genblk1.genblk1.lut0 (4 -> 2)
  Optimizing lut $auto$abc9_ops.cc:1552:reintegrate$77011.genblk1.genblk1.genblk1.genblk1.genblk1.genblk1.lut1 (4 -> 0)
  Optimizing lut $abc$76949$lut$aiger76948$13437.genblk1.genblk1.genblk1.genblk1.genblk1.genblk1.lut0 (4 -> 2)
  Optimizing lut $abc$76949$lut$aiger76948$13437.genblk1.genblk1.genblk1.genblk1.genblk1.genblk1.lut1 (4 -> 3)
  Optimizing lut $abc$76949$lut$aiger76948$13450.genblk1.genblk1.genblk1.genblk1.genblk1.genblk1.genblk1.lut0 (4 -> 0)
  Optimizing lut $abc$76949$lut$aiger76948$13464.genblk1.genblk1.genblk1.genblk1.genblk1.lut0 (4 -> 3)
  Optimizing lut $abc$76949$lut$aiger76948$13473.genblk1.genblk1.genblk1.genblk1.genblk1.genblk1.genblk1.lut0 (4 -> 3)
  Optimizing lut $abc$76949$lut$aiger76948$13478.genblk1.genblk1.genblk1.genblk1.genblk1.genblk1.lut0 (4 -> 3)
  Optimizing lut $abc$76949$lut$aiger76948$13485.genblk1.genblk1.genblk1.genblk1.genblk1.lut0 (4 -> 0)
  Optimizing lut $abc$76949$lut$aiger76948$13489.genblk1.genblk1.genblk1.genblk1.genblk1.lut1 (4 -> 0)
  Optimizing lut $auto$abc9_ops.cc:1552:reintegrate$77010.genblk1.genblk1.genblk1.genblk1.genblk1.genblk1.lut1 (4 -> 0)
  Optimizing lut $abc$76949$lut$aiger76948$13554.genblk1.genblk1.genblk1.genblk1.genblk1.lut0 (4 -> 0)
  Optimizing lut $abc$76949$lut$aiger76948$13558.genblk1.genblk1.genblk1.genblk1.genblk1.lut1 (4 -> 0)
  Optimizing lut $auto$abc9_ops.cc:1552:reintegrate$77009.genblk1.genblk1.genblk1.genblk1.genblk1.genblk1.lut1 (4 -> 0)
  Optimizing lut $auto$abc9_ops.cc:1552:reintegrate$77008.genblk1.genblk1.genblk1.genblk1.genblk1.genblk1.lut1 (4 -> 0)
  Optimizing lut $abc$76949$lut$aiger76948$13603.genblk1.genblk1.genblk1.genblk1.genblk1.lut0 (4 -> 3)
  Optimizing lut $abc$76949$lut$aiger76948$13608.genblk1.genblk1.genblk1.genblk1.genblk1.genblk1.lut0 (4 -> 2)
  Optimizing lut $abc$76949$lut$aiger76948$13651.genblk1.genblk1.genblk1.genblk1.genblk1.genblk1.genblk1.lut0 (4 -> 1)
  Optimizing lut $abc$76949$lut$aiger76948$13655.genblk1.genblk1.genblk1.genblk1.genblk1.lut0 (4 -> 0)
  Optimizing lut $auto$abc9_ops.cc:1552:reintegrate$77007.genblk1.genblk1.genblk1.genblk1.genblk1.genblk1.lut1 (4 -> 0)
  Optimizing lut $abc$76949$lut$aiger76948$13692.genblk1.genblk1.genblk1.genblk1.genblk1.lut1 (4 -> 0)
  Optimizing lut $abc$76949$lut$aiger76948$13711.genblk1.genblk1.genblk1.genblk1.genblk1.lut1 (4 -> 3)
  Optimizing lut $abc$76949$lut$aiger76948$13725.genblk1.genblk1.genblk1.genblk1.genblk1.lut0 (4 -> 0)
  Optimizing lut $abc$76949$lut$aiger76948$13729.genblk1.genblk1.genblk1.genblk1.genblk1.lut1 (4 -> 0)
  Optimizing lut $abc$76949$lut$aiger76948$13778.genblk1.genblk1.genblk1.genblk1.genblk1.lut0 (4 -> 3)
  Optimizing lut $abc$76949$lut$aiger76948$13782.genblk1.genblk1.genblk1.genblk1.genblk1.lut1 (4 -> 3)
  Optimizing lut $abc$76949$lut$aiger76948$13790.genblk1.genblk1.genblk1.genblk1.genblk1.lut0 (4 -> 0)
  Optimizing lut $abc$76949$lut$aiger76948$13794.genblk1.genblk1.genblk1.genblk1.genblk1.lut1 (4 -> 0)
  Optimizing lut $auto$abc9_ops.cc:1552:reintegrate$77006.genblk1.genblk1.genblk1.genblk1.genblk1.genblk1.lut1 (4 -> 0)
  Optimizing lut $auto$abc9_ops.cc:1552:reintegrate$77005.genblk1.genblk1.genblk1.genblk1.genblk1.genblk1.lut1 (4 -> 0)
  Optimizing lut $abc$76949$lut$aiger76948$13850.genblk1.genblk1.genblk1.genblk1.genblk1.genblk1.lut0 (4 -> 3)
  Optimizing lut $abc$76949$lut$aiger76948$13875.genblk1.genblk1.genblk1.genblk1.genblk1.lut0 (4 -> 0)
  Optimizing lut $abc$76949$lut$aiger76948$13879.genblk1.genblk1.genblk1.genblk1.genblk1.lut1 (4 -> 0)
  Optimizing lut $abc$76949$lut$aiger76948$13915.genblk1.genblk1.genblk1.genblk1.genblk1.genblk1.lut0 (4 -> 0)
  Optimizing lut $abc$76949$lut$aiger76948$13915.genblk1.genblk1.genblk1.genblk1.genblk1.genblk1.lut1 (4 -> 0)
  Optimizing lut $abc$76949$lut$aiger76948$13923.genblk1.genblk1.genblk1.genblk1.genblk1.genblk1.lut0 (4 -> 3)
  Optimizing lut $abc$76949$lut$aiger76948$13930.genblk1.genblk1.genblk1.genblk1.genblk1.genblk1.genblk1.lut0 (4 -> 0)
  Optimizing lut $abc$76949$lut$aiger76948$13938.genblk1.genblk1.genblk1.genblk1.genblk1.lut0 (4 -> 0)
  Optimizing lut $abc$76949$lut$aiger76948$13942.genblk1.genblk1.genblk1.genblk1.genblk1.lut1 (4 -> 0)
  Optimizing lut $auto$abc9_ops.cc:1552:reintegrate$77004.genblk1.genblk1.genblk1.genblk1.genblk1.genblk1.lut1 (4 -> 0)
  Optimizing lut $abc$76949$lut$aiger76948$3187.genblk1.genblk1.genblk1.genblk1.genblk1.genblk1.genblk1.lut1 (4 -> 0)
  Optimizing lut $auto$abc9_ops.cc:1552:reintegrate$77138.genblk1.genblk1.genblk1.genblk1.genblk1.lut1 (4 -> 2)
  Optimizing lut $abc$76949$lut$aiger76948$2547.genblk1.genblk1.genblk1.genblk1.genblk1.lut0 (4 -> 0)
  Optimizing lut $abc$76949$lut$aiger76948$2581.genblk1.genblk1.genblk1.genblk1.genblk1.lut1 (4 -> 0)
  Optimizing lut $abc$76949$lut$aiger76948$2676.genblk1.genblk1.genblk1.genblk1.genblk1.lut0 (4 -> 0)
  Optimizing lut $abc$76949$lut$aiger76948$2696.genblk1.genblk1.genblk1.genblk1.genblk1.lut0 (4 -> 0)
  Optimizing lut $abc$76949$lut$aiger76948$2748.genblk1.genblk1.genblk1.genblk1.genblk1.lut1 (4 -> 0)
  Optimizing lut $auto$abc9_ops.cc:1552:reintegrate$77082.genblk1.genblk1.genblk1.genblk1.genblk1.genblk1.lut1 (4 -> 0)
  Optimizing lut $abc$76949$lut$aiger76948$2890.genblk1.genblk1.genblk1.genblk1.genblk1.genblk1.genblk1.lut0 (4 -> 0)
  Optimizing lut $abc$76949$lut$aiger76948$2895.genblk1.genblk1.genblk1.genblk1.genblk1.genblk1.lut0 (4 -> 0)
  Optimizing lut $abc$76949$lut$aiger76948$2899.genblk1.genblk1.genblk1.genblk1.genblk1.lut0 (4 -> 0)
  Optimizing lut $abc$76949$lut$aiger76948$2912.genblk1.genblk1.genblk1.genblk1.genblk1.genblk1.genblk1.lut0 (4 -> 0)
  Optimizing lut $abc$76949$lut$aiger76948$2922.genblk1.genblk1.genblk1.genblk1.genblk1.genblk1.genblk1.lut0 (4 -> 0)
  Optimizing lut $abc$76949$lut$aiger76948$2931.genblk1.genblk1.genblk1.genblk1.genblk1.genblk1.lut0 (4 -> 0)
  Optimizing lut $abc$76949$lut$aiger76948$2939.genblk1.genblk1.genblk1.genblk1.genblk1.genblk1.lut0 (4 -> 0)
  Optimizing lut $abc$76949$lut$aiger76948$2943.genblk1.genblk1.genblk1.genblk1.genblk1.lut0 (4 -> 0)
  Optimizing lut $abc$76949$lut$aiger76948$2947.genblk1.genblk1.genblk1.genblk1.genblk1.lut0 (4 -> 0)
  Optimizing lut $abc$76949$lut$aiger76948$2954.genblk1.genblk1.genblk1.genblk1.genblk1.lut0 (4 -> 3)
  Optimizing lut $abc$76949$lut$aiger76948$2962.genblk1.genblk1.genblk1.genblk1.genblk1.genblk1.genblk1.lut0 (4 -> 0)
  Optimizing lut $abc$76949$lut$aiger76948$2967.genblk1.genblk1.genblk1.genblk1.genblk1.lut0 (4 -> 0)
  Optimizing lut $abc$76949$lut$aiger76948$2974.genblk1.genblk1.genblk1.genblk1.genblk1.lut0 (4 -> 0)
  Optimizing lut $abc$76949$lut$aiger76948$2982.genblk1.genblk1.genblk1.genblk1.genblk1.genblk1.genblk1.lut0 (4 -> 3)
  Optimizing lut $abc$76949$lut$aiger76948$2986.genblk1.genblk1.genblk1.genblk1.genblk1.lut0 (4 -> 0)
  Optimizing lut $abc$76949$lut$aiger76948$3229.genblk1.genblk1.genblk1.genblk1.genblk1.genblk1.genblk1.lut1 (4 -> 0)
  Optimizing lut $abc$76949$lut$aiger76948$3000.genblk1.genblk1.genblk1.genblk1.genblk1.genblk1.lut0 (4 -> 0)
  Optimizing lut $abc$76949$lut$aiger76948$3008.genblk1.genblk1.genblk1.genblk1.genblk1.genblk1.lut0 (4 -> 0)
  Optimizing lut $abc$76949$lut$aiger76948$3016.genblk1.genblk1.genblk1.genblk1.genblk1.genblk1.genblk1.lut0 (4 -> 3)
  Optimizing lut $abc$76949$lut$aiger76948$3026.genblk1.genblk1.genblk1.genblk1.genblk1.genblk1.genblk1.lut0 (4 -> 0)
  Optimizing lut $abc$76949$lut$aiger76948$3031.genblk1.genblk1.genblk1.genblk1.genblk1.genblk1.lut0 (4 -> 0)
  Optimizing lut $abc$76949$lut$aiger76948$3031.genblk1.genblk1.genblk1.genblk1.genblk1.genblk1.lut1 (4 -> 0)
  Optimizing lut $auto$abc9_ops.cc:1552:reintegrate$77169.genblk1.genblk1.genblk1.genblk1.genblk1.genblk1.genblk1.lut1 (4 -> 0)
  Optimizing lut $abc$76949$lut$aiger76948$3053.genblk1.genblk1.genblk1.genblk1.genblk1.genblk1.lut0 (4 -> 0)
  Optimizing lut $abc$76949$lut$aiger76948$3053.genblk1.genblk1.genblk1.genblk1.genblk1.genblk1.lut1 (4 -> 0)
  Optimizing lut $abc$76949$lut$aiger76948$3062.genblk1.genblk1.genblk1.genblk1.genblk1.genblk1.lut0 (4 -> 0)
  Optimizing lut $abc$76949$lut$aiger76948$3070.genblk1.genblk1.genblk1.genblk1.genblk1.genblk1.lut0 (4 -> 0)
  Optimizing lut $abc$76949$lut$aiger76948$3070.genblk1.genblk1.genblk1.genblk1.genblk1.genblk1.lut1 (4 -> 0)
  Optimizing lut $abc$76949$lut$aiger76948$3083.genblk1.genblk1.genblk1.genblk1.genblk1.genblk1.lut0 (4 -> 0)
  Optimizing lut $abc$76949$lut$aiger76948$3091.genblk1.genblk1.genblk1.genblk1.genblk1.genblk1.genblk1.lut0 (4 -> 0)
  Optimizing lut $abc$76949$lut$aiger76948$3099.genblk1.genblk1.genblk1.genblk1.genblk1.genblk1.genblk1.lut0 (4 -> 0)
  Optimizing lut $abc$76949$lut$aiger76948$3108.genblk1.genblk1.genblk1.genblk1.genblk1.genblk1.genblk1.lut0 (4 -> 0)
  Optimizing lut $abc$76949$lut$aiger76948$3125.genblk1.genblk1.genblk1.genblk1.genblk1.genblk1.genblk1.lut0 (4 -> 0)
  Optimizing lut $abc$76949$lut$aiger76948$3136.genblk1.genblk1.genblk1.genblk1.genblk1.genblk1.genblk1.lut0 (4 -> 0)
  Optimizing lut $abc$76949$lut$aiger76948$3146.genblk1.genblk1.genblk1.genblk1.genblk1.genblk1.genblk1.lut0 (4 -> 0)
  Optimizing lut $abc$76949$lut$aiger76948$3146.genblk1.genblk1.genblk1.genblk1.genblk1.genblk1.genblk1.lut1 (4 -> 0)
  Optimizing lut $abc$76949$lut$aiger76948$3154.genblk1.genblk1.genblk1.genblk1.genblk1.genblk1.lut0 (4 -> 0)
  Optimizing lut $abc$76949$lut$aiger76948$3165.genblk1.genblk1.genblk1.genblk1.genblk1.genblk1.genblk1.lut0 (4 -> 0)
  Optimizing lut $abc$76949$lut$aiger76948$3165.genblk1.genblk1.genblk1.genblk1.genblk1.genblk1.genblk1.lut1 (4 -> 0)
  Optimizing lut $abc$76949$lut$aiger76948$3175.genblk1.genblk1.genblk1.genblk1.genblk1.genblk1.genblk1.lut0 (4 -> 0)
  Optimizing lut $abc$76949$lut$aiger76948$3181.genblk1.genblk1.genblk1.genblk1.genblk1.genblk1.lut0 (4 -> 0)
  Optimizing lut $abc$76949$lut$aiger76948$3187.genblk1.genblk1.genblk1.genblk1.genblk1.genblk1.genblk1.lut0 (4 -> 0)
  Optimizing lut $abc$76949$lut$aiger76948$3229.genblk1.genblk1.genblk1.genblk1.genblk1.genblk1.genblk1.lut0 (4 -> 0)
  Optimizing lut $abc$76949$lut$aiger76948$3239.genblk1.genblk1.genblk1.genblk1.genblk1.lut1 (4 -> 0)
  Optimizing lut $abc$76949$lut$aiger76948$3253.genblk1.genblk1.genblk1.genblk1.genblk1.genblk1.lut0 (4 -> 0)
  Optimizing lut $abc$76949$lut$aiger76948$3253.genblk1.genblk1.genblk1.genblk1.genblk1.genblk1.lut1 (4 -> 0)
  Optimizing lut $abc$76949$lut$aiger76948$3259.genblk1.genblk1.genblk1.genblk1.genblk1.lut0 (4 -> 0)
  Optimizing lut $abc$76949$lut$aiger76948$3279.genblk1.genblk1.genblk1.genblk1.genblk1.genblk1.genblk1.lut0 (4 -> 0)
  Optimizing lut $abc$76949$lut$aiger76948$3285.genblk1.genblk1.genblk1.genblk1.genblk1.genblk1.lut0 (4 -> 0)
  Optimizing lut $abc$76949$lut$aiger76948$3285.genblk1.genblk1.genblk1.genblk1.genblk1.genblk1.lut1 (4 -> 0)
  Optimizing lut $abc$76949$lut$aiger76948$3292.genblk1.genblk1.genblk1.genblk1.genblk1.lut1 (4 -> 0)
  Optimizing lut $abc$76949$lut$aiger76948$3299.genblk1.genblk1.genblk1.genblk1.genblk1.lut0 (4 -> 0)
  Optimizing lut $abc$76949$lut$aiger76948$3313.genblk1.genblk1.genblk1.genblk1.genblk1.lut0 (4 -> 3)
  Optimizing lut $abc$76949$lut$aiger76948$3317.genblk1.genblk1.genblk1.genblk1.genblk1.lut0 (4 -> 0)
  Optimizing lut $abc$76949$lut$aiger76948$3324.genblk1.genblk1.genblk1.genblk1.genblk1.genblk1.lut0 (4 -> 0)
  Optimizing lut $abc$76949$lut$aiger76948$3328.genblk1.genblk1.genblk1.genblk1.genblk1.lut0 (4 -> 0)
  Optimizing lut $abc$76949$lut$aiger76948$3332.genblk1.genblk1.genblk1.genblk1.genblk1.lut0 (4 -> 0)
  Optimizing lut $abc$76949$lut$aiger76948$3338.genblk1.genblk1.genblk1.genblk1.genblk1.genblk1.lut0 (4 -> 0)
  Optimizing lut $abc$76949$lut$aiger76948$3342.genblk1.genblk1.genblk1.genblk1.genblk1.lut0 (4 -> 0)
  Optimizing lut $abc$76949$lut$aiger76948$3348.genblk1.genblk1.genblk1.genblk1.genblk1.genblk1.lut0 (4 -> 0)
  Optimizing lut $abc$76949$lut$aiger76948$3378.genblk1.genblk1.genblk1.genblk1.genblk1.genblk1.lut0 (4 -> 0)
  Optimizing lut $abc$76949$lut$aiger76948$3382.genblk1.genblk1.genblk1.genblk1.genblk1.lut0 (4 -> 0)
  Optimizing lut $abc$76949$lut$aiger76948$3396.genblk1.genblk1.genblk1.genblk1.genblk1.genblk1.lut0 (4 -> 0)
  Optimizing lut $abc$76949$lut$aiger76948$3400.genblk1.genblk1.genblk1.genblk1.genblk1.lut1 (4 -> 0)
  Optimizing lut $abc$76949$lut$aiger76948$3405.genblk1.genblk1.genblk1.genblk1.genblk1.lut0 (4 -> 0)
  Optimizing lut $abc$76949$lut$aiger76948$3415.genblk1.genblk1.genblk1.genblk1.genblk1.genblk1.genblk1.lut0 (4 -> 0)
  Optimizing lut $abc$76949$lut$aiger76948$3422.genblk1.genblk1.genblk1.genblk1.genblk1.genblk1.lut0 (4 -> 0)
  Optimizing lut $abc$76949$lut$aiger76948$3422.genblk1.genblk1.genblk1.genblk1.genblk1.genblk1.lut1 (4 -> 0)
  Optimizing lut $abc$76949$lut$aiger76948$3432.genblk1.genblk1.genblk1.genblk1.genblk1.genblk1.lut0 (4 -> 0)
  Optimizing lut $abc$76949$lut$aiger76948$3432.genblk1.genblk1.genblk1.genblk1.genblk1.genblk1.lut1 (4 -> 0)
  Optimizing lut $abc$76949$lut$aiger76948$3448.genblk1.genblk1.genblk1.genblk1.genblk1.genblk1.lut0 (4 -> 0)
  Optimizing lut $abc$76949$lut$aiger76948$3448.genblk1.genblk1.genblk1.genblk1.genblk1.genblk1.lut1 (4 -> 0)
  Optimizing lut $abc$76949$lut$aiger76948$3455.genblk1.genblk1.genblk1.genblk1.genblk1.lut1 (4 -> 0)
  Optimizing lut $abc$76949$lut$aiger76948$3462.genblk1.genblk1.genblk1.genblk1.genblk1.genblk1.genblk1.lut0 (4 -> 1)
  Optimizing lut $auto$abc9_ops.cc:1552:reintegrate$77168.genblk1.genblk1.genblk1.genblk1.genblk1.genblk1.lut1 (4 -> 0)
  Optimizing lut $abc$76949$lut$aiger76948$3482.genblk1.genblk1.genblk1.genblk1.genblk1.lut0 (4 -> 3)
  Optimizing lut $abc$76949$lut$aiger76948$3491.genblk1.genblk1.genblk1.genblk1.genblk1.genblk1.genblk1.lut0 (4 -> 0)
  Optimizing lut $abc$76949$lut$aiger76948$3499.genblk1.genblk1.genblk1.genblk1.genblk1.genblk1.lut0 (4 -> 0)
  Optimizing lut $abc$76949$lut$aiger76948$3505.genblk1.genblk1.genblk1.genblk1.genblk1.genblk1.lut0 (4 -> 0)
  Optimizing lut $abc$76949$lut$aiger76948$3514.genblk1.genblk1.genblk1.genblk1.genblk1.genblk1.genblk1.lut0 (4 -> 0)
  Optimizing lut $abc$76949$lut$aiger76948$3520.genblk1.genblk1.genblk1.genblk1.genblk1.genblk1.lut0 (4 -> 0)
  Optimizing lut $abc$76949$lut$aiger76948$3520.genblk1.genblk1.genblk1.genblk1.genblk1.genblk1.lut1 (4 -> 0)
  Optimizing lut $abc$76949$lut$aiger76948$3531.genblk1.genblk1.genblk1.genblk1.genblk1.genblk1.genblk1.lut0 (4 -> 0)
  Optimizing lut $abc$76949$lut$aiger76948$3539.genblk1.genblk1.genblk1.genblk1.genblk1.genblk1.genblk1.lut0 (4 -> 0)
  Optimizing lut $abc$76949$lut$aiger76948$3547.genblk1.genblk1.genblk1.genblk1.genblk1.genblk1.genblk1.lut0 (4 -> 0)
  Optimizing lut $abc$76949$lut$aiger76948$3555.genblk1.genblk1.genblk1.genblk1.genblk1.genblk1.lut0 (4 -> 0)
  Optimizing lut $abc$76949$lut$aiger76948$3555.genblk1.genblk1.genblk1.genblk1.genblk1.genblk1.lut1 (4 -> 0)
  Optimizing lut $abc$76949$lut$aiger76948$3585.genblk1.genblk1.genblk1.genblk1.genblk1.genblk1.genblk1.lut0 (4 -> 0)
  Optimizing lut $abc$76949$lut$aiger76948$3585.genblk1.genblk1.genblk1.genblk1.genblk1.genblk1.genblk1.lut1 (4 -> 0)
  Optimizing lut $abc$76949$lut$aiger76948$3599.genblk1.genblk1.genblk1.genblk1.genblk1.lut0 (4 -> 0)
  Optimizing lut $abc$76949$lut$aiger76948$3619.genblk1.genblk1.genblk1.genblk1.genblk1.genblk1.genblk1.lut0 (4 -> 3)
  Optimizing lut $abc$76949$lut$aiger76948$3850.genblk1.genblk1.genblk1.genblk1.genblk1.genblk1.genblk1.lut1 (4 -> 0)
  Optimizing lut $abc$76949$lut$aiger76948$3627.genblk1.genblk1.genblk1.genblk1.genblk1.genblk1.lut0 (4 -> 0)
  Optimizing lut $abc$76949$lut$aiger76948$3636.genblk1.genblk1.genblk1.genblk1.genblk1.genblk1.genblk1.lut0 (4 -> 0)
  Optimizing lut $abc$76949$lut$aiger76948$3645.genblk1.genblk1.genblk1.genblk1.genblk1.genblk1.genblk1.lut0 (4 -> 0)
  Optimizing lut $abc$76949$lut$aiger76948$3656.genblk1.genblk1.genblk1.genblk1.genblk1.genblk1.genblk1.lut0 (4 -> 0)
  Optimizing lut $abc$76949$lut$aiger76948$3662.genblk1.genblk1.genblk1.genblk1.genblk1.genblk1.lut0 (4 -> 0)
  Optimizing lut $abc$76949$lut$aiger76948$3669.genblk1.genblk1.genblk1.genblk1.genblk1.genblk1.lut0 (4 -> 0)
  Optimizing lut $abc$76949$lut$aiger76948$3674.genblk1.genblk1.genblk1.genblk1.genblk1.genblk1.lut0 (4 -> 0)
  Optimizing lut $abc$76949$lut$aiger76948$3682.genblk1.genblk1.genblk1.genblk1.genblk1.genblk1.lut0 (4 -> 0)
  Optimizing lut $abc$76949$lut$aiger76948$3686.genblk1.genblk1.genblk1.genblk1.genblk1.lut1 (4 -> 0)
  Optimizing lut $abc$76949$lut$aiger76948$3705.genblk1.genblk1.genblk1.genblk1.genblk1.genblk1.genblk1.lut0 (4 -> 0)
  Optimizing lut $abc$76949$lut$aiger76948$3718.genblk1.genblk1.genblk1.genblk1.genblk1.genblk1.genblk1.lut0 (4 -> 0)
  Optimizing lut $abc$76949$lut$aiger76948$3727.genblk1.genblk1.genblk1.genblk1.genblk1.genblk1.genblk1.lut0 (4 -> 0)
  Optimizing lut $abc$76949$lut$aiger76948$3727.genblk1.genblk1.genblk1.genblk1.genblk1.genblk1.genblk1.lut1 (4 -> 3)
  Optimizing lut $abc$76949$lut$aiger76948$3737.genblk1.genblk1.genblk1.genblk1.genblk1.genblk1.genblk1.lut0 (4 -> 3)
  Optimizing lut $abc$76949$lut$aiger76948$3743.genblk1.genblk1.genblk1.genblk1.genblk1.genblk1.genblk1.lut0 (4 -> 0)
  Optimizing lut $abc$76949$lut$aiger76948$3743.genblk1.genblk1.genblk1.genblk1.genblk1.genblk1.genblk1.lut1 (4 -> 0)
  Optimizing lut $abc$76949$lut$aiger76948$3762.genblk1.genblk1.genblk1.genblk1.genblk1.genblk1.lut0 (4 -> 0)
  Optimizing lut $abc$76949$lut$aiger76948$3774.genblk1.genblk1.genblk1.genblk1.genblk1.genblk1.genblk1.lut0 (4 -> 0)
  Optimizing lut $abc$76949$lut$aiger76948$3774.genblk1.genblk1.genblk1.genblk1.genblk1.genblk1.genblk1.lut1 (4 -> 0)
  Optimizing lut $abc$76949$lut$aiger76948$3784.genblk1.genblk1.genblk1.genblk1.genblk1.lut0 (4 -> 0)
  Optimizing lut $abc$76949$lut$aiger76948$3791.genblk1.genblk1.genblk1.genblk1.genblk1.genblk1.genblk1.lut0 (4 -> 0)
  Optimizing lut $abc$76949$lut$aiger76948$3791.genblk1.genblk1.genblk1.genblk1.genblk1.genblk1.genblk1.lut1 (4 -> 0)
  Optimizing lut $abc$76949$lut$aiger76948$3802.genblk1.genblk1.genblk1.genblk1.genblk1.genblk1.genblk1.lut0 (4 -> 0)
  Optimizing lut $abc$76949$lut$aiger76948$3810.genblk1.genblk1.genblk1.genblk1.genblk1.genblk1.genblk1.lut0 (4 -> 0)
  Optimizing lut $abc$76949$lut$aiger76948$3814.genblk1.genblk1.genblk1.genblk1.genblk1.lut0 (4 -> 0)
  Optimizing lut $abc$76949$lut$aiger76948$3831.genblk1.genblk1.genblk1.genblk1.genblk1.genblk1.lut0 (4 -> 0)
  Optimizing lut $abc$76949$lut$aiger76948$3835.genblk1.genblk1.genblk1.genblk1.genblk1.lut1 (4 -> 0)
  Optimizing lut $abc$76949$lut$aiger76948$3841.genblk1.genblk1.genblk1.genblk1.genblk1.genblk1.lut0 (4 -> 1)
  Optimizing lut $abc$76949$lut$aiger76948$3850.genblk1.genblk1.genblk1.genblk1.genblk1.genblk1.genblk1.lut0 (4 -> 0)
  Optimizing lut $abc$76949$lut$aiger76948$3862.genblk1.genblk1.genblk1.genblk1.genblk1.genblk1.genblk1.lut0 (4 -> 0)
  Optimizing lut $abc$76949$lut$aiger76948$3872.genblk1.genblk1.genblk1.genblk1.genblk1.genblk1.genblk1.lut0 (4 -> 0)
  Optimizing lut $abc$76949$lut$aiger76948$3876.genblk1.genblk1.genblk1.genblk1.genblk1.lut0 (4 -> 0)
  Optimizing lut $abc$76949$lut$aiger76948$3883.genblk1.genblk1.genblk1.genblk1.genblk1.genblk1.lut0 (4 -> 0)
  Optimizing lut $abc$76949$lut$aiger76948$3887.genblk1.genblk1.genblk1.genblk1.genblk1.lut0 (4 -> 0)
  Optimizing lut $abc$76949$lut$aiger76948$3897.genblk1.genblk1.genblk1.genblk1.genblk1.genblk1.genblk1.lut0 (4 -> 0)
  Optimizing lut $abc$76949$lut$aiger76948$3908.genblk1.genblk1.genblk1.genblk1.genblk1.genblk1.genblk1.lut0 (4 -> 0)
  Optimizing lut $abc$76949$lut$aiger76948$3914.genblk1.genblk1.genblk1.genblk1.genblk1.genblk1.lut0 (4 -> 0)
  Optimizing lut $abc$76949$lut$aiger76948$3919.genblk1.genblk1.genblk1.genblk1.genblk1.genblk1.lut0 (4 -> 0)
  Optimizing lut $abc$76949$lut$aiger76948$3924.genblk1.genblk1.genblk1.genblk1.genblk1.genblk1.lut0 (4 -> 0)
  Optimizing lut $abc$76949$lut$aiger76948$3932.genblk1.genblk1.genblk1.genblk1.genblk1.lut0 (4 -> 0)
  Optimizing lut $abc$76949$lut$aiger76948$3940.genblk1.genblk1.genblk1.genblk1.genblk1.lut0 (4 -> 0)
  Optimizing lut $abc$76949$lut$aiger76948$3948.genblk1.genblk1.genblk1.genblk1.genblk1.genblk1.genblk1.lut0 (4 -> 0)
  Optimizing lut $abc$76949$lut$aiger76948$3958.genblk1.genblk1.genblk1.genblk1.genblk1.genblk1.genblk1.lut0 (4 -> 0)
  Optimizing lut $abc$76949$lut$aiger76948$3962.genblk1.genblk1.genblk1.genblk1.genblk1.lut0 (4 -> 0)
  Optimizing lut $abc$76949$lut$aiger76948$3970.genblk1.genblk1.genblk1.genblk1.genblk1.genblk1.lut0 (4 -> 0)
  Optimizing lut $abc$76949$lut$aiger76948$3976.genblk1.genblk1.genblk1.genblk1.genblk1.genblk1.genblk1.lut0 (4 -> 0)
  Optimizing lut $abc$76949$lut$aiger76948$3976.genblk1.genblk1.genblk1.genblk1.genblk1.genblk1.genblk1.lut1 (4 -> 0)
  Optimizing lut $abc$76949$lut$aiger76948$3985.genblk1.genblk1.genblk1.genblk1.genblk1.lut0 (4 -> 0)
  Optimizing lut $abc$76949$lut$aiger76948$3993.genblk1.genblk1.genblk1.genblk1.genblk1.genblk1.genblk1.lut0 (4 -> 0)
  Optimizing lut $abc$76949$lut$aiger76948$4002.genblk1.genblk1.genblk1.genblk1.genblk1.genblk1.genblk1.lut0 (4 -> 0)
  Optimizing lut $abc$76949$lut$aiger76948$4002.genblk1.genblk1.genblk1.genblk1.genblk1.genblk1.genblk1.lut1 (4 -> 0)
  Optimizing lut $abc$76949$lut$aiger76948$4012.genblk1.genblk1.genblk1.genblk1.genblk1.genblk1.genblk1.lut0 (4 -> 0)
  Optimizing lut $abc$76949$lut$aiger76948$4021.genblk1.genblk1.genblk1.genblk1.genblk1.genblk1.genblk1.lut0 (4 -> 0)
  Optimizing lut $abc$76949$lut$aiger76948$4025.genblk1.genblk1.genblk1.genblk1.genblk1.lut0 (4 -> 0)
  Optimizing lut $abc$76949$lut$aiger76948$4030.genblk1.genblk1.genblk1.genblk1.genblk1.genblk1.lut0 (4 -> 0)
  Optimizing lut $abc$76949$lut$aiger76948$4037.genblk1.genblk1.genblk1.genblk1.genblk1.genblk1.genblk1.lut0 (4 -> 0)
  Optimizing lut $abc$76949$lut$aiger76948$4045.genblk1.genblk1.genblk1.genblk1.genblk1.genblk1.genblk1.lut0 (4 -> 3)
  Optimizing lut $abc$76949$lut$aiger76948$4056.genblk1.genblk1.genblk1.genblk1.genblk1.genblk1.genblk1.lut0 (4 -> 0)
  Optimizing lut $abc$76949$lut$aiger76948$4056.genblk1.genblk1.genblk1.genblk1.genblk1.genblk1.genblk1.lut1 (4 -> 0)
  Optimizing lut $abc$76949$lut$aiger76948$4067.genblk1.genblk1.genblk1.genblk1.genblk1.genblk1.genblk1.lut0 (4 -> 3)
  Optimizing lut $abc$76949$lut$aiger76948$4078.genblk1.genblk1.genblk1.genblk1.genblk1.genblk1.genblk1.lut0 (4 -> 0)
  Optimizing lut $abc$76949$lut$aiger76948$4082.genblk1.genblk1.genblk1.genblk1.genblk1.lut0 (4 -> 0)
  Optimizing lut $abc$76949$lut$aiger76948$4086.genblk1.genblk1.genblk1.genblk1.genblk1.lut1 (4 -> 0)
  Optimizing lut $abc$76949$lut$aiger76948$4096.genblk1.genblk1.genblk1.genblk1.genblk1.genblk1.lut0 (4 -> 0)
  Optimizing lut $abc$76949$lut$aiger76948$4096.genblk1.genblk1.genblk1.genblk1.genblk1.genblk1.lut1 (4 -> 0)
  Optimizing lut $abc$76949$lut$aiger76948$4104.genblk1.genblk1.genblk1.genblk1.genblk1.genblk1.lut0 (4 -> 0)
  Optimizing lut $abc$76949$lut$aiger76948$4114.genblk1.genblk1.genblk1.genblk1.genblk1.genblk1.genblk1.lut0 (4 -> 0)
  Optimizing lut $abc$76949$lut$aiger76948$4124.genblk1.genblk1.genblk1.genblk1.genblk1.genblk1.genblk1.lut0 (4 -> 0)
  Optimizing lut $abc$76949$lut$aiger76948$4132.genblk1.genblk1.genblk1.genblk1.genblk1.genblk1.genblk1.lut0 (4 -> 0)
  Optimizing lut $abc$76949$lut$aiger76948$4132.genblk1.genblk1.genblk1.genblk1.genblk1.genblk1.genblk1.lut1 (4 -> 0)
  Optimizing lut $abc$76949$lut$aiger76948$4144.genblk1.genblk1.genblk1.genblk1.genblk1.genblk1.genblk1.lut0 (4 -> 3)
  Optimizing lut $abc$76949$lut$aiger76948$4152.genblk1.genblk1.genblk1.genblk1.genblk1.genblk1.lut0 (4 -> 0)
  Optimizing lut $abc$76949$lut$aiger76948$4158.genblk1.genblk1.genblk1.genblk1.genblk1.genblk1.lut0 (4 -> 0)
  Optimizing lut $abc$76949$lut$aiger76948$4166.genblk1.genblk1.genblk1.genblk1.genblk1.genblk1.lut0 (4 -> 0)
  Optimizing lut $abc$76949$lut$aiger76948$4166.genblk1.genblk1.genblk1.genblk1.genblk1.genblk1.lut1 (4 -> 0)
  Optimizing lut $abc$76949$lut$aiger76948$4176.genblk1.genblk1.genblk1.genblk1.genblk1.genblk1.lut0 (4 -> 0)
  Optimizing lut $abc$76949$lut$aiger76948$4186.genblk1.genblk1.genblk1.genblk1.genblk1.genblk1.lut0 (4 -> 0)
  Optimizing lut $abc$76949$lut$aiger76948$4193.genblk1.genblk1.genblk1.genblk1.genblk1.genblk1.genblk1.lut0 (4 -> 0)
  Optimizing lut $abc$76949$lut$aiger76948$4203.genblk1.genblk1.genblk1.genblk1.genblk1.genblk1.genblk1.lut0 (4 -> 0)
  Optimizing lut $abc$76949$lut$aiger76948$4213.genblk1.genblk1.genblk1.genblk1.genblk1.genblk1.genblk1.lut0 (4 -> 0)
  Optimizing lut $abc$76949$lut$aiger76948$4219.genblk1.genblk1.genblk1.genblk1.genblk1.genblk1.lut0 (4 -> 0)
  Optimizing lut $abc$76949$lut$aiger76948$4225.genblk1.genblk1.genblk1.genblk1.genblk1.genblk1.genblk1.lut0 (4 -> 0)
  Optimizing lut $abc$76949$lut$aiger76948$4225.genblk1.genblk1.genblk1.genblk1.genblk1.genblk1.genblk1.lut1 (4 -> 0)
  Optimizing lut $abc$76949$lut$aiger76948$4238.genblk1.genblk1.genblk1.genblk1.genblk1.genblk1.lut0 (4 -> 0)
  Optimizing lut $abc$76949$lut$aiger76948$4238.genblk1.genblk1.genblk1.genblk1.genblk1.genblk1.lut1 (4 -> 0)
  Optimizing lut $abc$76949$lut$aiger76948$4255.genblk1.genblk1.genblk1.genblk1.genblk1.genblk1.genblk1.lut0 (4 -> 0)
  Optimizing lut $abc$76949$lut$aiger76948$4263.genblk1.genblk1.genblk1.genblk1.genblk1.genblk1.lut0 (4 -> 0)
  Optimizing lut $abc$76949$lut$aiger76948$4263.genblk1.genblk1.genblk1.genblk1.genblk1.genblk1.lut1 (4 -> 0)
  Optimizing lut $abc$76949$lut$aiger76948$4271.genblk1.genblk1.genblk1.genblk1.genblk1.genblk1.lut0 (4 -> 0)
  Optimizing lut $abc$76949$lut$aiger76948$4278.genblk1.genblk1.genblk1.genblk1.genblk1.genblk1.lut0 (4 -> 0)
  Optimizing lut $abc$76949$lut$aiger76948$4278.genblk1.genblk1.genblk1.genblk1.genblk1.genblk1.lut1 (4 -> 0)
  Optimizing lut $abc$76949$lut$aiger76948$4286.genblk1.genblk1.genblk1.genblk1.genblk1.genblk1.lut0 (4 -> 0)
  Optimizing lut $abc$76949$lut$aiger76948$4290.genblk1.genblk1.genblk1.genblk1.genblk1.lut0 (4 -> 0)
  Optimizing lut $abc$76949$lut$aiger76948$4299.genblk1.genblk1.genblk1.genblk1.genblk1.lut0 (4 -> 3)
  Optimizing lut $abc$76949$lut$aiger76948$4309.genblk1.genblk1.genblk1.genblk1.genblk1.lut0 (4 -> 0)
  Optimizing lut $abc$76949$lut$aiger76948$4326.genblk1.genblk1.genblk1.genblk1.genblk1.lut1 (4 -> 0)
  Optimizing lut $abc$76949$lut$aiger76948$4353.genblk1.genblk1.genblk1.genblk1.genblk1.genblk1.genblk1.lut0 (4 -> 3)
  Optimizing lut $abc$76949$lut$aiger76948$4362.genblk1.genblk1.genblk1.genblk1.genblk1.genblk1.genblk1.lut0 (4 -> 0)
  Optimizing lut $abc$76949$lut$aiger76948$4368.genblk1.genblk1.genblk1.genblk1.genblk1.genblk1.genblk1.lut0 (4 -> 0)
  Optimizing lut $abc$76949$lut$aiger76948$4368.genblk1.genblk1.genblk1.genblk1.genblk1.genblk1.genblk1.lut1 (4 -> 0)
  Optimizing lut $abc$76949$lut$aiger76948$4398.genblk1.genblk1.genblk1.genblk1.genblk1.lut0 (4 -> 0)
  Optimizing lut $abc$76949$lut$aiger76948$4425.genblk1.genblk1.genblk1.genblk1.genblk1.lut0 (4 -> 0)
  Optimizing lut $abc$76949$lut$aiger76948$4450.genblk1.genblk1.genblk1.genblk1.genblk1.lut1 (4 -> 0)
  Optimizing lut $abc$76949$lut$aiger76948$4457.genblk1.genblk1.genblk1.genblk1.genblk1.genblk1.genblk1.lut0 (4 -> 1)
  Optimizing lut $abc$76949$lut$aiger76948$4468.genblk1.genblk1.genblk1.genblk1.genblk1.genblk1.genblk1.lut0 (4 -> 0)
  Optimizing lut $abc$76949$lut$aiger76948$4478.genblk1.genblk1.genblk1.genblk1.genblk1.genblk1.genblk1.lut0 (4 -> 0)
  Optimizing lut $abc$76949$lut$aiger76948$4478.genblk1.genblk1.genblk1.genblk1.genblk1.genblk1.genblk1.lut1 (4 -> 0)
  Optimizing lut $abc$76949$lut$aiger76948$4491.genblk1.genblk1.genblk1.genblk1.genblk1.genblk1.lut0 (4 -> 0)
  Optimizing lut $abc$76949$lut$aiger76948$4491.genblk1.genblk1.genblk1.genblk1.genblk1.genblk1.lut1 (4 -> 0)
  Optimizing lut $abc$76949$lut$aiger76948$4506.genblk1.genblk1.genblk1.genblk1.genblk1.genblk1.genblk1.lut0 (4 -> 3)
  Optimizing lut $abc$76949$lut$aiger76948$4513.genblk1.genblk1.genblk1.genblk1.genblk1.genblk1.lut0 (4 -> 0)
  Optimizing lut $abc$76949$lut$aiger76948$4517.genblk1.genblk1.genblk1.genblk1.genblk1.lut0 (4 -> 0)
  Optimizing lut $abc$76949$lut$aiger76948$4528.genblk1.genblk1.genblk1.genblk1.genblk1.genblk1.genblk1.lut0 (4 -> 0)
  Optimizing lut $abc$76949$lut$aiger76948$4528.genblk1.genblk1.genblk1.genblk1.genblk1.genblk1.genblk1.lut1 (4 -> 3)
  Optimizing lut $abc$76949$lut$aiger76948$4539.genblk1.genblk1.genblk1.genblk1.genblk1.genblk1.genblk1.lut0 (4 -> 3)
  Optimizing lut $abc$76949$lut$aiger76948$4539.genblk1.genblk1.genblk1.genblk1.genblk1.genblk1.genblk1.lut1 (4 -> 0)
  Optimizing lut $abc$76949$lut$aiger76948$4551.genblk1.genblk1.genblk1.genblk1.genblk1.genblk1.genblk1.lut0 (4 -> 0)
  Optimizing lut $abc$76949$lut$aiger76948$4551.genblk1.genblk1.genblk1.genblk1.genblk1.genblk1.genblk1.lut1 (4 -> 0)
  Optimizing lut $abc$76949$lut$aiger76948$4562.genblk1.genblk1.genblk1.genblk1.genblk1.genblk1.lut0 (4 -> 0)
  Optimizing lut $abc$76949$lut$aiger76948$4571.genblk1.genblk1.genblk1.genblk1.genblk1.genblk1.genblk1.lut0 (4 -> 0)
  Optimizing lut $abc$76949$lut$aiger76948$4571.genblk1.genblk1.genblk1.genblk1.genblk1.genblk1.genblk1.lut1 (4 -> 0)
  Optimizing lut $abc$76949$lut$aiger76948$4584.genblk1.genblk1.genblk1.genblk1.genblk1.genblk1.genblk1.lut0 (4 -> 0)
  Optimizing lut $abc$76949$lut$aiger76948$4584.genblk1.genblk1.genblk1.genblk1.genblk1.genblk1.genblk1.lut1 (4 -> 0)
  Optimizing lut $abc$76949$lut$aiger76948$4590.genblk1.genblk1.genblk1.genblk1.genblk1.genblk1.lut0 (4 -> 0)
  Optimizing lut $abc$76949$lut$aiger76948$4598.genblk1.genblk1.genblk1.genblk1.genblk1.genblk1.genblk1.lut0 (4 -> 0)
  Optimizing lut $abc$76949$lut$aiger76948$4606.genblk1.genblk1.genblk1.genblk1.genblk1.genblk1.lut0 (4 -> 0)
  Optimizing lut $abc$76949$lut$aiger76948$4612.genblk1.genblk1.genblk1.genblk1.genblk1.genblk1.lut0 (4 -> 0)
  Optimizing lut $abc$76949$lut$aiger76948$4616.genblk1.genblk1.genblk1.genblk1.genblk1.lut1 (4 -> 0)
  Optimizing lut $abc$76949$lut$aiger76948$4626.genblk1.genblk1.genblk1.genblk1.genblk1.genblk1.genblk1.lut0 (4 -> 0)
  Optimizing lut $abc$76949$lut$aiger76948$4626.genblk1.genblk1.genblk1.genblk1.genblk1.genblk1.genblk1.lut1 (4 -> 0)
  Optimizing lut $abc$76949$lut$aiger76948$4641.genblk1.genblk1.genblk1.genblk1.genblk1.genblk1.genblk1.lut0 (4 -> 3)
  Optimizing lut $abc$76949$lut$aiger76948$4645.genblk1.genblk1.genblk1.genblk1.genblk1.lut0 (4 -> 0)
  Optimizing lut $abc$76949$lut$aiger76948$4659.genblk1.genblk1.genblk1.genblk1.genblk1.genblk1.genblk1.lut0 (4 -> 0)
  Optimizing lut $abc$76949$lut$aiger76948$4659.genblk1.genblk1.genblk1.genblk1.genblk1.genblk1.genblk1.lut1 (4 -> 0)
  Optimizing lut $abc$76949$lut$aiger76948$4666.genblk1.genblk1.genblk1.genblk1.genblk1.genblk1.lut0 (4 -> 0)
  Optimizing lut $abc$76949$lut$aiger76948$4671.genblk1.genblk1.genblk1.genblk1.genblk1.genblk1.lut0 (4 -> 3)
  Optimizing lut $abc$76949$lut$aiger76948$4681.genblk1.genblk1.genblk1.genblk1.genblk1.genblk1.genblk1.lut0 (4 -> 3)
  Optimizing lut $abc$76949$lut$aiger76948$4690.genblk1.genblk1.genblk1.genblk1.genblk1.genblk1.genblk1.lut0 (4 -> 0)
  Optimizing lut $abc$76949$lut$aiger76948$4698.genblk1.genblk1.genblk1.genblk1.genblk1.genblk1.genblk1.lut0 (4 -> 0)
  Optimizing lut $abc$76949$lut$aiger76948$4702.genblk1.genblk1.genblk1.genblk1.genblk1.lut0 (4 -> 0)
  Optimizing lut $abc$76949$lut$aiger76948$4711.genblk1.genblk1.genblk1.genblk1.genblk1.genblk1.genblk1.lut0 (4 -> 0)
  Optimizing lut $abc$76949$lut$aiger76948$4719.genblk1.genblk1.genblk1.genblk1.genblk1.genblk1.genblk1.lut0 (4 -> 0)
  Optimizing lut $abc$76949$lut$aiger76948$4730.genblk1.genblk1.genblk1.genblk1.genblk1.genblk1.genblk1.lut0 (4 -> 0)
  Optimizing lut $abc$76949$lut$aiger76948$4738.genblk1.genblk1.genblk1.genblk1.genblk1.genblk1.genblk1.lut0 (4 -> 0)
  Optimizing lut $abc$76949$lut$aiger76948$4738.genblk1.genblk1.genblk1.genblk1.genblk1.genblk1.genblk1.lut1 (4 -> 0)
  Optimizing lut $abc$76949$lut$aiger76948$4749.genblk1.genblk1.genblk1.genblk1.genblk1.genblk1.genblk1.lut0 (4 -> 3)
  Optimizing lut $abc$76949$lut$aiger76948$4753.genblk1.genblk1.genblk1.genblk1.genblk1.lut0 (4 -> 0)
  Optimizing lut $abc$76949$lut$aiger76948$4769.genblk1.genblk1.genblk1.genblk1.genblk1.genblk1.genblk1.lut0 (4 -> 0)
  Optimizing lut $abc$76949$lut$aiger76948$4769.genblk1.genblk1.genblk1.genblk1.genblk1.genblk1.genblk1.lut1 (4 -> 0)
  Optimizing lut $abc$76949$lut$aiger76948$4777.genblk1.genblk1.genblk1.genblk1.genblk1.genblk1.lut0 (4 -> 0)
  Optimizing lut $abc$76949$lut$aiger76948$4777.genblk1.genblk1.genblk1.genblk1.genblk1.genblk1.lut1 (4 -> 0)
  Optimizing lut $abc$76949$lut$aiger76948$4793.genblk1.genblk1.genblk1.genblk1.genblk1.lut0 (4 -> 0)
  Optimizing lut $abc$76949$lut$aiger76948$4801.genblk1.genblk1.genblk1.genblk1.genblk1.genblk1.lut0 (4 -> 0)
  Optimizing lut $abc$76949$lut$aiger76948$4806.genblk1.genblk1.genblk1.genblk1.genblk1.genblk1.lut0 (4 -> 0)
  Optimizing lut $abc$76949$lut$aiger76948$4813.genblk1.genblk1.genblk1.genblk1.genblk1.genblk1.genblk1.lut0 (4 -> 0)
  Optimizing lut $abc$76949$lut$aiger76948$4823.genblk1.genblk1.genblk1.genblk1.genblk1.genblk1.genblk1.lut0 (4 -> 3)
  Optimizing lut $abc$76949$lut$aiger76948$4827.genblk1.genblk1.genblk1.genblk1.genblk1.lut0 (4 -> 0)
  Optimizing lut $abc$76949$lut$aiger76948$4833.genblk1.genblk1.genblk1.genblk1.genblk1.genblk1.lut0 (4 -> 0)
  Optimizing lut $abc$76949$lut$aiger76948$4833.genblk1.genblk1.genblk1.genblk1.genblk1.genblk1.lut1 (4 -> 0)
  Optimizing lut $abc$76949$lut$aiger76948$4843.genblk1.genblk1.genblk1.genblk1.genblk1.genblk1.lut0 (4 -> 0)
  Optimizing lut $abc$76949$lut$aiger76948$4847.genblk1.genblk1.genblk1.genblk1.genblk1.lut1 (4 -> 0)
  Optimizing lut $abc$76949$lut$aiger76948$4857.genblk1.genblk1.genblk1.genblk1.genblk1.genblk1.lut0 (4 -> 2)
  Optimizing lut $abc$76949$lut$aiger76948$4865.genblk1.genblk1.genblk1.genblk1.genblk1.genblk1.genblk1.lut0 (4 -> 3)
  Optimizing lut $abc$76949$lut$aiger76948$4873.genblk1.genblk1.genblk1.genblk1.genblk1.genblk1.genblk1.lut0 (4 -> 0)
  Optimizing lut $abc$76949$lut$aiger76948$4879.genblk1.genblk1.genblk1.genblk1.genblk1.genblk1.genblk1.lut0 (4 -> 0)
  Optimizing lut $abc$76949$lut$aiger76948$4879.genblk1.genblk1.genblk1.genblk1.genblk1.genblk1.genblk1.lut1 (4 -> 0)
  Optimizing lut $abc$76949$lut$aiger76948$4895.genblk1.genblk1.genblk1.genblk1.genblk1.lut0 (4 -> 0)
  Optimizing lut $abc$76949$lut$aiger76948$4904.genblk1.genblk1.genblk1.genblk1.genblk1.genblk1.lut0 (4 -> 0)
  Optimizing lut $abc$76949$lut$aiger76948$4908.genblk1.genblk1.genblk1.genblk1.genblk1.lut1 (4 -> 0)
  Optimizing lut $abc$76949$lut$aiger76948$4913.genblk1.genblk1.genblk1.genblk1.genblk1.lut0 (4 -> 0)
  Optimizing lut $abc$76949$lut$aiger76948$4924.genblk1.genblk1.genblk1.genblk1.genblk1.lut0 (4 -> 0)
  Optimizing lut $abc$76949$lut$aiger76948$4941.genblk1.genblk1.genblk1.genblk1.genblk1.genblk1.lut0 (4 -> 0)
  Optimizing lut $abc$76949$lut$aiger76948$4945.genblk1.genblk1.genblk1.genblk1.genblk1.lut1 (4 -> 0)
  Optimizing lut $abc$76949$lut$aiger76948$4952.genblk1.genblk1.genblk1.genblk1.genblk1.genblk1.genblk1.lut0 (4 -> 1)
  Optimizing lut $abc$76949$lut$aiger76948$4967.genblk1.genblk1.genblk1.genblk1.genblk1.genblk1.genblk1.lut0 (4 -> 0)
  Optimizing lut $abc$76949$lut$aiger76948$4972.genblk1.genblk1.genblk1.genblk1.genblk1.genblk1.lut0 (4 -> 0)
  Optimizing lut $abc$76949$lut$aiger76948$4976.genblk1.genblk1.genblk1.genblk1.genblk1.lut0 (4 -> 0)
  Optimizing lut $abc$76949$lut$aiger76948$4980.genblk1.genblk1.genblk1.genblk1.genblk1.lut1 (4 -> 0)
  Optimizing lut $abc$76949$lut$aiger76948$4994.genblk1.genblk1.genblk1.genblk1.genblk1.genblk1.genblk1.lut0 (4 -> 0)
  Optimizing lut $abc$76949$lut$aiger76948$4998.genblk1.genblk1.genblk1.genblk1.genblk1.lut0 (4 -> 0)
  Optimizing lut $abc$76949$lut$aiger76948$5014.genblk1.genblk1.genblk1.genblk1.genblk1.genblk1.genblk1.lut0 (4 -> 0)
  Optimizing lut $abc$76949$lut$aiger76948$5018.genblk1.genblk1.genblk1.genblk1.genblk1.lut0 (4 -> 0)
  Optimizing lut $abc$76949$lut$aiger76948$5022.genblk1.genblk1.genblk1.genblk1.genblk1.lut0 (4 -> 0)
  Optimizing lut $abc$76949$lut$aiger76948$5036.genblk1.genblk1.genblk1.genblk1.genblk1.genblk1.genblk1.lut0 (4 -> 0)
  Optimizing lut $abc$76949$lut$aiger76948$5040.genblk1.genblk1.genblk1.genblk1.genblk1.lut0 (4 -> 0)
  Optimizing lut $abc$76949$lut$aiger76948$5053.genblk1.genblk1.genblk1.genblk1.genblk1.genblk1.genblk1.lut0 (4 -> 1)
  Optimizing lut $abc$76949$lut$aiger76948$4457.genblk1.genblk1.genblk1.genblk1.genblk1.genblk1.genblk1.lut1 (4 -> 1)
  Optimizing lut $abc$76949$lut$aiger76948$5075.genblk1.genblk1.genblk1.genblk1.genblk1.lut0 (4 -> 0)
  Optimizing lut $abc$76949$lut$aiger76948$5079.genblk1.genblk1.genblk1.genblk1.genblk1.lut1 (4 -> 0)
  Optimizing lut $abc$76949$lut$aiger76948$5093.genblk1.genblk1.genblk1.genblk1.genblk1.genblk1.genblk1.lut0 (4 -> 0)
  Optimizing lut $abc$76949$lut$aiger76948$5097.genblk1.genblk1.genblk1.genblk1.genblk1.lut0 (4 -> 0)
  Optimizing lut $abc$76949$lut$aiger76948$5102.genblk1.genblk1.genblk1.genblk1.genblk1.genblk1.lut0 (4 -> 0)
  Optimizing lut $abc$76949$lut$aiger76948$5102.genblk1.genblk1.genblk1.genblk1.genblk1.genblk1.lut1 (4 -> 0)
  Optimizing lut $abc$76949$lut$aiger76948$5112.genblk1.genblk1.genblk1.genblk1.genblk1.genblk1.lut0 (4 -> 0)
  Optimizing lut $abc$76949$lut$aiger76948$5112.genblk1.genblk1.genblk1.genblk1.genblk1.genblk1.lut1 (4 -> 0)
  Optimizing lut $abc$76949$lut$aiger76948$5126.genblk1.genblk1.genblk1.genblk1.genblk1.genblk1.lut0 (4 -> 0)
  Optimizing lut $abc$76949$lut$aiger76948$5130.genblk1.genblk1.genblk1.genblk1.genblk1.lut1 (4 -> 0)
  Optimizing lut $abc$76949$lut$aiger76948$5137.genblk1.genblk1.genblk1.genblk1.genblk1.genblk1.genblk1.lut0 (4 -> 1)
  Optimizing lut $abc$76949$lut$aiger76948$6199.genblk1.genblk1.genblk1.genblk1.genblk1.genblk1.genblk1.lut1 (4 -> 1)
  Optimizing lut $abc$76949$lut$aiger76948$5213.genblk1.genblk1.genblk1.genblk1.genblk1.lut1 (4 -> 0)
  Optimizing lut $abc$76949$lut$aiger76948$5224.genblk1.genblk1.genblk1.genblk1.genblk1.lut0 (4 -> 0)
  Optimizing lut $abc$76949$lut$aiger76948$5230.genblk1.genblk1.genblk1.genblk1.genblk1.genblk1.genblk1.lut0 (4 -> 0)
  Optimizing lut $abc$76949$lut$aiger76948$5240.genblk1.genblk1.genblk1.genblk1.genblk1.genblk1.genblk1.lut0 (4 -> 0)
  Optimizing lut $abc$76949$lut$aiger76948$5244.genblk1.genblk1.genblk1.genblk1.genblk1.lut1 (4 -> 0)
  Optimizing lut $abc$76949$lut$aiger76948$5254.genblk1.genblk1.genblk1.genblk1.genblk1.lut0 (4 -> 0)
  Optimizing lut $abc$76949$lut$aiger76948$5268.genblk1.genblk1.genblk1.genblk1.genblk1.genblk1.genblk1.lut0 (4 -> 0)
  Optimizing lut $abc$76949$lut$aiger76948$5272.genblk1.genblk1.genblk1.genblk1.genblk1.lut0 (4 -> 0)
  Optimizing lut $abc$76949$lut$aiger76948$5279.genblk1.genblk1.genblk1.genblk1.genblk1.lut0 (4 -> 0)
  Optimizing lut $abc$76949$lut$aiger76948$5285.genblk1.genblk1.genblk1.genblk1.genblk1.genblk1.lut0 (4 -> 1)
  Optimizing lut $abc$76949$lut$aiger76948$5291.genblk1.genblk1.genblk1.genblk1.genblk1.lut0 (4 -> 3)
  Optimizing lut $abc$76949$lut$aiger76948$5298.genblk1.genblk1.genblk1.genblk1.genblk1.lut0 (4 -> 0)
  Optimizing lut $abc$76949$lut$aiger76948$5318.genblk1.genblk1.genblk1.genblk1.genblk1.lut0 (4 -> 0)
  Optimizing lut $abc$76949$lut$aiger76948$5333.genblk1.genblk1.genblk1.genblk1.genblk1.lut0 (4 -> 0)
  Optimizing lut $abc$76949$lut$aiger76948$5353.genblk1.genblk1.genblk1.genblk1.genblk1.genblk1.lut0 (4 -> 1)
  Optimizing lut $abc$76949$lut$aiger76948$5362.genblk1.genblk1.genblk1.genblk1.genblk1.genblk1.lut0 (4 -> 0)
  Optimizing lut $abc$76949$lut$aiger76948$5366.genblk1.genblk1.genblk1.genblk1.genblk1.lut1 (4 -> 0)
  Optimizing lut $abc$76949$lut$aiger76948$5380.genblk1.genblk1.genblk1.genblk1.genblk1.genblk1.lut0 (4 -> 0)
  Optimizing lut $abc$76949$lut$aiger76948$5380.genblk1.genblk1.genblk1.genblk1.genblk1.genblk1.lut1 (4 -> 3)
  Optimizing lut $abc$76949$lut$aiger76948$5394.genblk1.genblk1.genblk1.genblk1.genblk1.genblk1.genblk1.lut0 (4 -> 0)
  Optimizing lut $abc$76949$lut$aiger76948$5398.genblk1.genblk1.genblk1.genblk1.genblk1.lut0 (4 -> 0)
  Optimizing lut $abc$76949$lut$aiger76948$5404.genblk1.genblk1.genblk1.genblk1.genblk1.genblk1.lut0 (4 -> 0)
  Optimizing lut $abc$76949$lut$aiger76948$5409.genblk1.genblk1.genblk1.genblk1.genblk1.genblk1.lut0 (4 -> 0)
  Optimizing lut $abc$76949$lut$aiger76948$5414.genblk1.genblk1.genblk1.genblk1.genblk1.genblk1.lut0 (4 -> 2)
  Optimizing lut $abc$76949$lut$aiger76948$5414.genblk1.genblk1.genblk1.genblk1.genblk1.genblk1.lut1 (4 -> 3)
  Optimizing lut $abc$76949$lut$aiger76948$5422.genblk1.genblk1.genblk1.genblk1.genblk1.lut0 (4 -> 0)
  Optimizing lut $abc$76949$lut$aiger76948$5430.genblk1.genblk1.genblk1.genblk1.genblk1.genblk1.genblk1.lut0 (4 -> 0)
  Optimizing lut $abc$76949$lut$aiger76948$5439.genblk1.genblk1.genblk1.genblk1.genblk1.genblk1.genblk1.lut0 (4 -> 0)
  Optimizing lut $abc$76949$lut$aiger76948$5443.genblk1.genblk1.genblk1.genblk1.genblk1.lut0 (4 -> 0)
  Optimizing lut $abc$76949$lut$aiger76948$5447.genblk1.genblk1.genblk1.genblk1.genblk1.lut1 (4 -> 0)
  Optimizing lut $abc$76949$lut$aiger76948$5453.genblk1.genblk1.genblk1.genblk1.genblk1.genblk1.lut0 (4 -> 1)
  Optimizing lut $abc$76949$lut$aiger76948$5518.genblk1.genblk1.genblk1.genblk1.genblk1.genblk1.lut0 (4 -> 1)
  Optimizing lut $abc$76949$lut$aiger76948$5525.genblk1.genblk1.genblk1.genblk1.genblk1.genblk1.lut0 (4 -> 0)
  Optimizing lut $abc$76949$lut$aiger76948$5539.genblk1.genblk1.genblk1.genblk1.genblk1.genblk1.genblk1.lut0 (4 -> 0)
  Optimizing lut $abc$76949$lut$aiger76948$5546.genblk1.genblk1.genblk1.genblk1.genblk1.genblk1.lut0 (4 -> 0)
  Optimizing lut $abc$76949$lut$aiger76948$5546.genblk1.genblk1.genblk1.genblk1.genblk1.genblk1.lut1 (4 -> 0)
  Optimizing lut $abc$76949$lut$aiger76948$5559.genblk1.genblk1.genblk1.genblk1.genblk1.genblk1.genblk1.lut0 (4 -> 0)
  Optimizing lut $abc$76949$lut$aiger76948$5566.genblk1.genblk1.genblk1.genblk1.genblk1.genblk1.lut0 (4 -> 0)
  Optimizing lut $abc$76949$lut$aiger76948$5570.genblk1.genblk1.genblk1.genblk1.genblk1.lut0 (4 -> 0)
  Optimizing lut $abc$76949$lut$aiger76948$5584.genblk1.genblk1.genblk1.genblk1.genblk1.genblk1.lut0 (4 -> 0)
  Optimizing lut $abc$76949$lut$aiger76948$5591.genblk1.genblk1.genblk1.genblk1.genblk1.genblk1.lut0 (4 -> 0)
  Optimizing lut $abc$76949$lut$aiger76948$5591.genblk1.genblk1.genblk1.genblk1.genblk1.genblk1.lut1 (4 -> 0)
  Optimizing lut $abc$76949$lut$aiger76948$5600.genblk1.genblk1.genblk1.genblk1.genblk1.genblk1.lut0 (4 -> 0)
  Optimizing lut $abc$76949$lut$aiger76948$5604.genblk1.genblk1.genblk1.genblk1.genblk1.lut1 (4 -> 0)
  Optimizing lut $abc$76949$lut$aiger76948$5617.genblk1.genblk1.genblk1.genblk1.genblk1.genblk1.genblk1.lut0 (4 -> 1)
  Optimizing lut $abc$76949$lut$aiger76948$5453.genblk1.genblk1.genblk1.genblk1.genblk1.genblk1.lut1 (4 -> 1)
  Optimizing lut $abc$76949$lut$aiger76948$5627.genblk1.genblk1.genblk1.genblk1.genblk1.lut0 (4 -> 0)
  Optimizing lut $abc$76949$lut$aiger76948$5631.genblk1.genblk1.genblk1.genblk1.genblk1.lut1 (4 -> 0)
  Optimizing lut $abc$76949$lut$aiger76948$5644.genblk1.genblk1.genblk1.genblk1.genblk1.genblk1.genblk1.lut0 (4 -> 0)
  Optimizing lut $abc$76949$lut$aiger76948$5648.genblk1.genblk1.genblk1.genblk1.genblk1.lut0 (4 -> 0)
  Optimizing lut $abc$76949$lut$aiger76948$5654.genblk1.genblk1.genblk1.genblk1.genblk1.genblk1.lut0 (4 -> 0)
  Optimizing lut $abc$76949$lut$aiger76948$5658.genblk1.genblk1.genblk1.genblk1.genblk1.lut1 (4 -> 0)
  Optimizing lut $abc$76949$lut$aiger76948$5666.genblk1.genblk1.genblk1.genblk1.genblk1.lut0 (4 -> 0)
  Optimizing lut $abc$76949$lut$aiger76948$5678.genblk1.genblk1.genblk1.genblk1.genblk1.genblk1.genblk1.lut0 (4 -> 0)
  Optimizing lut $abc$76949$lut$aiger76948$5686.genblk1.genblk1.genblk1.genblk1.genblk1.genblk1.genblk1.lut0 (4 -> 3)
  Optimizing lut $abc$76949$lut$aiger76948$5690.genblk1.genblk1.genblk1.genblk1.genblk1.lut0 (4 -> 0)
  Optimizing lut $abc$76949$lut$aiger76948$5703.genblk1.genblk1.genblk1.genblk1.genblk1.genblk1.genblk1.lut0 (4 -> 1)
  Optimizing lut $abc$76949$lut$aiger76948$5285.genblk1.genblk1.genblk1.genblk1.genblk1.genblk1.lut1 (4 -> 1)
  Optimizing lut $abc$76949$lut$aiger76948$5712.genblk1.genblk1.genblk1.genblk1.genblk1.lut0 (4 -> 0)
  Optimizing lut $abc$76949$lut$aiger76948$5721.genblk1.genblk1.genblk1.genblk1.genblk1.genblk1.lut0 (4 -> 0)
  Optimizing lut $abc$76949$lut$aiger76948$5728.genblk1.genblk1.genblk1.genblk1.genblk1.genblk1.lut0 (4 -> 0)
  Optimizing lut $abc$76949$lut$aiger76948$5734.genblk1.genblk1.genblk1.genblk1.genblk1.genblk1.lut0 (4 -> 0)
  Optimizing lut $abc$76949$lut$aiger76948$5738.genblk1.genblk1.genblk1.genblk1.genblk1.lut0 (4 -> 0)
  Optimizing lut $abc$76949$lut$aiger76948$5749.genblk1.genblk1.genblk1.genblk1.genblk1.genblk1.genblk1.lut0 (4 -> 0)
  Optimizing lut $abc$76949$lut$aiger76948$5753.genblk1.genblk1.genblk1.genblk1.genblk1.lut0 (4 -> 0)
  Optimizing lut $abc$76949$lut$aiger76948$5761.genblk1.genblk1.genblk1.genblk1.genblk1.genblk1.genblk1.lut0 (4 -> 0)
  Optimizing lut $abc$76949$lut$aiger76948$5765.genblk1.genblk1.genblk1.genblk1.genblk1.lut0 (4 -> 0)
  Optimizing lut $abc$76949$lut$aiger76948$5773.genblk1.genblk1.genblk1.genblk1.genblk1.genblk1.lut0 (4 -> 0)
  Optimizing lut $abc$76949$lut$aiger76948$5781.genblk1.genblk1.genblk1.genblk1.genblk1.lut0 (4 -> 0)
  Optimizing lut $abc$76949$lut$aiger76948$5785.genblk1.genblk1.genblk1.genblk1.genblk1.lut1 (4 -> 0)
  Optimizing lut $abc$76949$lut$aiger76948$5795.genblk1.genblk1.genblk1.genblk1.genblk1.genblk1.genblk1.lut0 (4 -> 1)
  Optimizing lut $abc$76949$lut$aiger76948$5823.genblk1.genblk1.genblk1.genblk1.genblk1.genblk1.lut0 (4 -> 0)
  Optimizing lut $abc$76949$lut$aiger76948$5827.genblk1.genblk1.genblk1.genblk1.genblk1.lut0 (4 -> 0)
  Optimizing lut $abc$76949$lut$aiger76948$5839.genblk1.genblk1.genblk1.genblk1.genblk1.genblk1.lut0 (4 -> 0)
  Optimizing lut $abc$76949$lut$aiger76948$5843.genblk1.genblk1.genblk1.genblk1.genblk1.lut0 (4 -> 0)
  Optimizing lut $abc$76949$lut$aiger76948$5853.genblk1.genblk1.genblk1.genblk1.genblk1.genblk1.genblk1.lut0 (4 -> 3)
  Optimizing lut $abc$76949$lut$aiger76948$5857.genblk1.genblk1.genblk1.genblk1.genblk1.lut1 (4 -> 0)
  Optimizing lut $abc$76949$lut$aiger76948$5867.genblk1.genblk1.genblk1.genblk1.genblk1.genblk1.genblk1.lut0 (4 -> 0)
  Optimizing lut $abc$76949$lut$aiger76948$5872.genblk1.genblk1.genblk1.genblk1.genblk1.genblk1.lut1 (4 -> 0)
  Optimizing lut $abc$76949$lut$aiger76948$5885.genblk1.genblk1.genblk1.genblk1.genblk1.genblk1.genblk1.lut0 (4 -> 0)
  Optimizing lut $abc$76949$lut$aiger76948$5885.genblk1.genblk1.genblk1.genblk1.genblk1.genblk1.genblk1.lut1 (4 -> 0)
  Optimizing lut $abc$76949$lut$aiger76948$5915.genblk1.genblk1.genblk1.genblk1.genblk1.lut0 (4 -> 0)
  Optimizing lut $abc$76949$lut$aiger76948$5923.genblk1.genblk1.genblk1.genblk1.genblk1.lut0 (4 -> 0)
  Optimizing lut $abc$76949$lut$aiger76948$5927.genblk1.genblk1.genblk1.genblk1.genblk1.lut0 (4 -> 0)
  Optimizing lut $abc$76949$lut$aiger76948$5935.genblk1.genblk1.genblk1.genblk1.genblk1.genblk1.genblk1.lut0 (4 -> 0)
  Optimizing lut $abc$76949$lut$aiger76948$5935.genblk1.genblk1.genblk1.genblk1.genblk1.genblk1.genblk1.lut1 (4 -> 3)
  Optimizing lut $abc$76949$lut$aiger76948$5944.genblk1.genblk1.genblk1.genblk1.genblk1.lut0 (4 -> 0)
  Optimizing lut $abc$76949$lut$aiger76948$5958.genblk1.genblk1.genblk1.genblk1.genblk1.genblk1.genblk1.lut0 (4 -> 0)
  Optimizing lut $abc$76949$lut$aiger76948$5964.genblk1.genblk1.genblk1.genblk1.genblk1.genblk1.genblk1.lut0 (4 -> 0)
  Optimizing lut $abc$76949$lut$aiger76948$5964.genblk1.genblk1.genblk1.genblk1.genblk1.genblk1.genblk1.lut1 (4 -> 0)
  Optimizing lut $abc$76949$lut$aiger76948$6025.genblk1.genblk1.genblk1.genblk1.genblk1.lut0 (4 -> 0)
  Optimizing lut $abc$76949$lut$aiger76948$6031.genblk1.genblk1.genblk1.genblk1.genblk1.genblk1.lut0 (4 -> 1)
  Optimizing lut $abc$76949$lut$aiger76948$6038.genblk1.genblk1.genblk1.genblk1.genblk1.genblk1.lut0 (4 -> 0)
  Optimizing lut $abc$76949$lut$aiger76948$6042.genblk1.genblk1.genblk1.genblk1.genblk1.lut1 (4 -> 0)
  Optimizing lut $abc$76949$lut$aiger76948$6062.genblk1.genblk1.genblk1.genblk1.genblk1.genblk1.lut0 (4 -> 0)
  Optimizing lut $abc$76949$lut$aiger76948$6068.genblk1.genblk1.genblk1.genblk1.genblk1.genblk1.lut0 (4 -> 0)
  Optimizing lut $abc$76949$lut$aiger76948$6068.genblk1.genblk1.genblk1.genblk1.genblk1.genblk1.lut1 (4 -> 0)
  Optimizing lut $abc$76949$lut$aiger76948$6085.genblk1.genblk1.genblk1.genblk1.genblk1.genblk1.lut0 (4 -> 0)
  Optimizing lut $abc$76949$lut$aiger76948$6085.genblk1.genblk1.genblk1.genblk1.genblk1.genblk1.lut1 (4 -> 0)
  Optimizing lut $abc$76949$lut$aiger76948$6095.genblk1.genblk1.genblk1.genblk1.genblk1.genblk1.lut0 (4 -> 0)
  Optimizing lut $abc$76949$lut$aiger76948$6099.genblk1.genblk1.genblk1.genblk1.genblk1.lut1 (4 -> 0)
  Optimizing lut $abc$76949$lut$aiger76948$6112.genblk1.genblk1.genblk1.genblk1.genblk1.genblk1.genblk1.lut0 (4 -> 0)
  Optimizing lut $abc$76949$lut$aiger76948$6131.genblk1.genblk1.genblk1.genblk1.genblk1.genblk1.lut0 (4 -> 0)
  Optimizing lut $abc$76949$lut$aiger76948$6131.genblk1.genblk1.genblk1.genblk1.genblk1.genblk1.lut1 (4 -> 0)
  Optimizing lut $abc$76949$lut$aiger76948$6150.genblk1.genblk1.genblk1.genblk1.genblk1.genblk1.lut0 (4 -> 0)
  Optimizing lut $abc$76949$lut$aiger76948$6150.genblk1.genblk1.genblk1.genblk1.genblk1.genblk1.lut1 (4 -> 0)
  Optimizing lut $abc$76949$lut$aiger76948$6165.genblk1.genblk1.genblk1.genblk1.genblk1.genblk1.genblk1.lut0 (4 -> 0)
  Optimizing lut $abc$76949$lut$aiger76948$6171.genblk1.genblk1.genblk1.genblk1.genblk1.genblk1.lut0 (4 -> 0)
  Optimizing lut $abc$76949$lut$aiger76948$6171.genblk1.genblk1.genblk1.genblk1.genblk1.genblk1.lut1 (4 -> 0)
  Optimizing lut $abc$76949$lut$aiger76948$6180.genblk1.genblk1.genblk1.genblk1.genblk1.lut0 (4 -> 0)
  Optimizing lut $abc$76949$lut$aiger76948$6188.genblk1.genblk1.genblk1.genblk1.genblk1.genblk1.lut0 (4 -> 0)
  Optimizing lut $abc$76949$lut$aiger76948$6192.genblk1.genblk1.genblk1.genblk1.genblk1.lut1 (4 -> 0)
  Optimizing lut $abc$76949$lut$aiger76948$6199.genblk1.genblk1.genblk1.genblk1.genblk1.genblk1.genblk1.lut0 (4 -> 1)
  Optimizing lut $abc$76949$lut$aiger76948$6210.genblk1.genblk1.genblk1.genblk1.genblk1.genblk1.genblk1.lut0 (4 -> 3)
  Optimizing lut $abc$76949$lut$aiger76948$6216.genblk1.genblk1.genblk1.genblk1.genblk1.genblk1.lut0 (4 -> 0)
  Optimizing lut $abc$76949$lut$aiger76948$6216.genblk1.genblk1.genblk1.genblk1.genblk1.genblk1.lut1 (4 -> 0)
  Optimizing lut $abc$76949$lut$aiger76948$6225.genblk1.genblk1.genblk1.genblk1.genblk1.lut0 (4 -> 0)
  Optimizing lut $abc$76949$lut$aiger76948$6230.genblk1.genblk1.genblk1.genblk1.genblk1.genblk1.lut0 (4 -> 0)
  Optimizing lut $abc$76949$lut$aiger76948$6240.genblk1.genblk1.genblk1.genblk1.genblk1.genblk1.genblk1.lut0 (4 -> 0)
  Optimizing lut $abc$76949$lut$aiger76948$6246.genblk1.genblk1.genblk1.genblk1.genblk1.genblk1.lut0 (4 -> 0)
  Optimizing lut $abc$76949$lut$aiger76948$6252.genblk1.genblk1.genblk1.genblk1.genblk1.genblk1.lut0 (4 -> 0)
  Optimizing lut $abc$76949$lut$aiger76948$6252.genblk1.genblk1.genblk1.genblk1.genblk1.genblk1.lut1 (4 -> 0)
  Optimizing lut $abc$76949$lut$aiger76948$6261.genblk1.genblk1.genblk1.genblk1.genblk1.genblk1.lut0 (4 -> 0)
  Optimizing lut $abc$76949$lut$aiger76948$6275.genblk1.genblk1.genblk1.genblk1.genblk1.genblk1.genblk1.lut0 (4 -> 0)
  Optimizing lut $abc$76949$lut$aiger76948$6279.genblk1.genblk1.genblk1.genblk1.genblk1.lut1 (4 -> 0)
  Optimizing lut $abc$76949$lut$aiger76948$6291.genblk1.genblk1.genblk1.genblk1.genblk1.genblk1.lut0 (4 -> 0)
  Optimizing lut $abc$76949$lut$aiger76948$6297.genblk1.genblk1.genblk1.genblk1.genblk1.genblk1.genblk1.lut0 (4 -> 0)
  Optimizing lut $abc$76949$lut$aiger76948$6297.genblk1.genblk1.genblk1.genblk1.genblk1.genblk1.genblk1.lut1 (4 -> 0)
  Optimizing lut $abc$76949$lut$aiger76948$6031.genblk1.genblk1.genblk1.genblk1.genblk1.genblk1.lut1 (4 -> 1)
  Optimizing lut $abc$76949$lut$aiger76948$6312.genblk1.genblk1.genblk1.genblk1.genblk1.lut0 (4 -> 3)
  Optimizing lut $abc$76949$lut$aiger76948$6320.genblk1.genblk1.genblk1.genblk1.genblk1.genblk1.lut0 (4 -> 0)
  Optimizing lut $abc$76949$lut$aiger76948$6320.genblk1.genblk1.genblk1.genblk1.genblk1.genblk1.lut1 (4 -> 0)
  Optimizing lut $abc$76949$lut$aiger76948$6335.genblk1.genblk1.genblk1.genblk1.genblk1.genblk1.lut0 (4 -> 0)
  Optimizing lut $abc$76949$lut$aiger76948$6342.genblk1.genblk1.genblk1.genblk1.genblk1.genblk1.lut0 (4 -> 0)
  Optimizing lut $abc$76949$lut$aiger76948$6346.genblk1.genblk1.genblk1.genblk1.genblk1.lut1 (4 -> 0)
  Optimizing lut $abc$76949$lut$aiger76948$6356.genblk1.genblk1.genblk1.genblk1.genblk1.genblk1.lut0 (4 -> 0)
  Optimizing lut $abc$76949$lut$aiger76948$6371.genblk1.genblk1.genblk1.genblk1.genblk1.genblk1.genblk1.lut0 (4 -> 3)
  Optimizing lut $abc$76949$lut$aiger76948$6375.genblk1.genblk1.genblk1.genblk1.genblk1.lut0 (4 -> 0)
  Optimizing lut $abc$76949$lut$aiger76948$6381.genblk1.genblk1.genblk1.genblk1.genblk1.genblk1.lut0 (4 -> 0)
  Optimizing lut $abc$76949$lut$aiger76948$6385.genblk1.genblk1.genblk1.genblk1.genblk1.lut1 (4 -> 0)
  Optimizing lut $abc$76949$lut$aiger76948$6392.genblk1.genblk1.genblk1.genblk1.genblk1.genblk1.genblk1.lut0 (4 -> 1)
  Optimizing lut $abc$76949$lut$aiger76948$6409.genblk1.genblk1.genblk1.genblk1.genblk1.genblk1.lut0 (4 -> 0)
  Optimizing lut $abc$76949$lut$aiger76948$6409.genblk1.genblk1.genblk1.genblk1.genblk1.genblk1.lut1 (4 -> 0)
  Optimizing lut $abc$76949$lut$aiger76948$6416.genblk1.genblk1.genblk1.genblk1.genblk1.lut0 (4 -> 0)
  Optimizing lut $abc$76949$lut$aiger76948$6425.genblk1.genblk1.genblk1.genblk1.genblk1.genblk1.genblk1.lut0 (4 -> 0)
  Optimizing lut $abc$76949$lut$aiger76948$6425.genblk1.genblk1.genblk1.genblk1.genblk1.genblk1.genblk1.lut1 (4 -> 0)
  Optimizing lut $abc$76949$lut$aiger76948$6440.genblk1.genblk1.genblk1.genblk1.genblk1.genblk1.genblk1.lut0 (4 -> 0)
  Optimizing lut $abc$76949$lut$aiger76948$6451.genblk1.genblk1.genblk1.genblk1.genblk1.genblk1.genblk1.lut0 (4 -> 3)
  Optimizing lut $abc$76949$lut$aiger76948$6455.genblk1.genblk1.genblk1.genblk1.genblk1.lut0 (4 -> 0)
  Optimizing lut $abc$76949$lut$aiger76948$6460.genblk1.genblk1.genblk1.genblk1.genblk1.genblk1.lut0 (4 -> 0)
  Optimizing lut $abc$76949$lut$aiger76948$6460.genblk1.genblk1.genblk1.genblk1.genblk1.genblk1.lut1 (4 -> 0)
  Optimizing lut $abc$76949$lut$aiger76948$6469.genblk1.genblk1.genblk1.genblk1.genblk1.genblk1.genblk1.lut0 (4 -> 0)
  Optimizing lut $abc$76949$lut$aiger76948$6473.genblk1.genblk1.genblk1.genblk1.genblk1.lut0 (4 -> 0)
  Optimizing lut $abc$76949$lut$aiger76948$6482.genblk1.genblk1.genblk1.genblk1.genblk1.genblk1.lut0 (4 -> 2)
  Optimizing lut $abc$76949$lut$aiger76948$6486.genblk1.genblk1.genblk1.genblk1.genblk1.lut0 (4 -> 0)
  Optimizing lut $abc$76949$lut$aiger76948$6490.genblk1.genblk1.genblk1.genblk1.genblk1.lut1 (4 -> 0)
  Optimizing lut $abc$76949$lut$aiger76948$6497.genblk1.genblk1.genblk1.genblk1.genblk1.genblk1.genblk1.lut0 (4 -> 1)
  Optimizing lut $abc$76949$lut$aiger76948$6509.genblk1.genblk1.genblk1.genblk1.genblk1.genblk1.genblk1.lut0 (4 -> 0)
  Optimizing lut $abc$76949$lut$aiger76948$6527.genblk1.genblk1.genblk1.genblk1.genblk1.genblk1.genblk1.lut0 (4 -> 0)
  Optimizing lut $abc$76949$lut$aiger76948$6531.genblk1.genblk1.genblk1.genblk1.genblk1.lut0 (4 -> 0)
  Optimizing lut $abc$76949$lut$aiger76948$6541.genblk1.genblk1.genblk1.genblk1.genblk1.lut0 (4 -> 0)
  Optimizing lut $abc$76949$lut$aiger76948$6549.genblk1.genblk1.genblk1.genblk1.genblk1.genblk1.genblk1.lut0 (4 -> 0)
  Optimizing lut $abc$76949$lut$aiger76948$6553.genblk1.genblk1.genblk1.genblk1.genblk1.lut0 (4 -> 0)
  Optimizing lut $abc$76949$lut$aiger76948$6568.genblk1.genblk1.genblk1.genblk1.genblk1.genblk1.genblk1.lut0 (4 -> 0)
  Optimizing lut $abc$76949$lut$aiger76948$6576.genblk1.genblk1.genblk1.genblk1.genblk1.genblk1.genblk1.lut0 (4 -> 3)
  Optimizing lut $abc$76949$lut$aiger76948$6580.genblk1.genblk1.genblk1.genblk1.genblk1.lut0 (4 -> 0)
  Optimizing lut $abc$76949$lut$aiger76948$6584.genblk1.genblk1.genblk1.genblk1.genblk1.lut0 (4 -> 0)
  Optimizing lut $abc$76949$lut$aiger76948$6592.genblk1.genblk1.genblk1.genblk1.genblk1.genblk1.genblk1.lut0 (4 -> 0)
  Optimizing lut $abc$76949$lut$aiger76948$6596.genblk1.genblk1.genblk1.genblk1.genblk1.lut0 (4 -> 0)
  Optimizing lut $abc$76949$lut$aiger76948$8810.genblk1.genblk1.genblk1.genblk1.genblk1.lut1 (4 -> 0)
  Optimizing lut $abc$76949$lut$aiger76948$6698.genblk1.genblk1.genblk1.genblk1.genblk1.lut1 (4 -> 0)
  Optimizing lut $abc$76949$lut$aiger76948$6616.genblk1.genblk1.genblk1.genblk1.genblk1.genblk1.genblk1.lut0 (4 -> 0)
  Optimizing lut $abc$76949$lut$aiger76948$6630.genblk1.genblk1.genblk1.genblk1.genblk1.genblk1.genblk1.lut0 (4 -> 0)
  Optimizing lut $abc$76949$lut$aiger76948$6630.genblk1.genblk1.genblk1.genblk1.genblk1.genblk1.genblk1.lut1 (4 -> 0)
  Optimizing lut $abc$76949$lut\_uo_out_val_mem_io_instr_cpu_io_data_req_bits_data[4].genblk1.genblk1.genblk1.genblk1.genblk1.genblk1.genblk1.lut1 (4 -> 1)
  Optimizing lut $abc$76949$lut$aiger76948$6660.genblk1.genblk1.genblk1.genblk1.genblk1.genblk1.genblk1.lut0 (4 -> 3)
  Optimizing lut $abc$76949$lut$aiger76948$6668.genblk1.genblk1.genblk1.genblk1.genblk1.genblk1.lut0 (4 -> 0)
  Optimizing lut $abc$76949$lut$aiger76948$6672.genblk1.genblk1.genblk1.genblk1.genblk1.lut0 (4 -> 0)
  Optimizing lut $abc$76949$lut$aiger76948$6682.genblk1.genblk1.genblk1.genblk1.genblk1.genblk1.genblk1.lut0 (4 -> 0)
  Optimizing lut $abc$76949$lut$aiger76948$6688.genblk1.genblk1.genblk1.genblk1.genblk1.genblk1.lut0 (4 -> 0)
  Optimizing lut $abc$76949$lut$aiger76948$6694.genblk1.genblk1.genblk1.genblk1.genblk1.genblk1.lut0 (4 -> 0)
  Optimizing lut $abc$76949$lut$aiger76948$6704.genblk1.genblk1.genblk1.genblk1.genblk1.genblk1.lut0 (4 -> 0)
  Optimizing lut $abc$76949$lut$aiger76948$6704.genblk1.genblk1.genblk1.genblk1.genblk1.genblk1.lut1 (4 -> 0)
  Optimizing lut $abc$76949$lut$aiger76948$6720.genblk1.genblk1.genblk1.genblk1.genblk1.genblk1.genblk1.lut0 (4 -> 0)
  Optimizing lut $abc$76949$lut$aiger76948$6729.genblk1.genblk1.genblk1.genblk1.genblk1.genblk1.genblk1.lut0 (4 -> 0)
  Optimizing lut $abc$76949$lut$aiger76948$6729.genblk1.genblk1.genblk1.genblk1.genblk1.genblk1.genblk1.lut1 (4 -> 0)
  Optimizing lut $abc$76949$lut$aiger76948$6734.genblk1.genblk1.genblk1.genblk1.genblk1.lut0 (4 -> 0)
  Optimizing lut $abc$76949$lut$aiger76948$6742.genblk1.genblk1.genblk1.genblk1.genblk1.genblk1.genblk1.lut0 (4 -> 0)
  Optimizing lut $abc$76949$lut$aiger76948$6742.genblk1.genblk1.genblk1.genblk1.genblk1.genblk1.genblk1.lut1 (4 -> 0)
  Optimizing lut $abc$76949$lut$aiger76948$6756.genblk1.genblk1.genblk1.genblk1.genblk1.genblk1.genblk1.lut0 (4 -> 0)
  Optimizing lut $abc$76949$lut$aiger76948$6762.genblk1.genblk1.genblk1.genblk1.genblk1.genblk1.genblk1.lut0 (4 -> 0)
  Optimizing lut $abc$76949$lut$aiger76948$6762.genblk1.genblk1.genblk1.genblk1.genblk1.genblk1.genblk1.lut1 (4 -> 0)
  Optimizing lut $auto$abc9_ops.cc:1552:reintegrate$77136.genblk1.genblk1.genblk1.genblk1.genblk1.lut1 (4 -> 0)
  Optimizing lut $abc$76949$lut$aiger76948$6791.genblk1.genblk1.genblk1.genblk1.genblk1.genblk1.lut0 (4 -> 2)
  Optimizing lut $abc$76949$lut$aiger76948$6791.genblk1.genblk1.genblk1.genblk1.genblk1.genblk1.lut1 (4 -> 3)
  Optimizing lut $abc$76949$lut$aiger76948$6807.genblk1.genblk1.genblk1.genblk1.genblk1.genblk1.genblk1.lut0 (4 -> 0)
  Optimizing lut $abc$76949$lut$aiger76948$6811.genblk1.genblk1.genblk1.genblk1.genblk1.lut0 (4 -> 0)
  Optimizing lut $abc$76949$lut$aiger76948$8822.genblk1.genblk1.genblk1.genblk1.genblk1.lut1 (4 -> 0)
  Optimizing lut $abc$76949$lut$aiger76948$6827.genblk1.genblk1.genblk1.genblk1.genblk1.genblk1.genblk1.lut0 (4 -> 0)
  Optimizing lut $abc$76949$lut$aiger76948$6834.genblk1.genblk1.genblk1.genblk1.genblk1.genblk1.lut0 (4 -> 0)
  Optimizing lut $abc$76949$lut$aiger76948$6838.genblk1.genblk1.genblk1.genblk1.genblk1.lut0 (4 -> 0)
  Optimizing lut $abc$76949$lut$aiger76948$6842.genblk1.genblk1.genblk1.genblk1.genblk1.lut0 (4 -> 3)
  Optimizing lut $abc$76949$lut$aiger76948$6849.genblk1.genblk1.genblk1.genblk1.genblk1.lut0 (4 -> 0)
  Optimizing lut $abc$76949$lut$aiger76948$6860.genblk1.genblk1.genblk1.genblk1.genblk1.genblk1.lut0 (4 -> 0)
  Optimizing lut $abc$76949$lut$aiger76948$6864.genblk1.genblk1.genblk1.genblk1.genblk1.lut1 (4 -> 0)
  Optimizing lut $abc$76949$lut$aiger76948$6879.genblk1.genblk1.genblk1.genblk1.genblk1.genblk1.lut0 (4 -> 2)
  Optimizing lut $abc$76949$lut$aiger76948$6883.genblk1.genblk1.genblk1.genblk1.genblk1.lut0 (4 -> 0)
  Optimizing lut $abc$76949$lut$aiger76948$6894.genblk1.genblk1.genblk1.genblk1.genblk1.genblk1.genblk1.lut0 (4 -> 0)
  Optimizing lut $abc$76949$lut$aiger76948$6900.genblk1.genblk1.genblk1.genblk1.genblk1.genblk1.lut0 (4 -> 0)
  Optimizing lut $abc$76949$lut$aiger76948$6907.genblk1.genblk1.genblk1.genblk1.genblk1.genblk1.lut0 (4 -> 0)
  Optimizing lut $abc$76949$lut$aiger76948$6911.genblk1.genblk1.genblk1.genblk1.genblk1.lut0 (4 -> 0)
  Optimizing lut $abc$76949$lut$aiger76948$6924.genblk1.genblk1.genblk1.genblk1.genblk1.genblk1.genblk1.lut0 (4 -> 0)
  Optimizing lut $abc$76949$lut$aiger76948$6924.genblk1.genblk1.genblk1.genblk1.genblk1.genblk1.genblk1.lut1 (4 -> 0)
  Optimizing lut $abc$76949$lut$aiger76948$6931.genblk1.genblk1.genblk1.genblk1.genblk1.lut0 (4 -> 3)
  Optimizing lut $abc$76949$lut$aiger76948$6939.genblk1.genblk1.genblk1.genblk1.genblk1.genblk1.genblk1.lut0 (4 -> 3)
  Optimizing lut $abc$76949$lut$aiger76948$6943.genblk1.genblk1.genblk1.genblk1.genblk1.lut0 (4 -> 0)
  Optimizing lut $abc$76949$lut$aiger76948$6950.genblk1.genblk1.genblk1.genblk1.genblk1.lut0 (4 -> 0)
  Optimizing lut $abc$76949$lut$aiger76948$9006.genblk1.genblk1.genblk1.genblk1.genblk1.genblk1.genblk1.lut1 (4 -> 0)
  Optimizing lut $abc$76949$lut$aiger76948$6961.genblk1.genblk1.genblk1.genblk1.genblk1.genblk1.lut0 (4 -> 0)
  Optimizing lut $abc$76949$lut$aiger76948$6965.genblk1.genblk1.genblk1.genblk1.genblk1.lut0 (4 -> 0)
  Optimizing lut $abc$76949$lut$aiger76948$6970.genblk1.genblk1.genblk1.genblk1.genblk1.genblk1.lut0 (4 -> 0)
  Optimizing lut $abc$76949$lut$aiger76948$6970.genblk1.genblk1.genblk1.genblk1.genblk1.genblk1.lut1 (4 -> 0)
  Optimizing lut $abc$76949$lut$aiger76948$6980.genblk1.genblk1.genblk1.genblk1.genblk1.lut0 (4 -> 0)
  Optimizing lut $abc$76949$lut$aiger76948$6986.genblk1.genblk1.genblk1.genblk1.genblk1.lut0 (4 -> 3)
  Optimizing lut $abc$76949$lut$aiger76948$6112.genblk1.genblk1.genblk1.genblk1.genblk1.genblk1.genblk1.lut1 (4 -> 0)
  Optimizing lut $abc$76949$lut$aiger76948$6992.genblk1.genblk1.genblk1.genblk1.genblk1.lut1 (4 -> 0)
  Optimizing lut $abc$76949$lut$aiger76948$6997.genblk1.genblk1.genblk1.genblk1.genblk1.lut1 (4 -> 0)
  Optimizing lut $abc$76949$lut$aiger76948$7013.genblk1.genblk1.genblk1.genblk1.genblk1.lut0 (4 -> 0)
  Optimizing lut $abc$76949$lut$aiger76948$7033.genblk1.genblk1.genblk1.genblk1.genblk1.lut0 (4 -> 0)
  Optimizing lut $abc$76949$lut$aiger76948$7040.genblk1.genblk1.genblk1.genblk1.genblk1.lut0 (4 -> 0)
  Optimizing lut $abc$76949$lut$aiger76948$7045.genblk1.genblk1.genblk1.genblk1.genblk1.lut1 (4 -> 0)
  Optimizing lut $abc$76949$lut$aiger76948$7141.genblk1.genblk1.genblk1.genblk1.genblk1.genblk1.genblk1.lut0 (4 -> 0)
  Optimizing lut $abc$76949$lut$aiger76948$7141.genblk1.genblk1.genblk1.genblk1.genblk1.genblk1.genblk1.lut1 (4 -> 0)
  Optimizing lut $abc$76949$lut$aiger76948$7149.genblk1.genblk1.genblk1.genblk1.genblk1.genblk1.lut0 (4 -> 0)
  Optimizing lut $abc$76949$lut$aiger76948$7149.genblk1.genblk1.genblk1.genblk1.genblk1.genblk1.lut1 (4 -> 0)
  Optimizing lut $abc$76949$lut$aiger76948$7162.genblk1.genblk1.genblk1.genblk1.genblk1.genblk1.lut0 (4 -> 0)
  Optimizing lut $abc$76949$lut$aiger76948$7167.genblk1.genblk1.genblk1.genblk1.genblk1.genblk1.lut0 (4 -> 0)
  Optimizing lut $abc$76949$lut$aiger76948$7167.genblk1.genblk1.genblk1.genblk1.genblk1.genblk1.lut1 (4 -> 0)
  Optimizing lut $abc$76949$lut$aiger76948$7174.genblk1.genblk1.genblk1.genblk1.genblk1.lut0 (4 -> 0)
  Optimizing lut $abc$76949$lut$aiger76948$7180.genblk1.genblk1.genblk1.genblk1.genblk1.genblk1.lut0 (4 -> 0)
  Optimizing lut $abc$76949$lut$aiger76948$7184.genblk1.genblk1.genblk1.genblk1.genblk1.lut1 (4 -> 0)
  Optimizing lut $abc$76949$lut$aiger76948$7195.genblk1.genblk1.genblk1.genblk1.genblk1.genblk1.genblk1.lut0 (4 -> 0)
  Optimizing lut $abc$76949$lut$aiger76948$10028.genblk1.genblk1.genblk1.genblk1.genblk1.genblk1.genblk1.lut1 (4 -> 1)
  Optimizing lut $abc$76949$lut$aiger76948$7206.genblk1.genblk1.genblk1.genblk1.genblk1.lut0 (4 -> 0)
  Optimizing lut $abc$76949$lut$aiger76948$7214.genblk1.genblk1.genblk1.genblk1.genblk1.lut0 (4 -> 0)
  Optimizing lut $abc$76949$lut$aiger76948$7229.genblk1.genblk1.genblk1.genblk1.genblk1.lut0 (4 -> 0)
  Optimizing lut $abc$76949$lut$aiger76948$7240.genblk1.genblk1.genblk1.genblk1.genblk1.lut0 (4 -> 0)
  Optimizing lut $abc$76949$lut$aiger76948$7247.genblk1.genblk1.genblk1.genblk1.genblk1.lut0 (4 -> 0)
  Optimizing lut $abc$76949$lut$aiger76948$7254.genblk1.genblk1.genblk1.genblk1.genblk1.lut0 (4 -> 0)
  Optimizing lut $abc$76949$lut$aiger76948$7269.genblk1.genblk1.genblk1.genblk1.genblk1.genblk1.lut0 (4 -> 2)
  Optimizing lut $abc$76949$lut$aiger76948$7269.genblk1.genblk1.genblk1.genblk1.genblk1.genblk1.lut1 (4 -> 3)
  Optimizing lut $abc$76949$lut$aiger76948$7280.genblk1.genblk1.genblk1.genblk1.genblk1.lut0 (4 -> 0)
  Optimizing lut $abc$76949$lut$aiger76948$7287.genblk1.genblk1.genblk1.genblk1.genblk1.genblk1.lut0 (4 -> 0)
  Optimizing lut $abc$76949$lut$aiger76948$7292.genblk1.genblk1.genblk1.genblk1.genblk1.genblk1.lut0 (4 -> 0)
  Optimizing lut $abc$76949$lut$aiger76948$7292.genblk1.genblk1.genblk1.genblk1.genblk1.genblk1.lut1 (4 -> 0)
  Optimizing lut $abc$76949$lut$aiger76948$7302.genblk1.genblk1.genblk1.genblk1.genblk1.genblk1.genblk1.lut0 (4 -> 0)
  Optimizing lut $abc$76949$lut$aiger76948$7309.genblk1.genblk1.genblk1.genblk1.genblk1.genblk1.lut0 (4 -> 0)
  Optimizing lut $abc$76949$lut$aiger76948$7313.genblk1.genblk1.genblk1.genblk1.genblk1.lut0 (4 -> 0)
  Optimizing lut $abc$76949$lut$aiger76948$7328.genblk1.genblk1.genblk1.genblk1.genblk1.genblk1.lut0 (4 -> 2)
  Optimizing lut $abc$76949$lut$aiger76948$7328.genblk1.genblk1.genblk1.genblk1.genblk1.genblk1.lut1 (4 -> 3)
  Optimizing lut $abc$76949$lut$aiger76948$7338.genblk1.genblk1.genblk1.genblk1.genblk1.genblk1.genblk1.lut0 (4 -> 0)
  Optimizing lut $abc$76949$lut$aiger76948$7349.genblk1.genblk1.genblk1.genblk1.genblk1.genblk1.lut0 (4 -> 0)
  Optimizing lut $abc$76949$lut$aiger76948$7353.genblk1.genblk1.genblk1.genblk1.genblk1.lut1 (4 -> 0)
  Optimizing lut $abc$76949$lut$aiger76948$7363.genblk1.genblk1.genblk1.genblk1.genblk1.genblk1.genblk1.lut0 (4 -> 0)
  Optimizing lut $abc$76949$lut$aiger76948$7372.genblk1.genblk1.genblk1.genblk1.genblk1.genblk1.genblk1.lut0 (4 -> 0)
  Optimizing lut $abc$76949$lut$aiger76948$7377.genblk1.genblk1.genblk1.genblk1.genblk1.genblk1.lut0 (4 -> 0)
  Optimizing lut $abc$76949$lut$aiger76948$7377.genblk1.genblk1.genblk1.genblk1.genblk1.genblk1.lut1 (4 -> 0)
  Optimizing lut $abc$76949$lut$aiger76948$7384.genblk1.genblk1.genblk1.genblk1.genblk1.lut0 (4 -> 3)
  Optimizing lut $abc$76949$lut$aiger76948$7391.genblk1.genblk1.genblk1.genblk1.genblk1.lut0 (4 -> 0)
  Optimizing lut $abc$76949$lut$aiger76948$7399.genblk1.genblk1.genblk1.genblk1.genblk1.genblk1.lut0 (4 -> 0)
  Optimizing lut $abc$76949$lut$aiger76948$7403.genblk1.genblk1.genblk1.genblk1.genblk1.lut0 (4 -> 0)
  Optimizing lut $abc$76949$lut$aiger76948$7413.genblk1.genblk1.genblk1.genblk1.genblk1.genblk1.lut0 (4 -> 2)
  Optimizing lut $abc$76949$lut$aiger76948$7424.genblk1.genblk1.genblk1.genblk1.genblk1.genblk1.genblk1.lut0 (4 -> 0)
  Optimizing lut $abc$76949$lut$aiger76948$7424.genblk1.genblk1.genblk1.genblk1.genblk1.genblk1.genblk1.lut1 (4 -> 0)
  Optimizing lut $abc$76949$lut$aiger76948$7446.genblk1.genblk1.genblk1.genblk1.genblk1.lut0 (4 -> 3)
  Optimizing lut $abc$76949$lut$aiger76948$7456.genblk1.genblk1.genblk1.genblk1.genblk1.genblk1.genblk1.lut0 (4 -> 0)
  Optimizing lut $abc$76949$lut$aiger76948$7456.genblk1.genblk1.genblk1.genblk1.genblk1.genblk1.genblk1.lut1 (4 -> 0)
  Optimizing lut $abc$76949$lut$aiger76948$7470.genblk1.genblk1.genblk1.genblk1.genblk1.genblk1.lut0 (4 -> 0)
  Optimizing lut $abc$76949$lut$aiger76948$7478.genblk1.genblk1.genblk1.genblk1.genblk1.genblk1.lut0 (4 -> 0)
  Optimizing lut $abc$76949$lut$aiger76948$7483.genblk1.genblk1.genblk1.genblk1.genblk1.genblk1.lut0 (4 -> 0)
  Optimizing lut $abc$76949$lut$aiger76948$7487.genblk1.genblk1.genblk1.genblk1.genblk1.lut0 (4 -> 3)
  Optimizing lut $abc$76949$lut$aiger76948$7491.genblk1.genblk1.genblk1.genblk1.genblk1.lut0 (4 -> 0)
  Optimizing lut $abc$76949$lut$aiger76948$7499.genblk1.genblk1.genblk1.genblk1.genblk1.genblk1.lut0 (4 -> 0)
  Optimizing lut $abc$76949$lut$aiger76948$7503.genblk1.genblk1.genblk1.genblk1.genblk1.lut1 (4 -> 0)
  Optimizing lut $abc$76949$lut$aiger76948$7518.genblk1.genblk1.genblk1.genblk1.genblk1.genblk1.genblk1.lut0 (4 -> 0)
  Optimizing lut $abc$76949$lut$aiger76948$7518.genblk1.genblk1.genblk1.genblk1.genblk1.genblk1.genblk1.lut1 (4 -> 0)
  Optimizing lut $abc$76949$lut$aiger76948$7524.genblk1.genblk1.genblk1.genblk1.genblk1.lut0 (4 -> 3)
  Optimizing lut $abc$76949$lut$aiger76948$7549.genblk1.genblk1.genblk1.genblk1.genblk1.lut0 (4 -> 0)
  Optimizing lut $abc$76949$lut$aiger76948$7575.genblk1.genblk1.genblk1.genblk1.genblk1.lut0 (4 -> 0)
  Optimizing lut $abc$76949$lut$aiger76948$7582.genblk1.genblk1.genblk1.genblk1.genblk1.lut0 (4 -> 0)
  Optimizing lut $abc$76949$lut$aiger76948$7595.genblk1.genblk1.genblk1.genblk1.genblk1.lut0 (4 -> 0)
  Optimizing lut $abc$76949$lut$aiger76948$7603.genblk1.genblk1.genblk1.genblk1.genblk1.lut0 (4 -> 3)
  Optimizing lut $abc$76949$lut$aiger76948$7618.genblk1.genblk1.genblk1.genblk1.genblk1.genblk1.genblk1.lut0 (4 -> 0)
  Optimizing lut $abc$76949$lut$aiger76948$7622.genblk1.genblk1.genblk1.genblk1.genblk1.lut0 (4 -> 0)
  Optimizing lut $abc$76949$lut$aiger76948$7627.genblk1.genblk1.genblk1.genblk1.genblk1.genblk1.lut0 (4 -> 0)
  Optimizing lut $abc$76949$lut$aiger76948$7631.genblk1.genblk1.genblk1.genblk1.genblk1.lut0 (4 -> 0)
  Optimizing lut $abc$76949$lut$aiger76948$7641.genblk1.genblk1.genblk1.genblk1.genblk1.genblk1.genblk1.lut0 (4 -> 0)
  Optimizing lut $abc$76949$lut$aiger76948$7652.genblk1.genblk1.genblk1.genblk1.genblk1.genblk1.genblk1.lut0 (4 -> 3)
  Optimizing lut $abc$76949$lut$aiger76948$7659.genblk1.genblk1.genblk1.genblk1.genblk1.genblk1.lut0 (4 -> 0)
  Optimizing lut $abc$76949$lut$aiger76948$7659.genblk1.genblk1.genblk1.genblk1.genblk1.genblk1.lut1 (4 -> 0)
  Optimizing lut $abc$76949$lut$aiger76948$7674.genblk1.genblk1.genblk1.genblk1.genblk1.genblk1.genblk1.lut0 (4 -> 0)
  Optimizing lut $abc$76949$lut$aiger76948$7674.genblk1.genblk1.genblk1.genblk1.genblk1.genblk1.genblk1.lut1 (4 -> 3)
  Optimizing lut $abc$76949$lut$aiger76948$7683.genblk1.genblk1.genblk1.genblk1.genblk1.genblk1.genblk1.lut0 (4 -> 0)
  Optimizing lut $abc$76949$lut$aiger76948$7694.genblk1.genblk1.genblk1.genblk1.genblk1.genblk1.genblk1.lut0 (4 -> 0)
  Optimizing lut $abc$76949$lut$aiger76948$7701.genblk1.genblk1.genblk1.genblk1.genblk1.genblk1.lut0 (4 -> 0)
  Optimizing lut $abc$76949$lut$aiger76948$7707.genblk1.genblk1.genblk1.genblk1.genblk1.genblk1.genblk1.lut0 (4 -> 0)
  Optimizing lut $abc$76949$lut$aiger76948$7707.genblk1.genblk1.genblk1.genblk1.genblk1.genblk1.genblk1.lut1 (4 -> 0)
  Optimizing lut $abc$76949$lut$aiger76948$7713.genblk1.genblk1.genblk1.genblk1.genblk1.lut0 (4 -> 3)
  Optimizing lut $abc$76949$lut$aiger76948$7723.genblk1.genblk1.genblk1.genblk1.genblk1.lut1 (4 -> 0)
  Optimizing lut $abc$76949$lut$aiger76948$7734.genblk1.genblk1.genblk1.genblk1.genblk1.lut0 (4 -> 0)
  Optimizing lut $abc$76949$lut$aiger76948$7763.genblk1.genblk1.genblk1.genblk1.genblk1.lut0 (4 -> 0)
  Optimizing lut $abc$76949$lut$aiger76948$7771.genblk1.genblk1.genblk1.genblk1.genblk1.genblk1.genblk1.lut0 (4 -> 0)
  Optimizing lut $abc$76949$lut$aiger76948$7771.genblk1.genblk1.genblk1.genblk1.genblk1.genblk1.genblk1.lut1 (4 -> 0)
  Optimizing lut $abc$76949$lut$aiger76948$7820.genblk1.genblk1.genblk1.genblk1.genblk1.lut0 (4 -> 0)
  Optimizing lut $abc$76949$lut$aiger76948$7827.genblk1.genblk1.genblk1.genblk1.genblk1.lut0 (4 -> 0)
  Optimizing lut $abc$76949$lut$aiger76948$7842.genblk1.genblk1.genblk1.genblk1.genblk1.genblk1.genblk1.lut0 (4 -> 0)
  Optimizing lut $abc$76949$lut$aiger76948$7842.genblk1.genblk1.genblk1.genblk1.genblk1.genblk1.genblk1.lut1 (4 -> 0)
  Optimizing lut $abc$76949$lut$aiger76948$7848.genblk1.genblk1.genblk1.genblk1.genblk1.lut0 (4 -> 3)
  Optimizing lut $abc$76949$lut$aiger76948$7855.genblk1.genblk1.genblk1.genblk1.genblk1.lut0 (4 -> 3)
  Optimizing lut $abc$76949$lut$aiger76948$7859.genblk1.genblk1.genblk1.genblk1.genblk1.lut0 (4 -> 0)
  Optimizing lut $abc$76949$lut$aiger76948$7865.genblk1.genblk1.genblk1.genblk1.genblk1.genblk1.lut0 (4 -> 0)
  Optimizing lut $abc$76949$lut$aiger76948$7870.genblk1.genblk1.genblk1.genblk1.genblk1.genblk1.lut0 (4 -> 0)
  Optimizing lut $abc$76949$lut$aiger76948$7874.genblk1.genblk1.genblk1.genblk1.genblk1.lut0 (4 -> 3)
  Optimizing lut $abc$76949$lut$aiger76948$7884.genblk1.genblk1.genblk1.genblk1.genblk1.genblk1.genblk1.lut0 (4 -> 0)
  Optimizing lut $abc$76949$lut$aiger76948$7884.genblk1.genblk1.genblk1.genblk1.genblk1.genblk1.genblk1.lut1 (4 -> 0)
  Optimizing lut $abc$76949$lut$aiger76948$7891.genblk1.genblk1.genblk1.genblk1.genblk1.lut0 (4 -> 0)
  Optimizing lut $abc$76949$lut$aiger76948$7899.genblk1.genblk1.genblk1.genblk1.genblk1.genblk1.lut0 (4 -> 0)
  Optimizing lut $abc$76949$lut$aiger76948$7903.genblk1.genblk1.genblk1.genblk1.genblk1.lut0 (4 -> 0)
  Optimizing lut $abc$76949$lut$aiger76948$7907.genblk1.genblk1.genblk1.genblk1.genblk1.lut0 (4 -> 0)
  Optimizing lut $abc$76949$lut$aiger76948$7913.genblk1.genblk1.genblk1.genblk1.genblk1.genblk1.lut0 (4 -> 0)
  Optimizing lut $abc$76949$lut$aiger76948$7919.genblk1.genblk1.genblk1.genblk1.genblk1.genblk1.genblk1.lut0 (4 -> 3)
  Optimizing lut $abc$76949$lut$aiger76948$7924.genblk1.genblk1.genblk1.genblk1.genblk1.genblk1.lut0 (4 -> 2)
  Optimizing lut $abc$76949$lut$aiger76948$7928.genblk1.genblk1.genblk1.genblk1.genblk1.lut0 (4 -> 0)
  Optimizing lut $abc$76949$lut$aiger76948$7935.genblk1.genblk1.genblk1.genblk1.genblk1.genblk1.genblk1.lut0 (4 -> 0)
  Optimizing lut $abc$76949$lut$aiger76948$7935.genblk1.genblk1.genblk1.genblk1.genblk1.genblk1.genblk1.lut1 (4 -> 0)
  Optimizing lut $abc$76949$lut$aiger76948$7945.genblk1.genblk1.genblk1.genblk1.genblk1.genblk1.genblk1.lut0 (4 -> 0)
  Optimizing lut $abc$76949$lut$aiger76948$7951.genblk1.genblk1.genblk1.genblk1.genblk1.genblk1.genblk1.lut0 (4 -> 0)
  Optimizing lut $abc$76949$lut$aiger76948$7966.genblk1.genblk1.genblk1.genblk1.genblk1.lut0 (4 -> 0)
  Optimizing lut $abc$76949$lut$aiger76948$7970.genblk1.genblk1.genblk1.genblk1.genblk1.lut1 (4 -> 0)
  Optimizing lut $abc$76949$lut$aiger76948$7983.genblk1.genblk1.genblk1.genblk1.genblk1.lut0 (4 -> 0)
  Optimizing lut $abc$76949$lut$aiger76948$8009.genblk1.genblk1.genblk1.genblk1.genblk1.lut0 (4 -> 0)
  Optimizing lut $abc$76949$lut$aiger76948$8016.genblk1.genblk1.genblk1.genblk1.genblk1.lut0 (4 -> 0)
  Optimizing lut $abc$76949$lut$aiger76948$8021.genblk1.genblk1.genblk1.genblk1.genblk1.lut0 (4 -> 0)
  Optimizing lut $abc$76949$lut$aiger76948$8034.genblk1.genblk1.genblk1.genblk1.genblk1.genblk1.genblk1.lut0 (4 -> 3)
  Optimizing lut $abc$76949$lut$aiger76948$8038.genblk1.genblk1.genblk1.genblk1.genblk1.lut0 (4 -> 0)
  Optimizing lut $abc$76949$lut$aiger76948$8046.genblk1.genblk1.genblk1.genblk1.genblk1.genblk1.genblk1.lut0 (4 -> 0)
  Optimizing lut $abc$76949$lut$aiger76948$8046.genblk1.genblk1.genblk1.genblk1.genblk1.genblk1.genblk1.lut1 (4 -> 0)
  Optimizing lut $abc$76949$lut$aiger76948$8055.genblk1.genblk1.genblk1.genblk1.genblk1.genblk1.genblk1.lut0 (4 -> 0)
  Optimizing lut $abc$76949$lut$aiger76948$8063.genblk1.genblk1.genblk1.genblk1.genblk1.genblk1.lut0 (4 -> 0)
  Optimizing lut $abc$76949$lut$aiger76948$8067.genblk1.genblk1.genblk1.genblk1.genblk1.lut0 (4 -> 0)
  Optimizing lut $abc$76949$lut$aiger76948$8077.genblk1.genblk1.genblk1.genblk1.genblk1.genblk1.genblk1.lut0 (4 -> 0)
  Optimizing lut $abc$76949$lut$aiger76948$8083.genblk1.genblk1.genblk1.genblk1.genblk1.genblk1.lut0 (4 -> 0)
  Optimizing lut $abc$76949$lut$aiger76948$8090.genblk1.genblk1.genblk1.genblk1.genblk1.genblk1.lut0 (4 -> 0)
  Optimizing lut $abc$76949$lut$aiger76948$8094.genblk1.genblk1.genblk1.genblk1.genblk1.lut1 (4 -> 0)
  Optimizing lut $abc$76949$lut$aiger76948$8108.genblk1.genblk1.genblk1.genblk1.genblk1.genblk1.genblk1.lut0 (4 -> 0)
  Optimizing lut $abc$76949$lut$aiger76948$8108.genblk1.genblk1.genblk1.genblk1.genblk1.genblk1.genblk1.lut1 (4 -> 3)
  Optimizing lut $abc$76949$lut$aiger76948$8117.genblk1.genblk1.genblk1.genblk1.genblk1.genblk1.genblk1.lut0 (4 -> 0)
  Optimizing lut $abc$76949$lut$aiger76948$8117.genblk1.genblk1.genblk1.genblk1.genblk1.genblk1.genblk1.lut1 (4 -> 0)
  Optimizing lut $abc$76949$lut$aiger76948$8125.genblk1.genblk1.genblk1.genblk1.genblk1.genblk1.lut0 (4 -> 0)
  Optimizing lut $abc$76949$lut$aiger76948$8131.genblk1.genblk1.genblk1.genblk1.genblk1.genblk1.genblk1.lut0 (4 -> 0)
  Optimizing lut $abc$76949$lut$aiger76948$8155.genblk1.genblk1.genblk1.genblk1.genblk1.genblk1.genblk1.lut0 (4 -> 0)
  Optimizing lut $abc$76949$lut$aiger76948$8161.genblk1.genblk1.genblk1.genblk1.genblk1.genblk1.lut0 (4 -> 0)
  Optimizing lut $abc$76949$lut$aiger76948$8165.genblk1.genblk1.genblk1.genblk1.genblk1.lut0 (4 -> 3)
  Optimizing lut $abc$76949$lut$aiger76948$8174.genblk1.genblk1.genblk1.genblk1.genblk1.genblk1.genblk1.lut0 (4 -> 0)
  Optimizing lut $abc$76949$lut$aiger76948$8179.genblk1.genblk1.genblk1.genblk1.genblk1.genblk1.lut0 (4 -> 0)
  Optimizing lut $abc$76949$lut$aiger76948$8179.genblk1.genblk1.genblk1.genblk1.genblk1.genblk1.lut1 (4 -> 0)
  Optimizing lut $abc$76949$lut$aiger76948$8201.genblk1.genblk1.genblk1.genblk1.genblk1.lut0 (4 -> 0)
  Optimizing lut $abc$76949$lut$aiger76948$8208.genblk1.genblk1.genblk1.genblk1.genblk1.lut0 (4 -> 0)
  Optimizing lut $abc$76949$lut$aiger76948$8213.genblk1.genblk1.genblk1.genblk1.genblk1.lut0 (4 -> 0)
  Optimizing lut $abc$76949$lut$aiger76948$8232.genblk1.genblk1.genblk1.genblk1.genblk1.lut0 (4 -> 0)
  Optimizing lut $abc$76949$lut$aiger76948$8239.genblk1.genblk1.genblk1.genblk1.genblk1.lut0 (4 -> 0)
  Optimizing lut $abc$76949$lut$aiger76948$8253.genblk1.genblk1.genblk1.genblk1.genblk1.genblk1.genblk1.lut0 (4 -> 0)
  Optimizing lut $abc$76949$lut$aiger76948$8262.genblk1.genblk1.genblk1.genblk1.genblk1.genblk1.genblk1.lut0 (4 -> 0)
  Optimizing lut $abc$76949$lut$aiger76948$8271.genblk1.genblk1.genblk1.genblk1.genblk1.genblk1.genblk1.lut0 (4 -> 0)
  Optimizing lut $abc$76949$lut$aiger76948$8275.genblk1.genblk1.genblk1.genblk1.genblk1.lut0 (4 -> 0)
  Optimizing lut $abc$76949$lut$aiger76948$8279.genblk1.genblk1.genblk1.genblk1.genblk1.lut0 (4 -> 3)
  Optimizing lut $abc$76949$lut$aiger76948$8283.genblk1.genblk1.genblk1.genblk1.genblk1.lut0 (4 -> 0)
  Optimizing lut $abc$76949$lut$aiger76948$8287.genblk1.genblk1.genblk1.genblk1.genblk1.lut0 (4 -> 0)
  Optimizing lut $abc$76949$lut$aiger76948$8291.genblk1.genblk1.genblk1.genblk1.genblk1.lut1 (4 -> 0)
  Optimizing lut $auto$abc9_ops.cc:1552:reintegrate$77126.genblk1.genblk1.genblk1.genblk1.genblk1.lut1 (4 -> 2)
  Optimizing lut $abc$76949$lut$aiger76948$8316.genblk1.genblk1.genblk1.genblk1.genblk1.genblk1.genblk1.lut0 (4 -> 3)
  Optimizing lut $abc$76949$lut$aiger76948$8320.genblk1.genblk1.genblk1.genblk1.genblk1.lut0 (4 -> 0)
  Optimizing lut $abc$76949$lut$aiger76948$8324.genblk1.genblk1.genblk1.genblk1.genblk1.lut0 (4 -> 0)
  Optimizing lut $abc$76949$lut$aiger76948$8328.genblk1.genblk1.genblk1.genblk1.genblk1.lut0 (4 -> 0)
  Optimizing lut $abc$76949$lut$aiger76948$8332.genblk1.genblk1.genblk1.genblk1.genblk1.lut0 (4 -> 0)
  Optimizing lut $abc$76949$lut$aiger76948$8341.genblk1.genblk1.genblk1.genblk1.genblk1.genblk1.genblk1.lut0 (4 -> 0)
  Optimizing lut $abc$76949$lut$aiger76948$8341.genblk1.genblk1.genblk1.genblk1.genblk1.genblk1.genblk1.lut1 (4 -> 0)
  Optimizing lut $abc$76949$lut$aiger76948$8352.genblk1.genblk1.genblk1.genblk1.genblk1.genblk1.genblk1.lut0 (4 -> 3)
  Optimizing lut $abc$76949$lut$aiger76948$8363.genblk1.genblk1.genblk1.genblk1.genblk1.genblk1.genblk1.lut0 (4 -> 0)
  Optimizing lut $abc$76949$lut$aiger76948$8370.genblk1.genblk1.genblk1.genblk1.genblk1.genblk1.lut0 (4 -> 0)
  Optimizing lut $abc$76949$lut$aiger76948$8375.genblk1.genblk1.genblk1.genblk1.genblk1.genblk1.lut0 (4 -> 0)
  Optimizing lut $abc$76949$lut$aiger76948$8375.genblk1.genblk1.genblk1.genblk1.genblk1.genblk1.lut1 (4 -> 0)
  Optimizing lut $abc$76949$lut$aiger76948$8388.genblk1.genblk1.genblk1.genblk1.genblk1.genblk1.genblk1.lut0 (4 -> 0)
  Optimizing lut $abc$76949$lut$aiger76948$8392.genblk1.genblk1.genblk1.genblk1.genblk1.lut0 (4 -> 0)
  Optimizing lut $abc$76949$lut$aiger76948$8399.genblk1.genblk1.genblk1.genblk1.genblk1.genblk1.genblk1.lut0 (4 -> 0)
  Optimizing lut $abc$76949$lut$aiger76948$8407.genblk1.genblk1.genblk1.genblk1.genblk1.genblk1.genblk1.lut0 (4 -> 0)
  Optimizing lut $abc$76949$lut$aiger76948$8407.genblk1.genblk1.genblk1.genblk1.genblk1.genblk1.genblk1.lut1 (4 -> 0)
  Optimizing lut $abc$76949$lut$aiger76948$8413.genblk1.genblk1.genblk1.genblk1.genblk1.lut0 (4 -> 0)
  Optimizing lut $abc$76949$lut$aiger76948$8419.genblk1.genblk1.genblk1.genblk1.genblk1.lut0 (4 -> 3)
  Optimizing lut $abc$76949$lut$aiger76948$8432.genblk1.genblk1.genblk1.genblk1.genblk1.genblk1.genblk1.lut0 (4 -> 0)
  Optimizing lut $abc$76949$lut$aiger76948$8436.genblk1.genblk1.genblk1.genblk1.genblk1.lut0 (4 -> 0)
  Optimizing lut $abc$76949$lut$aiger76948$8451.genblk1.genblk1.genblk1.genblk1.genblk1.lut1 (4 -> 0)
  Optimizing lut $abc$76949$lut$aiger76948$8458.genblk1.genblk1.genblk1.genblk1.genblk1.lut0 (4 -> 3)
  Optimizing lut $abc$76949$lut$aiger76948$8472.genblk1.genblk1.genblk1.genblk1.genblk1.lut0 (4 -> 3)
  Optimizing lut $abc$76949$lut$aiger76948$8478.genblk1.genblk1.genblk1.genblk1.genblk1.lut0 (4 -> 0)
  Optimizing lut $abc$76949$lut\uo_out_val_mem.io_cpuData_req_bits_data[13].genblk1.genblk1.genblk1.genblk1.genblk1.genblk1.lut1 (4 -> 1)
  Optimizing lut $abc$76949$lut$aiger76948$8508.genblk1.genblk1.genblk1.genblk1.genblk1.genblk1.genblk1.lut0 (4 -> 0)
  Optimizing lut $abc$76949$lut$aiger76948$8508.genblk1.genblk1.genblk1.genblk1.genblk1.genblk1.genblk1.lut1 (4 -> 0)
  Optimizing lut $abc$76949$lut$aiger76948$8515.genblk1.genblk1.genblk1.genblk1.genblk1.lut0 (4 -> 0)
  Optimizing lut $abc$76949$lut$aiger76948$8520.genblk1.genblk1.genblk1.genblk1.genblk1.genblk1.lut0 (4 -> 0)
  Optimizing lut $abc$76949$lut$aiger76948$8520.genblk1.genblk1.genblk1.genblk1.genblk1.genblk1.lut1 (4 -> 0)
  Optimizing lut $abc$76949$lut$aiger76948$8531.genblk1.genblk1.genblk1.genblk1.genblk1.lut0 (4 -> 0)
  Optimizing lut $abc$76949$lut$aiger76948$8542.genblk1.genblk1.genblk1.genblk1.genblk1.genblk1.genblk1.lut0 (4 -> 3)
  Optimizing lut $abc$76949$lut$aiger76948$8542.genblk1.genblk1.genblk1.genblk1.genblk1.genblk1.genblk1.lut1 (4 -> 0)
  Optimizing lut $abc$76949$lut$aiger76948$8550.genblk1.genblk1.genblk1.genblk1.genblk1.lut1 (4 -> 0)
  Optimizing lut $abc$76949$lut$aiger76948$8557.genblk1.genblk1.genblk1.genblk1.genblk1.lut1 (4 -> 0)
  Optimizing lut $abc$76949$lut$aiger76948$8565.genblk1.genblk1.genblk1.genblk1.genblk1.genblk1.lut0 (4 -> 0)
  Optimizing lut $abc$76949$lut$aiger76948$8565.genblk1.genblk1.genblk1.genblk1.genblk1.genblk1.lut1 (4 -> 0)
  Optimizing lut $abc$76949$lut$aiger76948$8571.genblk1.genblk1.genblk1.genblk1.genblk1.lut0 (4 -> 3)
  Optimizing lut $abc$76949$lut$aiger76948$8583.genblk1.genblk1.genblk1.genblk1.genblk1.genblk1.genblk1.lut0 (4 -> 0)
  Optimizing lut $abc$76949$lut$aiger76948$8583.genblk1.genblk1.genblk1.genblk1.genblk1.genblk1.genblk1.lut1 (4 -> 0)
  Optimizing lut $abc$76949$lut$aiger76948$8598.genblk1.genblk1.genblk1.genblk1.genblk1.lut0 (4 -> 0)
  Optimizing lut $abc$76949$lut$aiger76948$8622.genblk1.genblk1.genblk1.genblk1.genblk1.genblk1.genblk1.lut0 (4 -> 3)
  Optimizing lut $abc$76949$lut$aiger76948$8629.genblk1.genblk1.genblk1.genblk1.genblk1.genblk1.lut0 (4 -> 0)
  Optimizing lut $abc$76949$lut$aiger76948$8640.genblk1.genblk1.genblk1.genblk1.genblk1.genblk1.lut0 (4 -> 0)
  Optimizing lut $abc$76949$lut$aiger76948$8644.genblk1.genblk1.genblk1.genblk1.genblk1.lut1 (4 -> 0)
  Optimizing lut $abc$76949$lut$aiger76948$8652.genblk1.genblk1.genblk1.genblk1.genblk1.genblk1.lut0 (4 -> 0)
  Optimizing lut $abc$76949$lut$aiger76948$8652.genblk1.genblk1.genblk1.genblk1.genblk1.genblk1.lut1 (4 -> 0)
  Optimizing lut $abc$76949$lut$aiger76948$8658.genblk1.genblk1.genblk1.genblk1.genblk1.lut0 (4 -> 3)
  Optimizing lut $abc$76949$lut$aiger76948$8664.genblk1.genblk1.genblk1.genblk1.genblk1.genblk1.lut0 (4 -> 0)
  Optimizing lut $abc$76949$lut$aiger76948$8668.genblk1.genblk1.genblk1.genblk1.genblk1.lut1 (4 -> 0)
  Optimizing lut $abc$76949$lut$aiger76948$8680.genblk1.genblk1.genblk1.genblk1.genblk1.lut0 (4 -> 0)
  Optimizing lut $abc$76949$lut$aiger76948$8693.genblk1.genblk1.genblk1.genblk1.genblk1.genblk1.genblk1.lut0 (4 -> 0)
  Optimizing lut $abc$76949$lut$aiger76948$8703.genblk1.genblk1.genblk1.genblk1.genblk1.genblk1.genblk1.lut0 (4 -> 0)
  Optimizing lut $abc$76949$lut$aiger76948$8708.genblk1.genblk1.genblk1.genblk1.genblk1.genblk1.lut0 (4 -> 0)
  Optimizing lut $abc$76949$lut$aiger76948$8708.genblk1.genblk1.genblk1.genblk1.genblk1.genblk1.lut1 (4 -> 0)
  Optimizing lut $abc$76949$lut$aiger76948$8714.genblk1.genblk1.genblk1.genblk1.genblk1.lut0 (4 -> 0)
  Optimizing lut $abc$76949$lut$aiger76948$8728.genblk1.genblk1.genblk1.genblk1.genblk1.genblk1.genblk1.lut0 (4 -> 3)
  Optimizing lut $abc$76949$lut$aiger76948$8732.genblk1.genblk1.genblk1.genblk1.genblk1.lut1 (4 -> 0)
  Optimizing lut $abc$76949$lut$aiger76948$8745.genblk1.genblk1.genblk1.genblk1.genblk1.genblk1.genblk1.lut0 (4 -> 0)
  Optimizing lut $abc$76949$lut$aiger76948$8764.genblk1.genblk1.genblk1.genblk1.genblk1.lut0 (4 -> 0)
  Optimizing lut $abc$76949$lut$aiger76948$8775.genblk1.genblk1.genblk1.genblk1.genblk1.lut0 (4 -> 0)
  Optimizing lut $abc$76949$lut$aiger76948$8781.genblk1.genblk1.genblk1.genblk1.genblk1.genblk1.lut0 (4 -> 0)
  Optimizing lut $abc$76949$lut$aiger76948$8785.genblk1.genblk1.genblk1.genblk1.genblk1.lut0 (4 -> 0)
  Optimizing lut $abc$76949$lut$aiger76948$8794.genblk1.genblk1.genblk1.genblk1.genblk1.genblk1.genblk1.lut0 (4 -> 3)
  Optimizing lut $abc$76949$lut$aiger76948$8802.genblk1.genblk1.genblk1.genblk1.genblk1.genblk1.genblk1.lut0 (4 -> 3)
  Optimizing lut $abc$76949$lut$aiger76948$8806.genblk1.genblk1.genblk1.genblk1.genblk1.lut0 (4 -> 0)
  Optimizing lut $abc$76949$lut$aiger76948$8818.genblk1.genblk1.genblk1.genblk1.genblk1.genblk1.lut0 (4 -> 0)
  Optimizing lut $abc$76949$lut$aiger76948$8835.genblk1.genblk1.genblk1.genblk1.genblk1.genblk1.genblk1.lut0 (4 -> 0)
  Optimizing lut $abc$76949$lut$aiger76948$8846.genblk1.genblk1.genblk1.genblk1.genblk1.lut1 (4 -> 0)
  Optimizing lut $abc$76949$lut$aiger76948$8858.genblk1.genblk1.genblk1.genblk1.genblk1.genblk1.genblk1.lut0 (4 -> 3)
  Optimizing lut $abc$76949$lut$aiger76948$8862.genblk1.genblk1.genblk1.genblk1.genblk1.lut0 (4 -> 0)
  Optimizing lut $abc$76949$lut$aiger76948$8866.genblk1.genblk1.genblk1.genblk1.genblk1.lut0 (4 -> 0)
  Optimizing lut $abc$76949$lut$aiger76948$8873.genblk1.genblk1.genblk1.genblk1.genblk1.genblk1.lut0 (4 -> 0)
  Optimizing lut $abc$76949$lut$aiger76948$8878.genblk1.genblk1.genblk1.genblk1.genblk1.genblk1.lut0 (4 -> 0)
  Optimizing lut $abc$76949$lut$aiger76948$8878.genblk1.genblk1.genblk1.genblk1.genblk1.genblk1.lut1 (4 -> 0)
  Optimizing lut $abc$76949$lut$aiger76948$8889.genblk1.genblk1.genblk1.genblk1.genblk1.genblk1.lut0 (4 -> 0)
  Optimizing lut $abc$76949$lut$aiger76948$8893.genblk1.genblk1.genblk1.genblk1.genblk1.lut0 (4 -> 0)
  Optimizing lut $abc$76949$lut$aiger76948$8900.genblk1.genblk1.genblk1.genblk1.genblk1.genblk1.lut0 (4 -> 0)
  Optimizing lut $abc$76949$lut$aiger76948$8905.genblk1.genblk1.genblk1.genblk1.genblk1.genblk1.lut1 (4 -> 0)
  Optimizing lut $abc$76949$lut$aiger76948$8915.genblk1.genblk1.genblk1.genblk1.genblk1.lut0 (4 -> 0)
  Optimizing lut $abc$76949$lut$aiger76948$8923.genblk1.genblk1.genblk1.genblk1.genblk1.genblk1.genblk1.lut0 (4 -> 0)
  Optimizing lut $abc$76949$lut$aiger76948$8923.genblk1.genblk1.genblk1.genblk1.genblk1.genblk1.genblk1.lut1 (4 -> 0)
  Optimizing lut $abc$76949$lut$aiger76948$8930.genblk1.genblk1.genblk1.genblk1.genblk1.genblk1.genblk1.lut0 (4 -> 0)
  Optimizing lut $abc$76949$lut$aiger76948$8930.genblk1.genblk1.genblk1.genblk1.genblk1.genblk1.genblk1.lut1 (4 -> 0)
  Optimizing lut $abc$76949$lut$aiger76948$8936.genblk1.genblk1.genblk1.genblk1.genblk1.lut0 (4 -> 3)
  Optimizing lut $abc$76949$lut$aiger76948$8954.genblk1.genblk1.genblk1.genblk1.genblk1.genblk1.genblk1.lut0 (4 -> 0)
  Optimizing lut $abc$76949$lut$aiger76948$8960.genblk1.genblk1.genblk1.genblk1.genblk1.genblk1.lut0 (4 -> 0)
  Optimizing lut $abc$76949$lut$aiger76948$8964.genblk1.genblk1.genblk1.genblk1.genblk1.lut0 (4 -> 0)
  Optimizing lut $abc$76949$lut$aiger76948$8971.genblk1.genblk1.genblk1.genblk1.genblk1.lut0 (4 -> 0)
  Optimizing lut $abc$76949$lut$aiger76948$8979.genblk1.genblk1.genblk1.genblk1.genblk1.genblk1.genblk1.lut0 (4 -> 0)
  Optimizing lut $abc$76949$lut$aiger76948$8988.genblk1.genblk1.genblk1.genblk1.genblk1.genblk1.genblk1.lut0 (4 -> 0)
  Optimizing lut $abc$76949$lut$aiger76948$8992.genblk1.genblk1.genblk1.genblk1.genblk1.lut0 (4 -> 0)
  Optimizing lut $abc$76949$lut$aiger76948$9000.genblk1.genblk1.genblk1.genblk1.genblk1.genblk1.lut0 (4 -> 0)
  Optimizing lut $abc$76949$lut$aiger76948$9006.genblk1.genblk1.genblk1.genblk1.genblk1.genblk1.genblk1.lut0 (4 -> 0)
  Optimizing lut $abc$76949$lut$aiger76948$9011.genblk1.genblk1.genblk1.genblk1.genblk1.genblk1.lut0 (4 -> 0)
  Optimizing lut $abc$76949$lut$aiger76948$9020.genblk1.genblk1.genblk1.genblk1.genblk1.genblk1.genblk1.lut0 (4 -> 3)
  Optimizing lut $abc$76949$lut$aiger76948$9024.genblk1.genblk1.genblk1.genblk1.genblk1.lut0 (4 -> 0)
  Optimizing lut $abc$76949$lut$aiger76948$9028.genblk1.genblk1.genblk1.genblk1.genblk1.lut0 (4 -> 0)
  Optimizing lut $abc$76949$lut$aiger76948$9036.genblk1.genblk1.genblk1.genblk1.genblk1.genblk1.lut0 (4 -> 0)
  Optimizing lut $abc$76949$lut$aiger76948$9040.genblk1.genblk1.genblk1.genblk1.genblk1.lut1 (4 -> 0)
  Optimizing lut $abc$76949$lut$aiger76948$10061.genblk1.genblk1.genblk1.genblk1.genblk1.genblk1.lut1 (4 -> 0)
  Optimizing lut $abc$76949$lut$aiger76948$9059.genblk1.genblk1.genblk1.genblk1.genblk1.genblk1.genblk1.lut0 (4 -> 0)
  Optimizing lut $abc$76949$lut$aiger76948$9063.genblk1.genblk1.genblk1.genblk1.genblk1.lut0 (4 -> 0)
  Optimizing lut $abc$76949$lut$aiger76948$9067.genblk1.genblk1.genblk1.genblk1.genblk1.lut1 (4 -> 0)
  Optimizing lut $abc$76949$lut$aiger76948$9079.genblk1.genblk1.genblk1.genblk1.genblk1.lut0 (4 -> 0)
  Optimizing lut $abc$76949$lut$aiger76948$9088.genblk1.genblk1.genblk1.genblk1.genblk1.genblk1.genblk1.lut0 (4 -> 0)
  Optimizing lut $abc$76949$lut$aiger76948$9099.genblk1.genblk1.genblk1.genblk1.genblk1.genblk1.genblk1.lut0 (4 -> 0)
  Optimizing lut $abc$76949$lut$aiger76948$9099.genblk1.genblk1.genblk1.genblk1.genblk1.genblk1.genblk1.lut1 (4 -> 0)
  Optimizing lut $abc$76949$lut$aiger76948$9112.genblk1.genblk1.genblk1.genblk1.genblk1.lut0 (4 -> 0)
  Optimizing lut $abc$76949$lut$aiger76948$9122.genblk1.genblk1.genblk1.genblk1.genblk1.lut0 (4 -> 3)
  Optimizing lut $abc$76949$lut$aiger76948$9131.genblk1.genblk1.genblk1.genblk1.genblk1.lut0 (4 -> 0)
  Optimizing lut $abc$76949$lut$aiger76948$9139.genblk1.genblk1.genblk1.genblk1.genblk1.genblk1.genblk1.lut0 (4 -> 3)
  Optimizing lut $abc$76949$lut$aiger76948$9151.genblk1.genblk1.genblk1.genblk1.genblk1.lut1 (4 -> 3)
  Optimizing lut $abc$76949$lut$aiger76948$3462.genblk1.genblk1.genblk1.genblk1.genblk1.genblk1.genblk1.lut1 (4 -> 1)
  Optimizing lut $abc$76949$lut$aiger76948$9207.genblk1.genblk1.genblk1.genblk1.genblk1.genblk1.lut1 (4 -> 0)
  Optimizing lut $abc$76949$lut$aiger76948$9214.genblk1.genblk1.genblk1.genblk1.genblk1.lut1 (4 -> 0)
  Optimizing lut $abc$76949$lut$aiger76948$9232.genblk1.genblk1.genblk1.genblk1.genblk1.lut0 (4 -> 0)
  Optimizing lut $auto$abc9_ops.cc:1552:reintegrate$77107.genblk1.genblk1.genblk1.genblk1.genblk1.lut1 (4 -> 2)
  Optimizing lut $abc$76949$lut$aiger76948$9314.genblk1.genblk1.genblk1.genblk1.genblk1.lut0 (4 -> 0)
  Optimizing lut $abc$76949$lut$aiger76948$10825.genblk1.genblk1.genblk1.genblk1.genblk1.lut1 (4 -> 0)
  Optimizing lut $abc$76949$lut$aiger76948$9336.genblk1.genblk1.genblk1.genblk1.genblk1.lut0 (4 -> 0)
  Optimizing lut $abc$76949$lut$aiger76948$10705.genblk1.genblk1.genblk1.genblk1.genblk1.lut1 (4 -> 0)
  Optimizing lut $abc$76949$lut$aiger76948$9380.genblk1.genblk1.genblk1.genblk1.genblk1.lut0 (4 -> 3)
  Optimizing lut $abc$76949$lut$aiger76948$9412.genblk1.genblk1.genblk1.genblk1.genblk1.lut0 (4 -> 3)
  Optimizing lut $abc$76949$lut$aiger76948$9412.genblk1.genblk1.genblk1.genblk1.genblk1.lut1 (4 -> 2)
  Optimizing lut $abc$76949$lut$aiger76948$9426.genblk1.genblk1.genblk1.genblk1.genblk1.lut0 (4 -> 3)
  Optimizing lut $abc$76949$lut$aiger76948$9426.genblk1.genblk1.genblk1.genblk1.genblk1.lut1 (4 -> 2)
  Optimizing lut $abc$76949$lut$aiger76948$9531.genblk1.genblk1.genblk1.genblk1.genblk1.lut1 (4 -> 0)
  Optimizing lut $abc$76949$lut$aiger76948$9563.genblk1.genblk1.genblk1.genblk1.genblk1.lut0 (4 -> 2)
  Optimizing lut $abc$76949$lut$aiger76948$9563.genblk1.genblk1.genblk1.genblk1.genblk1.lut1 (4 -> 3)
  Optimizing lut $abc$76949$lut$aiger76948$9620.genblk1.genblk1.genblk1.genblk1.genblk1.lut0 (4 -> 3)
  Optimizing lut $abc$76949$lut$aiger76948$9654.genblk1.genblk1.genblk1.genblk1.genblk1.lut0 (4 -> 3)
  Optimizing lut $abc$76949$lut$aiger76948$9227.genblk1.genblk1.genblk1.genblk1.genblk1.lut1 (4 -> 0)
  Optimizing lut $abc$76949$lut$aiger76948$9764.genblk1.genblk1.genblk1.genblk1.genblk1.genblk1.genblk1.lut0 (4 -> 0)
  Optimizing lut $abc$76949$lut$aiger76948$9764.genblk1.genblk1.genblk1.genblk1.genblk1.genblk1.genblk1.lut1 (4 -> 0)
  Optimizing lut $abc$76949$lut$aiger76948$9771.genblk1.genblk1.genblk1.genblk1.genblk1.genblk1.genblk1.lut0 (4 -> 0)
  Optimizing lut $abc$76949$lut$aiger76948$9771.genblk1.genblk1.genblk1.genblk1.genblk1.genblk1.genblk1.lut1 (4 -> 0)
  Optimizing lut $abc$76949$lut$aiger76948$9778.genblk1.genblk1.genblk1.genblk1.genblk1.genblk1.lut0 (4 -> 0)
  Optimizing lut $abc$76949$lut$aiger76948$9862.genblk1.genblk1.genblk1.genblk1.genblk1.genblk1.lut0 (4 -> 3)
  Optimizing lut $abc$76949$lut\uo_out_val_mem.io_cpuData_req_bits_data[28].genblk1.genblk1.genblk1.genblk1.genblk1.genblk1.genblk1.lut1 (4 -> 1)
  Optimizing lut $abc$76949$lut$aiger76948$9926.genblk1.genblk1.genblk1.genblk1.genblk1.lut1 (4 -> 3)
  Optimizing lut $abc$76949$lut$aiger76948$9936.genblk1.genblk1.genblk1.genblk1.genblk1.lut0 (4 -> 2)
  Optimizing lut $abc$76949$lut\uo_out_val_mem.io_cpuData_req_bits_data[15].genblk1.genblk1.genblk1.genblk1.genblk1.genblk1.genblk1.lut1 (4 -> 1)
  Optimizing lut $abc$76949$lut$aiger76948$9964.genblk1.genblk1.genblk1.genblk1.genblk1.lut0 (4 -> 3)
  Optimizing lut $abc$76949$lut$aiger76948$9970.genblk1.genblk1.genblk1.genblk1.genblk1.genblk1.genblk1.lut0 (4 -> 0)
  Optimizing lut $abc$76949$lut$flatten\uo_out_val_mem.$and$../../out/ulx3s_minimal/verilog/MemoryController.sv:148$635_Y.genblk1.genblk1.genblk1.genblk1.genblk1.lut1 (4 -> 0)
  Optimizing lut $abc$76949$lut$flatten\uo_out_val_debug_uart_tx_busy_uartTx.$procmux$1699_Y[0].genblk1.genblk1.genblk1.genblk1.genblk1.genblk1.lut1 (4 -> 1)
  Optimizing lut $abc$76949$lut$auto$rtlil.cc:3575:AndGate$23854.genblk1.genblk1.genblk1.genblk1.genblk1.lut0 (4 -> 0)
  Optimizing lut $abc$76949$lut$auto$wreduce.cc:514:run$2448.genblk1.genblk1.genblk1.genblk1.genblk1.lut0 (4 -> 2)
  Optimizing lut $abc$76949$lut$flatten\uo_out_val_debug_uart_tx_busy_uartTx.$procmux$1699_Y[5].genblk1.genblk1.genblk1.genblk1.genblk1.genblk1.lut1 (4 -> 1)
  Optimizing lut $abc$76949$lut$flatten\uo_out_val_debug_uart_tx_busy_uartTx.$procmux$1699_Y[3].genblk1.genblk1.genblk1.genblk1.genblk1.genblk1.lut1 (4 -> 1)
  Optimizing lut $abc$76949$lut$flatten\uo_out_val_debug_uart_tx_busy_uartTx.$procmux$1699_Y[4].genblk1.genblk1.genblk1.genblk1.genblk1.genblk1.lut1 (4 -> 1)
  Optimizing lut $abc$76949$lut\uo_out_val_mem_io_instr_cpu.regFile.io_wData[11].genblk1.genblk1.genblk1.genblk1.genblk1.genblk1.genblk1.lut1 (4 -> 3)
  Optimizing lut $abc$76949$lut$flatten\uo_out_val_debug_uart_tx_busy_uartTx.$procmux$1699_Y[2].genblk1.genblk1.genblk1.genblk1.genblk1.genblk1.lut1 (4 -> 1)
  Optimizing lut $abc$76949$lut\uo_out_val_mem_io_instr_cpu.regFile.io_wData[8].genblk1.genblk1.genblk1.genblk1.genblk1.genblk1.genblk1.lut1 (4 -> 3)
  Optimizing lut $abc$76949$lut\uo_out_val_mem_io_instr_cpu.regFile.io_wData[18].genblk1.genblk1.genblk1.genblk1.genblk1.lut1 (4 -> 3)
  Optimizing lut $abc$76949$lut\uo_out_val_mem_io_instr_cpu.regFile.io_wData[19].genblk1.genblk1.genblk1.genblk1.genblk1.genblk1.genblk1.lut1 (4 -> 3)
  Optimizing lut $abc$76949$lut\uo_out_val_mem_io_instr_cpu.regFile.io_wData[20].genblk1.genblk1.genblk1.genblk1.genblk1.genblk1.genblk1.lut1 (4 -> 3)
  Optimizing lut $abc$76949$lut\uo_out_val_mem_io_instr_cpu.regFile.io_wData[23].genblk1.genblk1.genblk1.genblk1.genblk1.genblk1.genblk1.lut1 (4 -> 3)
  Optimizing lut $abc$76949$lut\uo_out_val_mem_io_instr_cpu.regFile.io_wData[28].genblk1.genblk1.genblk1.genblk1.genblk1.genblk1.genblk1.lut1 (4 -> 3)
  Optimizing lut $abc$76949$lut\uo_out_val_mem_io_instr_cpu.regFile.io_wData[30].genblk1.genblk1.genblk1.genblk1.genblk1.genblk1.lut1 (4 -> 3)
  Optimizing lut $abc$76949$lut\uo_out_val_mem_io_instr_cpu.regFile.io_wData[9].genblk1.genblk1.genblk1.genblk1.genblk1.genblk1.lut1 (4 -> 3)
  Optimizing lut $abc$76949$lut\uo_out_val_mem_io_instr_cpu.regFile.io_wData[10].genblk1.genblk1.genblk1.genblk1.genblk1.genblk1.genblk1.lut1 (4 -> 3)
  Optimizing lut $abc$76949$lut\uo_out_val_mem_io_instr_cpu.regFile.io_wData[22].genblk1.genblk1.genblk1.genblk1.genblk1.genblk1.genblk1.lut1 (4 -> 3)
  Optimizing lut $abc$76949$lut\uo_out_val_mem_io_instr_cpu.regFile.io_wData[26].genblk1.genblk1.genblk1.genblk1.genblk1.genblk1.genblk1.lut1 (4 -> 3)
  Optimizing lut $abc$76949$lut$flatten\flashBoot.$procmux$1397_Y[2].genblk1.genblk1.genblk1.genblk1.genblk1.lut0 (4 -> 0)
  Optimizing lut $abc$76949$lut$flatten\flashBoot.$procmux$1459_Y[4].genblk1.genblk1.genblk1.genblk1.genblk1.lut0 (4 -> 0)
  Optimizing lut $abc$76949$lut$flatten\flashBoot.$procmux$1459_Y[7].genblk1.genblk1.genblk1.genblk1.genblk1.lut0 (4 -> 0)
  Optimizing lut $abc$76949$lut$flatten\uo_out_val_debug_uart_tx_busy_uartTx.$procmux$1699_Y[1].genblk1.genblk1.genblk1.genblk1.genblk1.genblk1.lut1 (4 -> 1)
  Optimizing lut $abc$76949$lut$flatten\uo_out_val_debug_uart_tx_busy_uartTx.$procmux$1699_Y[0].genblk1.genblk1.genblk1.genblk1.genblk1.genblk1.lut0 (4 -> 1)
  Optimizing lut $abc$76949$lut$flatten\uo_out_val_debug_uart_tx_busy_uartTx.$procmux$1699_Y[1].genblk1.genblk1.genblk1.genblk1.genblk1.genblk1.lut0 (4 -> 1)
  Optimizing lut $abc$76949$lut$flatten\uo_out_val_debug_uart_tx_busy_uartTx.$procmux$1699_Y[2].genblk1.genblk1.genblk1.genblk1.genblk1.genblk1.lut0 (4 -> 1)
  Optimizing lut $abc$76949$lut$flatten\uo_out_val_debug_uart_tx_busy_uartTx.$procmux$1699_Y[3].genblk1.genblk1.genblk1.genblk1.genblk1.genblk1.lut0 (4 -> 1)
  Optimizing lut $abc$76949$lut$flatten\uo_out_val_debug_uart_tx_busy_uartTx.$procmux$1699_Y[4].genblk1.genblk1.genblk1.genblk1.genblk1.genblk1.lut0 (4 -> 1)
  Optimizing lut $abc$76949$lut$flatten\uo_out_val_debug_uart_tx_busy_uartTx.$procmux$1699_Y[5].genblk1.genblk1.genblk1.genblk1.genblk1.genblk1.lut0 (4 -> 1)
  Optimizing lut $abc$76949$lut$flatten\uo_out_val_debug_uart_tx_busy_uartTx.$procmux$1699_Y[6].genblk1.genblk1.genblk1.genblk1.genblk1.genblk1.lut0 (4 -> 1)
  Optimizing lut $abc$76949$lut$flatten\uo_out_val_debug_uart_tx_busy_uartTx.$procmux$1699_Y[7].genblk1.genblk1.genblk1.genblk1.genblk1.lut0 (4 -> 0)
  Optimizing lut $abc$76949$lut\uo_out_val_mem_io_instr_cpu.regFile.io_wData[29].genblk1.genblk1.genblk1.genblk1.genblk1.genblk1.lut1 (4 -> 3)
  Optimizing lut $abc$76949$lut$flatten\flashBoot.$procmux$1459_Y[5].genblk1.genblk1.genblk1.genblk1.genblk1.lut1 (4 -> 0)
  Optimizing lut $abc$76949$lut\uo_out_val_mem_io_instr_cpu.regFile.io_wData[6].genblk1.genblk1.genblk1.genblk1.genblk1.genblk1.genblk1.lut1 (4 -> 3)
  Optimizing lut $abc$76949$lut$flatten\flashBoot.$procmux$1459_Y[2].genblk1.genblk1.genblk1.genblk1.genblk1.lut1 (4 -> 0)
  Optimizing lut $abc$76949$lut\_uo_out_val_mem_io_instr_cpu_io_data_req_bits_data[4].genblk1.genblk1.genblk1.genblk1.genblk1.genblk1.genblk1.lut0 (4 -> 1)
  Optimizing lut $abc$76949$lut\_uo_out_val_mem_io_instr_cpu_io_data_req_bits_data[5].genblk1.genblk1.genblk1.genblk1.genblk1.lut0 (4 -> 1)
  Optimizing lut $abc$76949$lut\uo_out_val_mem_io_instr_cpu.regFile.io_wData[5].genblk1.genblk1.genblk1.genblk1.genblk1.genblk1.genblk1.lut1 (4 -> 3)
  Optimizing lut $abc$76949$lut\_uo_out_val_mem_io_instr_cpu_io_data_req_bits_data[7].genblk1.genblk1.genblk1.genblk1.genblk1.genblk1.lut0 (4 -> 1)
  Optimizing lut $abc$76949$lut$auto$fsm_map.cc:170:map_fsm$2040[4].genblk1.genblk1.genblk1.genblk1.genblk1.lut1 (4 -> 3)
  Optimizing lut $abc$76949$lut$flatten\uo_out_val_debug_uart_tx_busy_uartTx.$procmux$1699_Y[6].genblk1.genblk1.genblk1.genblk1.genblk1.genblk1.lut1 (4 -> 1)
  Optimizing lut $auto$abc9_ops.cc:1552:reintegrate$77104.genblk1.genblk1.genblk1.genblk1.genblk1.lut1 (4 -> 3)
  Optimizing lut $abc$76949$lut\uo_out_val_mem.io_cpuData_req_bits_data[13].genblk1.genblk1.genblk1.genblk1.genblk1.genblk1.lut0 (4 -> 1)
  Optimizing lut $abc$76949$lut\uo_out_val_mem.io_cpuData_req_bits_data[15].genblk1.genblk1.genblk1.genblk1.genblk1.genblk1.genblk1.lut0 (4 -> 1)
  Optimizing lut $abc$76949$lut\uo_out_val_mem.io_cpuData_req_bits_data[23].genblk1.genblk1.genblk1.genblk1.genblk1.genblk1.lut1 (4 -> 1)
  Optimizing lut $abc$76949$lut$aiger76948$7951.genblk1.genblk1.genblk1.genblk1.genblk1.genblk1.genblk1.lut1 (4 -> 0)
  Optimizing lut $abc$76949$lut\uo_out_val_mem.io_cpuData_req_bits_data[21].genblk1.genblk1.genblk1.genblk1.genblk1.genblk1.genblk1.lut0 (4 -> 1)
  Optimizing lut $abc$76949$lut\uo_out_val_mem.io_cpuData_req_bits_data[23].genblk1.genblk1.genblk1.genblk1.genblk1.genblk1.lut0 (4 -> 1)
  Optimizing lut $abc$76949$lut\uo_out_val_mem.io_cpuData_req_bits_data[25].genblk1.genblk1.genblk1.genblk1.genblk1.genblk1.genblk1.lut0 (4 -> 1)
  Optimizing lut $abc$76949$lut\uo_out_val_mem.io_cpuData_req_bits_data[27].genblk1.genblk1.genblk1.genblk1.genblk1.genblk1.genblk1.lut0 (4 -> 1)
  Optimizing lut $abc$76949$lut\uo_out_val_mem.io_cpuData_req_bits_data[28].genblk1.genblk1.genblk1.genblk1.genblk1.genblk1.genblk1.lut0 (4 -> 1)
  Optimizing lut $abc$76949$lut\uo_out_val_mem.io_cpuData_req_bits_data[29].genblk1.genblk1.genblk1.genblk1.genblk1.lut0 (4 -> 1)
  Optimizing lut $abc$76949$lut\uo_out_val_mem.io_cpuData_req_bits_data[30].genblk1.genblk1.genblk1.genblk1.genblk1.genblk1.genblk1.lut0 (4 -> 1)
  Optimizing lut $abc$76949$lut\uo_out_val_mem_io_instr_cpu.regFile.io_wData[10].genblk1.genblk1.genblk1.genblk1.genblk1.genblk1.genblk1.lut0 (4 -> 3)
  Optimizing lut $abc$76949$lut\uo_out_val_mem_io_instr_cpu.regFile.io_wData[11].genblk1.genblk1.genblk1.genblk1.genblk1.genblk1.genblk1.lut0 (4 -> 3)
  Optimizing lut $abc$76949$lut\uo_out_val_mem_io_instr_cpu.regFile.io_wData[12].genblk1.genblk1.genblk1.genblk1.genblk1.genblk1.lut0 (4 -> 3)
  Optimizing lut $abc$76949$lut\uo_out_val_mem_io_instr_cpu.regFile.io_wData[17].genblk1.genblk1.genblk1.genblk1.genblk1.genblk1.genblk1.lut0 (4 -> 3)
  Optimizing lut $abc$76949$lut\uo_out_val_mem_io_instr_cpu.regFile.io_wData[19].genblk1.genblk1.genblk1.genblk1.genblk1.genblk1.genblk1.lut0 (4 -> 3)
  Optimizing lut $abc$76949$lut\uo_out_val_mem_io_instr_cpu.regFile.io_wData[20].genblk1.genblk1.genblk1.genblk1.genblk1.genblk1.genblk1.lut0 (4 -> 3)
  Optimizing lut $abc$76949$lut\uo_out_val_mem_io_instr_cpu.regFile.io_wData[22].genblk1.genblk1.genblk1.genblk1.genblk1.genblk1.genblk1.lut0 (4 -> 3)
  Optimizing lut $abc$76949$lut\uo_out_val_mem_io_instr_cpu.regFile.io_wData[23].genblk1.genblk1.genblk1.genblk1.genblk1.genblk1.genblk1.lut0 (4 -> 3)
  Optimizing lut $abc$76949$lut\uo_out_val_mem_io_instr_cpu.regFile.io_wData[24].genblk1.genblk1.genblk1.genblk1.genblk1.genblk1.lut0 (4 -> 3)
  Optimizing lut $abc$76949$lut\uo_out_val_mem_io_instr_cpu.regFile.io_wData[26].genblk1.genblk1.genblk1.genblk1.genblk1.genblk1.genblk1.lut0 (4 -> 3)
  Optimizing lut $abc$76949$lut\uo_out_val_mem_io_instr_cpu.regFile.io_wData[28].genblk1.genblk1.genblk1.genblk1.genblk1.genblk1.genblk1.lut0 (4 -> 3)
  Optimizing lut $abc$76949$lut\uo_out_val_mem_io_instr_cpu.regFile.io_wData[29].genblk1.genblk1.genblk1.genblk1.genblk1.genblk1.lut0 (4 -> 3)
  Optimizing lut $abc$76949$lut\uo_out_val_mem_io_instr_cpu.regFile.io_wData[30].genblk1.genblk1.genblk1.genblk1.genblk1.genblk1.lut0 (4 -> 3)
  Optimizing lut $abc$76949$lut\uo_out_val_mem_io_instr_cpu.regFile.io_wData[5].genblk1.genblk1.genblk1.genblk1.genblk1.genblk1.genblk1.lut0 (4 -> 3)
  Optimizing lut $abc$76949$lut\uo_out_val_mem_io_instr_cpu.regFile.io_wData[6].genblk1.genblk1.genblk1.genblk1.genblk1.genblk1.genblk1.lut0 (4 -> 3)
  Optimizing lut $abc$76949$lut\uo_out_val_mem_io_instr_cpu.regFile.io_wData[8].genblk1.genblk1.genblk1.genblk1.genblk1.genblk1.genblk1.lut0 (4 -> 3)
  Optimizing lut $abc$76949$lut\uo_out_val_mem_io_instr_cpu.regFile.io_wData[9].genblk1.genblk1.genblk1.genblk1.genblk1.genblk1.lut0 (4 -> 3)
  Optimizing lut $abc$76949$lut$aiger76948$9778.genblk1.genblk1.genblk1.genblk1.genblk1.genblk1.lut1 (4 -> 0)
  Optimizing lut $auto$abc9_ops.cc:1552:reintegrate$76954.genblk1.genblk1.genblk1.genblk1.genblk1.lut0 (4 -> 3)
  Optimizing lut $abc$76949$lut$aiger76948$9668.genblk1.genblk1.genblk1.genblk1.genblk1.lut1 (4 -> 0)
  Optimizing lut $auto$abc9_ops.cc:1552:reintegrate$77119.genblk1.genblk1.genblk1.genblk1.genblk1.lut1 (4 -> 3)
  Optimizing lut $auto$abc9_ops.cc:1552:reintegrate$76975.genblk1.genblk1.genblk1.genblk1.genblk1.lut1 (4 -> 0)
  Optimizing lut $auto$abc9_ops.cc:1552:reintegrate$76977.genblk1.genblk1.genblk1.genblk1.genblk1.lut0 (4 -> 2)
  Optimizing lut $auto$abc9_ops.cc:1552:reintegrate$76986.genblk1.genblk1.genblk1.genblk1.genblk1.lut1 (4 -> 3)
  Optimizing lut $abc$76949$lut$aiger76948$3197.genblk1.genblk1.genblk1.genblk1.genblk1.lut1 (4 -> 0)
  Optimizing lut $auto$abc9_ops.cc:1552:reintegrate$77003.genblk1.genblk1.genblk1.genblk1.genblk1.genblk1.lut1 (4 -> 0)
  Optimizing lut $auto$abc9_ops.cc:1552:reintegrate$77003.genblk1.genblk1.genblk1.genblk1.genblk1.genblk1.lut0 (4 -> 3)
  Optimizing lut $auto$abc9_ops.cc:1552:reintegrate$77004.genblk1.genblk1.genblk1.genblk1.genblk1.genblk1.lut0 (4 -> 3)
  Optimizing lut $auto$abc9_ops.cc:1552:reintegrate$77005.genblk1.genblk1.genblk1.genblk1.genblk1.genblk1.lut0 (4 -> 3)
  Optimizing lut $auto$abc9_ops.cc:1552:reintegrate$77006.genblk1.genblk1.genblk1.genblk1.genblk1.genblk1.lut0 (4 -> 3)
  Optimizing lut $auto$abc9_ops.cc:1552:reintegrate$77007.genblk1.genblk1.genblk1.genblk1.genblk1.genblk1.lut0 (4 -> 3)
  Optimizing lut $auto$abc9_ops.cc:1552:reintegrate$77008.genblk1.genblk1.genblk1.genblk1.genblk1.genblk1.lut0 (4 -> 3)
  Optimizing lut $auto$abc9_ops.cc:1552:reintegrate$77009.genblk1.genblk1.genblk1.genblk1.genblk1.genblk1.lut0 (4 -> 3)
  Optimizing lut $auto$abc9_ops.cc:1552:reintegrate$77010.genblk1.genblk1.genblk1.genblk1.genblk1.genblk1.lut0 (4 -> 3)
  Optimizing lut $auto$abc9_ops.cc:1552:reintegrate$77011.genblk1.genblk1.genblk1.genblk1.genblk1.genblk1.lut0 (4 -> 3)
  Optimizing lut $auto$abc9_ops.cc:1552:reintegrate$77013.genblk1.genblk1.genblk1.genblk1.genblk1.genblk1.lut0 (4 -> 3)
  Optimizing lut $auto$abc9_ops.cc:1552:reintegrate$77015.genblk1.genblk1.genblk1.genblk1.genblk1.genblk1.lut0 (4 -> 3)
  Optimizing lut $auto$abc9_ops.cc:1552:reintegrate$77018.genblk1.genblk1.genblk1.genblk1.genblk1.genblk1.lut0 (4 -> 3)
  Optimizing lut $auto$abc9_ops.cc:1552:reintegrate$77020.genblk1.genblk1.genblk1.genblk1.genblk1.genblk1.lut0 (4 -> 3)
  Optimizing lut $auto$abc9_ops.cc:1552:reintegrate$77022.genblk1.genblk1.genblk1.genblk1.genblk1.genblk1.lut0 (4 -> 3)
  Optimizing lut $auto$abc9_ops.cc:1552:reintegrate$77023.genblk1.genblk1.genblk1.genblk1.genblk1.genblk1.lut0 (4 -> 3)
  Optimizing lut $auto$abc9_ops.cc:1552:reintegrate$77025.genblk1.genblk1.genblk1.genblk1.genblk1.genblk1.lut0 (4 -> 3)
  Optimizing lut $auto$abc9_ops.cc:1552:reintegrate$77029.genblk1.genblk1.genblk1.genblk1.genblk1.genblk1.lut0 (4 -> 3)
  Optimizing lut $auto$abc9_ops.cc:1552:reintegrate$77032.genblk1.genblk1.genblk1.genblk1.genblk1.genblk1.lut1 (4 -> 0)
  Optimizing lut $auto$abc9_ops.cc:1552:reintegrate$77032.genblk1.genblk1.genblk1.genblk1.genblk1.genblk1.lut0 (4 -> 3)
  Optimizing lut $auto$abc9_ops.cc:1552:reintegrate$77035.genblk1.genblk1.genblk1.genblk1.genblk1.genblk1.lut0 (4 -> 3)
  Optimizing lut $auto$abc9_ops.cc:1552:reintegrate$77037.genblk1.genblk1.genblk1.genblk1.genblk1.lut1 (4 -> 3)
  Optimizing lut $auto$abc9_ops.cc:1552:reintegrate$77039.genblk1.genblk1.genblk1.genblk1.genblk1.lut1 (4 -> 2)
  Optimizing lut $auto$abc9_ops.cc:1552:reintegrate$77040.genblk1.genblk1.genblk1.genblk1.genblk1.genblk1.lut0 (4 -> 3)
  Optimizing lut $auto$abc9_ops.cc:1552:reintegrate$77042.genblk1.genblk1.genblk1.genblk1.genblk1.genblk1.lut0 (4 -> 3)
  Optimizing lut $auto$abc9_ops.cc:1552:reintegrate$77044.genblk1.genblk1.genblk1.genblk1.genblk1.lut1 (4 -> 2)
  Optimizing lut $auto$abc9_ops.cc:1552:reintegrate$77047.genblk1.genblk1.genblk1.genblk1.genblk1.lut1 (4 -> 3)
  Optimizing lut $auto$abc9_ops.cc:1552:reintegrate$77049.genblk1.genblk1.genblk1.genblk1.genblk1.lut1 (4 -> 2)
  Optimizing lut $auto$abc9_ops.cc:1552:reintegrate$77050.genblk1.genblk1.genblk1.genblk1.genblk1.genblk1.lut0 (4 -> 3)
  Optimizing lut $auto$abc9_ops.cc:1552:reintegrate$77051.genblk1.genblk1.genblk1.genblk1.genblk1.genblk1.lut0 (4 -> 3)
  Optimizing lut $auto$abc9_ops.cc:1552:reintegrate$77053.genblk1.genblk1.genblk1.genblk1.genblk1.lut1 (4 -> 2)
  Optimizing lut $auto$abc9_ops.cc:1552:reintegrate$77056.genblk1.genblk1.genblk1.genblk1.genblk1.lut1 (4 -> 3)
  Optimizing lut $auto$abc9_ops.cc:1552:reintegrate$77058.genblk1.genblk1.genblk1.genblk1.genblk1.lut1 (4 -> 2)
  Optimizing lut $auto$abc9_ops.cc:1552:reintegrate$77060.genblk1.genblk1.genblk1.genblk1.genblk1.genblk1.lut1 (4 -> 0)
  Optimizing lut $auto$abc9_ops.cc:1552:reintegrate$77060.genblk1.genblk1.genblk1.genblk1.genblk1.genblk1.lut0 (4 -> 3)
  Optimizing lut $auto$abc9_ops.cc:1552:reintegrate$77064.genblk1.genblk1.genblk1.genblk1.genblk1.genblk1.lut0 (4 -> 3)
  Optimizing lut $auto$abc9_ops.cc:1552:reintegrate$77067.genblk1.genblk1.genblk1.genblk1.genblk1.lut1 (4 -> 2)
  Optimizing lut $auto$abc9_ops.cc:1552:reintegrate$77078.genblk1.genblk1.genblk1.genblk1.genblk1.genblk1.lut1 (4 -> 0)
  Optimizing lut $auto$abc9_ops.cc:1552:reintegrate$77078.genblk1.genblk1.genblk1.genblk1.genblk1.genblk1.lut0 (4 -> 3)
  Optimizing lut $auto$abc9_ops.cc:1552:reintegrate$77081.genblk1.genblk1.genblk1.genblk1.genblk1.lut0 (4 -> 3)
  Optimizing lut $auto$abc9_ops.cc:1552:reintegrate$77082.genblk1.genblk1.genblk1.genblk1.genblk1.genblk1.lut0 (4 -> 3)
  Optimizing lut $auto$abc9_ops.cc:1552:reintegrate$77091.genblk1.genblk1.genblk1.genblk1.genblk1.genblk1.lut1 (4 -> 0)
  Optimizing lut $auto$abc9_ops.cc:1552:reintegrate$77091.genblk1.genblk1.genblk1.genblk1.genblk1.genblk1.lut0 (4 -> 3)
  Optimizing lut $auto$abc9_ops.cc:1552:reintegrate$77094.genblk1.genblk1.genblk1.genblk1.genblk1.lut1 (4 -> 3)
  Optimizing lut $auto$abc9_ops.cc:1552:reintegrate$77098.genblk1.genblk1.genblk1.genblk1.genblk1.lut1 (4 -> 2)
  Optimizing lut $auto$abc9_ops.cc:1552:reintegrate$77111.genblk1.genblk1.genblk1.genblk1.genblk1.lut0 (4 -> 1)
  Optimizing lut $auto$abc9_ops.cc:1552:reintegrate$77112.genblk1.genblk1.genblk1.genblk1.genblk1.genblk1.lut0 (4 -> 3)
  Optimizing lut $auto$abc9_ops.cc:1552:reintegrate$77125.genblk1.genblk1.genblk1.genblk1.genblk1.genblk1.lut1 (4 -> 0)
  Optimizing lut $auto$abc9_ops.cc:1552:reintegrate$77125.genblk1.genblk1.genblk1.genblk1.genblk1.genblk1.lut0 (4 -> 3)
  Optimizing lut $auto$abc9_ops.cc:1552:reintegrate$77135.genblk1.genblk1.genblk1.genblk1.genblk1.lut0 (4 -> 2)
  Optimizing lut $auto$abc9_ops.cc:1552:reintegrate$77146.genblk1.genblk1.genblk1.genblk1.genblk1.lut0 (4 -> 1)
  Optimizing lut $abc$76949$lut$aiger76948$7195.genblk1.genblk1.genblk1.genblk1.genblk1.genblk1.genblk1.lut1 (4 -> 0)
  Optimizing lut $abc$76949$lut$aiger76948$7338.genblk1.genblk1.genblk1.genblk1.genblk1.genblk1.genblk1.lut1 (4 -> 0)
  Optimizing lut $abc$76949$lut$aiger76948$8835.genblk1.genblk1.genblk1.genblk1.genblk1.genblk1.genblk1.lut1 (4 -> 0)
  Optimizing lut $abc$76949$lut$aiger76948$8745.genblk1.genblk1.genblk1.genblk1.genblk1.genblk1.genblk1.lut1 (4 -> 0)
  Optimizing lut $auto$abc9_ops.cc:1552:reintegrate$77165.genblk1.genblk1.genblk1.genblk1.genblk1.genblk1.lut0 (4 -> 2)
  Optimizing lut $auto$abc9_ops.cc:1552:reintegrate$77168.genblk1.genblk1.genblk1.genblk1.genblk1.genblk1.lut0 (4 -> 2)
  Optimizing lut $auto$abc9_ops.cc:1552:reintegrate$77169.genblk1.genblk1.genblk1.genblk1.genblk1.genblk1.genblk1.lut0 (4 -> 0)
Removed 0 unused cells and 7853 unused wires.

12.48. Executing AUTONAME pass.
Renamed 20023 objects in module ulx3s_minimal_top (2572 iterations).
<suppressed ~20023 debug messages>

12.49. Executing HIERARCHY pass (managing design hierarchy).
Attribute `top' found on module `ulx3s_minimal_top'. Setting top module to ulx3s_minimal_top.

12.49.1. Analyzing design hierarchy..
Top module:  \ulx3s_minimal_top

12.49.2. Analyzing design hierarchy..
Top module:  \ulx3s_minimal_top
Removed 0 unused modules.

12.50. Printing statistics.

=== ulx3s_minimal_top ===

        +----------Local Count, excluding submodules.
        | 
     8642 wires
    15814 wire bits
     8642 public wires
    15814 public wire bits
       35 ports
       64 port bits
       27 cells
        9   $scopeinfo
        1   EHXPLLL
       16   TRELLIS_IO
        1   USRMCLK
    11682 submodules
      250   CCU2C
     1110   L6MUX21
     6409   LUT4
     2204   PFUMX
     1709   TRELLIS_FF

=== design hierarchy ===

        +----------Count including submodules.
        | 
       27 ulx3s_minimal_top

        +----------Count including submodules.
        | 
     8642 wires
    15814 wire bits
     8642 public wires
    15814 public wire bits
       35 ports
       64 port bits
        - memories
        - memory bits
        - processes
       27 cells
        9   $scopeinfo
        1   EHXPLLL
       16   TRELLIS_IO
        1   USRMCLK
    11682 submodules
      250   CCU2C
     1110   L6MUX21
     6409   LUT4
     2204   PFUMX
     1709   TRELLIS_FF

12.51. Executing CHECK pass (checking for obvious problems).
Checking module ulx3s_minimal_top...
Found and reported 0 problems.

12.52. Executing JSON backend.

13. Printing statistics.

=== ulx3s_minimal_top ===

        +----------Local Count, excluding submodules.
        | 
     8642 wires
    15814 wire bits
     8642 public wires
    15814 public wire bits
       35 ports
       64 port bits
    11709 cells
        9   $scopeinfo
      250   CCU2C
        1   EHXPLLL
     1110   L6MUX21
     6409   LUT4
     2204   PFUMX
     1709   TRELLIS_FF
       16   TRELLIS_IO
        1   USRMCLK

End of script. Logfile hash: 9b53801807, CPU: user 33.68s system 0.91s, MEM: 1297.25 MB peak
Yosys 0.62 (git sha1 v0.62, g++ 15.2.0 -fPIC -O3)
Time spent: 72% 1x autoname (27 sec), 7% 1x abc9_exe (2 sec), ...
